seed,replication,N,L,counts,releases,arrival_rate,h_F,h_S,threshold,max_platoon_size,method,partition,number_of_platoons,ordering_variable_count,vehicle_level_ordering_variable_count,formation_time_ms,formation_repetitions,model_build_time_s,solve_time_s,end_to_end_time_s,status,objective,actual_optimality_gap,actual_gap_reference,terminal_mip_gap,node_count,partition_specific_upper_bound,scaled_partition_specific_upper_bound,rule_level_upper_bound,scaled_rule_level_upper_bound,np_pp_chp_delay_order_holds,matching_chp_objective
10090335541577908271,0,8,4,"[2, 2, 2, 2]","[[4, 13], [3, 5], [3, 10], [5, 5]]",0.4,1,2,,1,NP,"[[1, 1], [1, 1], [1, 1], [1, 1]]",8,24,24,0.000936,20,0.011409002356231213,0.026101112365722656,0.03757387960548258,OPTIMAL,2.625,0.0,exact_enumeration,0.0,161.0,0.0,0,0.0,0,,
10090335541577908271,0,8,4,"[2, 2, 2, 2]","[[4, 13], [3, 5], [3, 10], [5, 5]]",0.4,1,2,2,,CHP,"[[1, 1], [2], [1, 1], [2]]",6,13,24,0.001257,20,0.004237143322825432,0.010451078414916992,0.014736947318048,OPTIMAL,2.625,0.0,exact_enumeration,0.0,38.0,0.625,5,4.375,35,,
10090335541577908271,0,8,4,"[2, 2, 2, 2]","[[4, 13], [3, 5], [3, 10], [5, 5]]",0.4,1,2,2,2,PP,"[[1, 1], [2], [1, 1], [2]]",6,13,24,0.00337,20,0.004522194154560566,0.010080099105834961,0.014662283016319276,OPTIMAL,2.625,0.0,exact_enumeration,0.0,38.0,0.625,5,2.5,20,True,2.625
10090335541577908271,0,8,4,"[2, 2, 2, 2]","[[4, 13], [3, 5], [3, 10], [5, 5]]",0.4,1,2,2,3,PP,"[[1, 1], [2], [1, 1], [2]]",6,13,24,0.0037005,20,0.004550186917185783,0.0100860595703125,0.014696866629291058,OPTIMAL,2.625,0.0,exact_enumeration,0.0,38.0,0.625,5,3.125,25,True,2.625
10090335541577908271,0,8,4,"[2, 2, 2, 2]","[[4, 13], [3, 5], [3, 10], [5, 5]]",0.4,1,2,3,,CHP,"[[1, 1], [2], [1, 1], [2]]",6,13,24,0.003555,20,0.004588454030454159,0.01023101806640625,0.014879876889460087,OPTIMAL,2.625,0.0,exact_enumeration,0.0,38.0,0.625,5,10.5,84,,
10090335541577908271,0,8,4,"[2, 2, 2, 2]","[[4, 13], [3, 5], [3, 10], [5, 5]]",0.4,1,2,3,2,PP,"[[1, 1], [2], [1, 1], [2]]",6,13,24,0.003976,20,0.004564267583191395,0.01002192497253418,0.014647666548837184,OPTIMAL,2.625,0.0,exact_enumeration,0.0,38.0,0.625,5,6.0,48,True,2.625
10090335541577908271,0,8,4,"[2, 2, 2, 2]","[[4, 13], [3, 5], [3, 10], [5, 5]]",0.4,1,2,3,3,PP,"[[1, 1], [2], [1, 1], [2]]",6,13,24,0.00365,20,0.004786494188010693,0.010013103485107422,0.014860714001262187,OPTIMAL,2.625,0.0,exact_enumeration,0.0,38.0,0.625,5,7.5,60,True,2.625
5614894019028137893,1,8,4,"[2, 2, 2, 2]","[[4, 7], [3, 10], [6, 7], [0, 1]]",0.4,1,2,,1,NP,"[[1, 1], [1, 1], [1, 1], [1, 1]]",8,24,24,0.0009665,20,0.004202401265501976,0.007423877716064453,0.011685235212997436,OPTIMAL,1.0,0.0,exact_enumeration,0.0,1.0,0.0,0,0.0,0,,
5614894019028137893,1,8,4,"[2, 2, 2, 2]","[[4, 7], [3, 10], [6, 7], [0, 1]]",0.4,1,2,2,,CHP,"[[1, 1], [1, 1], [2], [2]]",6,13,24,0.003751,20,0.004527422599494457,0.0009698867797851562,0.005558556509746074,OPTIMAL,1.0,0.0,exact_enumeration,0.0,1.0,0.0,0,4.375,35,,
5614894019028137893,1,8,4,"[2, 2, 2, 2]","[[4, 7], [3, 10], [6, 7], [0, 1]]",0.4,1,2,2,2,PP,"[[1, 1], [1, 1], [2], [2]]",6,13,24,0.0034205,20,0.00438005942851305,0.0009741783142089844,0.0054141671712594035,OPTIMAL,1.0,0.0,exact_enumeration,0.0,1.0,0.0,0,2.5,20,True,1.0
5614894019028137893,1,8,4,"[2, 2, 2, 2]","[[4, 7], [3, 10], [6, 7], [0, 1]]",0.4,1,2,2,3,PP,"[[1, 1], [1, 1], [2], [2]]",6,13,24,0.00325,20,0.003626040183007717,0.00074005126953125,0.0044126144246459005,OPTIMAL,1.0,0.0,exact_enumeration,0.0,1.0,0.0,0,3.125,25,True,1.0
5614894019028137893,1,8,4,"[2, 2, 2, 2]","[[4, 7], [3, 10], [6, 7], [0, 1]]",0.4,1,2,3,,CHP,"[[2], [1, 1], [2], [2]]",5,9,24,0.001117,20,0.003086264245212078,0.0007359981536865234,0.0038672595933241845,OPTIMAL,1.125,0.125,exact_enumeration,0.0,1.0,1.5,12,10.5,84,,
5614894019028137893,1,8,4,"[2, 2, 2, 2]","[[4, 7], [3, 10], [6, 7], [0, 1]]",0.4,1,2,3,2,PP,"[[2], [1, 1], [2], [2]]",5,9,24,0.0011165,20,0.0030915122479200363,0.0007138252258300781,0.003850133933822155,OPTIMAL,1.125,0.125,exact_enumeration,0.0,1.0,1.5,12,6.0,48,True,1.125
5614894019028137893,1,8,4,"[2, 2, 2, 2]","[[4, 7], [3, 10], [6, 7], [0, 1]]",0.4,1,2,3,3,PP,"[[2], [1, 1], [2], [2]]",5,9,24,0.001126,20,0.003056138753890991,0.0007219314575195312,0.0038219597500691416,OPTIMAL,1.125,0.125,exact_enumeration,0.0,1.0,1.5,12,7.5,60,True,1.125
15633632879917000470,2,8,4,"[2, 2, 2, 2]","[[4, 4], [0, 4], [10, 11], [1, 2]]",0.4,1,2,,1,NP,"[[1, 1], [1, 1], [1, 1], [1, 1]]",8,24,24,0.0009565,20,0.004148108884692192,0.003358125686645508,0.007562304878658294,OPTIMAL,1.125,0.0,exact_enumeration,0.0,1.0,0.0,0,0.0,0,,
15633632879917000470,2,8,4,"[2, 2, 2, 2]","[[4, 4], [0, 4], [10, 11], [1, 2]]",0.4,1,2,2,,CHP,"[[2], [1, 1], [2], [2]]",5,9,24,0.003926,20,0.0048049818724393845,0.002318859100341797,0.007185139237345218,OPTIMAL,1.125,0.0,exact_enumeration,0.0,1.0,0.0,0,4.375,35,,
15633632879917000470,2,8,4,"[2, 2, 2, 2]","[[4, 4], [0, 4], [10, 11], [1, 2]]",0.4,1,2,2,2,PP,"[[2], [1, 1], [2], [2]]",5,9,24,0.0011665,20,0.004702305421233177,0.002321958541870117,0.007082717977313042,OPTIMAL,1.125,0.0,exact_enumeration,0.0,1.0,0.0,0,2.5,20,True,1.125
15633632879917000470,2,8,4,"[2, 2, 2, 2]","[[4, 4], [0, 4], [10, 11], [1, 2]]",0.4,1,2,2,3,PP,"[[2], [1, 1], [2], [2]]",5,9,24,0.001107,20,0.003083079122006893,0.002070188522338867,0.00519779010880661,OPTIMAL,1.125,0.0,exact_enumeration,0.0,1.0,0.0,0,3.125,25,True,1.125
15633632879917000470,2,8,4,"[2, 2, 2, 2]","[[4, 4], [0, 4], [10, 11], [1, 2]]",0.4,1,2,3,,CHP,"[[2], [1, 1], [2], [2]]",5,9,24,0.001091,20,0.003059783950448036,0.0020599365234375,0.005163924258509636,OPTIMAL,1.125,0.0,exact_enumeration,0.0,1.0,0.0,0,10.5,84,,
15633632879917000470,2,8,4,"[2, 2, 2, 2]","[[4, 4], [0, 4], [10, 11], [1, 2]]",0.4,1,2,3,2,PP,"[[2], [1, 1], [2], [2]]",5,9,24,0.0036005,20,0.004601594060659409,0.002318859100341797,0.006980294368637085,OPTIMAL,1.125,0.0,exact_enumeration,0.0,1.0,0.0,0,6.0,48,True,1.125
15633632879917000470,2,8,4,"[2, 2, 2, 2]","[[4, 4], [0, 4], [10, 11], [1, 2]]",0.4,1,2,3,3,PP,"[[2], [1, 1], [2], [2]]",5,9,24,0.001157,20,0.003927345387637615,0.002318143844604492,0.006302390544945717,OPTIMAL,1.125,0.0,exact_enumeration,0.0,1.0,0.0,0,7.5,60,True,1.125
4207984890178760656,0,8,4,"[2, 2, 2, 2]","[[2, 3], [1, 1], [3, 7], [3, 4]]",0.7,1,2,,1,NP,"[[1, 1], [1, 1], [1, 1], [1, 1]]",8,24,24,0.000916,20,0.003403894603252411,0.03234601020812988,0.035793508912912365,OPTIMAL,3.0,0.0,exact_enumeration,0.0,176.0,0.0,0,0.0,0,,
4207984890178760656,0,8,4,"[2, 2, 2, 2]","[[2, 3], [1, 1], [3, 7], [3, 4]]",0.7,1,2,2,,CHP,"[[2], [2], [1, 1], [2]]",5,9,24,0.00351,20,0.004646472632884979,0.009029865264892578,0.013743895882556438,OPTIMAL,3.0,0.0,exact_enumeration,0.0,31.0,0.0,0,4.375,35,,
4207984890178760656,0,8,4,"[2, 2, 2, 2]","[[2, 3], [1, 1], [3, 7], [3, 4]]",0.7,1,2,2,2,PP,"[[2], [2], [1, 1], [2]]",5,9,24,0.001192,20,0.00456855446100235,0.00905299186706543,0.01367901349463892,OPTIMAL,3.0,0.0,exact_enumeration,0.0,31.0,0.0,0,2.5,20,True,3.0
4207984890178760656,0,8,4,"[2, 2, 2, 2]","[[2, 3], [1, 1], [3, 7], [3, 4]]",0.7,1,2,2,3,PP,"[[2], [2], [1, 1], [2]]",5,9,24,0.001132,20,0.0030767591670155525,0.008686065673828125,0.011806522939116477,OPTIMAL,3.0,0.0,exact_enumeration,0.0,31.0,0.0,0,3.125,25,True,3.0
4207984890178760656,0,8,4,"[2, 2, 2, 2]","[[2, 3], [1, 1], [3, 7], [3, 4]]",0.7,1,2,3,,CHP,"[[2], [2], [1, 1], [2]]",5,9,24,0.0010565,20,0.003069818951189518,0.008682966232299805,0.01179731302730465,OPTIMAL,3.0,0.0,exact_enumeration,0.0,31.0,0.0,0,10.5,84,,
4207984890178760656,0,8,4,"[2, 2, 2, 2]","[[2, 3], [1, 1], [3, 7], [3, 4]]",0.7,1,2,3,2,PP,"[[2], [2], [1, 1], [2]]",5,9,24,0.0010965,20,0.0030591627582907677,0.008717060089111328,0.01182045914038086,OPTIMAL,3.0,0.0,exact_enumeration,0.0,31.0,0.0,0,6.0,48,True,3.0
4207984890178760656,0,8,4,"[2, 2, 2, 2]","[[2, 3], [1, 1], [3, 7], [3, 4]]",0.7,1,2,3,3,PP,"[[2], [2], [1, 1], [2]]",5,9,24,0.001082,20,0.0030951686203479767,0.008936882019042969,0.012077542756361484,OPTIMAL,3.0,0.0,exact_enumeration,0.0,31.0,0.0,0,7.5,60,True,3.0
16248851039218987387,1,8,4,"[2, 2, 2, 2]","[[2, 6], [1, 4], [2, 4], [4, 7]]",0.7,1,2,,1,NP,"[[1, 1], [1, 1], [1, 1], [1, 1]]",8,24,24,0.0010065,20,0.0035768961533904076,0.027534961700439453,0.03115677155661011,OPTIMAL,2.75,0.0,exact_enumeration,0.0,192.0,0.0,0,0.0,0,,
16248851039218987387,1,8,4,"[2, 2, 2, 2]","[[2, 6], [1, 4], [2, 4], [4, 7]]",0.7,1,2,2,,CHP,"[[1, 1], [1, 1], [2], [1, 1]]",7,18,24,0.0029545,20,0.0037696473300457,0.013121843338012695,0.016936926515976905,OPTIMAL,2.75,0.0,exact_enumeration,0.0,80.0,0.625,5,4.375,35,,
16248851039218987387,1,8,4,"[2, 2, 2, 2]","[[2, 6], [1, 4], [2, 4], [4, 7]]",0.7,1,2,2,2,PP,"[[1, 1], [1, 1], [2], [1, 1]]",7,18,24,0.0035305,20,0.0034649576991796494,0.013126134872436523,0.016637429451113225,OPTIMAL,2.75,0.0,exact_enumeration,0.0,80.0,0.625,5,2.5,20,True,2.75
16248851039218987387,1,8,4,"[2, 2, 2, 2]","[[2, 6], [1, 4], [2, 4], [4, 7]]",0.7,1,2,2,3,PP,"[[1, 1], [1, 1], [2], [1, 1]]",7,18,24,0.003831,20,0.004650739021599293,0.013516902923583984,0.01822938537684059,OPTIMAL,2.75,0.0,exact_enumeration,0.0,80.0,0.625,5,3.125,25,True,2.75
16248851039218987387,1,8,4,"[2, 2, 2, 2]","[[2, 6], [1, 4], [2, 4], [4, 7]]",0.7,1,2,3,,CHP,"[[1, 1], [2], [2], [2]]",5,9,24,0.0038155,20,0.004470996558666229,0.011087894439697266,0.015619124157288552,OPTIMAL,3.75,1.0,exact_enumeration,0.0,47.0,3.625,29,10.5,84,,
16248851039218987387,1,8,4,"[2, 2, 2, 2]","[[2, 6], [1, 4], [2, 4], [4, 7]]",0.7,1,2,3,2,PP,"[[1, 1], [2], [2], [2]]",5,9,24,0.00333,20,0.003876117989420891,0.01176905632019043,0.015696757063524722,OPTIMAL,3.75,1.0,exact_enumeration,0.0,47.0,3.625,29,6.0,48,True,3.75
16248851039218987387,1,8,4,"[2, 2, 2, 2]","[[2, 6], [1, 4], [2, 4], [4, 7]]",0.7,1,2,3,3,PP,"[[1, 1], [2], [2], [2]]",5,9,24,0.00335,20,0.0037567270919680595,0.010879039764404297,0.0146823637514472,OPTIMAL,3.75,1.0,exact_enumeration,0.0,47.0,3.625,29,7.5,60,True,3.75
14373591200640028097,2,8,4,"[2, 2, 2, 2]","[[2, 4], [2, 3], [3, 4], [2, 3]]",0.7,1,2,,1,NP,"[[1, 1], [1, 1], [1, 1], [1, 1]]",8,24,24,0.000931,20,0.0033655166625976562,0.07041406631469727,0.07382488032210445,OPTIMAL,4.125,0.0,exact_enumeration,0.0,594.0,0.0,0,0.0,0,,
14373591200640028097,2,8,4,"[2, 2, 2, 2]","[[2, 4], [2, 3], [3, 4], [2, 3]]",0.7,1,2,2,,CHP,"[[2], [2], [2], [2]]",4,6,24,0.0036005,20,0.004647203721106052,0.006737947463989258,0.01144506131060171,OPTIMAL,4.125,0.0,exact_enumeration,0.0,32.0,0.625,5,4.375,35,,
14373591200640028097,2,8,4,"[2, 2, 2, 2]","[[2, 4], [2, 3], [3, 4], [2, 3]]",0.7,1,2,2,2,PP,"[[2], [2], [2], [2]]",4,6,24,0.003801,20,0.004482855089008808,0.006708860397338867,0.011252630774558544,OPTIMAL,4.125,0.0,exact_enumeration,0.0,32.0,0.625,5,2.5,20,True,4.125
14373591200640028097,2,8,4,"[2, 2, 2, 2]","[[2, 4], [2, 3], [3, 4], [2, 3]]",0.7,1,2,2,3,PP,"[[2], [2], [2], [2]]",4,6,24,0.00331,20,0.0044441260397434235,0.006669044494628906,0.011173200873134136,OPTIMAL,4.125,0.0,exact_enumeration,0.0,32.0,0.625,5,3.125,25,True,4.125
14373591200640028097,2,8,4,"[2, 2, 2, 2]","[[2, 4], [2, 3], [3, 4], [2, 3]]",0.7,1,2,3,,CHP,"[[2], [2], [2], [2]]",4,6,24,0.003645,20,0.004598348401486874,0.006688833236694336,0.011347227533299923,OPTIMAL,4.125,0.0,exact_enumeration,0.0,32.0,0.625,5,10.5,84,,
14373591200640028097,2,8,4,"[2, 2, 2, 2]","[[2, 4], [2, 3], [3, 4], [2, 3]]",0.7,1,2,3,2,PP,"[[2], [2], [2], [2]]",4,6,24,0.00324,20,0.004265597090125084,0.006891965866088867,0.011217557753911018,OPTIMAL,4.125,0.0,exact_enumeration,0.0,32.0,0.625,5,6.0,48,True,4.125
14373591200640028097,2,8,4,"[2, 2, 2, 2]","[[2, 4], [2, 3], [3, 4], [2, 3]]",0.7,1,2,3,3,PP,"[[2], [2], [2], [2]]",4,6,24,0.001092,20,0.0030357874929904938,0.006392002105712891,0.009472054919294834,OPTIMAL,4.125,0.0,exact_enumeration,0.0,32.0,0.625,5,7.5,60,True,4.125
8767885486576300976,0,8,4,"[2, 2, 2, 2]","[[2, 3], [1, 2], [2, 4], [0, 1]]",1.0,1,2,,1,NP,"[[1, 1], [1, 1], [1, 1], [1, 1]]",8,24,24,0.0009465,20,0.003364936448633671,0.027060985565185547,0.030476002298888208,OPTIMAL,3.125,0.0,exact_enumeration,0.0,122.0,0.0,0,0.0,0,,
8767885486576300976,0,8,4,"[2, 2, 2, 2]","[[2, 3], [1, 2], [2, 4], [0, 1]]",1.0,1,2,2,,CHP,"[[2], [2], [2], [2]]",4,6,24,0.0033555,20,0.0042094821110367775,0.004248142242431641,0.008504152242737293,OPTIMAL,3.125,0.0,exact_enumeration,0.0,11.0,0.625,5,4.375,35,,
8767885486576300976,0,8,4,"[2, 2, 2, 2]","[[2, 3], [1, 2], [2, 4], [0, 1]]",1.0,1,2,2,2,PP,"[[2], [2], [2], [2]]",4,6,24,0.001122,20,0.0030315807089209557,0.004262208938598633,0.0073382200098843576,OPTIMAL,3.125,0.0,exact_enumeration,0.0,11.0,0.625,5,2.5,20,True,3.125
8767885486576300976,0,8,4,"[2, 2, 2, 2]","[[2, 3], [1, 2], [2, 4], [0, 1]]",1.0,1,2,2,3,PP,"[[2], [2], [2], [2]]",4,6,24,0.001157,20,0.0030084261670708656,0.004241943359375,0.0072953508415169715,OPTIMAL,3.125,0.0,exact_enumeration,0.0,11.0,0.625,5,3.125,25,True,3.125
8767885486576300976,0,8,4,"[2, 2, 2, 2]","[[2, 3], [1, 2], [2, 4], [0, 1]]",1.0,1,2,3,,CHP,"[[2], [2], [2], [2]]",4,6,24,0.003245,20,0.0038230782374739647,0.004266023635864258,0.008136116240377427,OPTIMAL,3.125,0.0,exact_enumeration,0.0,11.0,0.625,5,10.5,84,,
8767885486576300976,0,8,4,"[2, 2, 2, 2]","[[2, 3], [1, 2], [2, 4], [0, 1]]",1.0,1,2,3,2,PP,"[[2], [2], [2], [2]]",4,6,24,0.00333,20,0.0036129504442214966,0.004273891448974609,0.007934055812911987,OPTIMAL,3.125,0.0,exact_enumeration,0.0,11.0,0.625,5,6.0,48,True,3.125
8767885486576300976,0,8,4,"[2, 2, 2, 2]","[[2, 3], [1, 2], [2, 4], [0, 1]]",1.0,1,2,3,3,PP,"[[2], [2], [2], [2]]",4,6,24,0.001107,20,0.0030439412221312523,0.004284858703613281,0.00737348909694624,OPTIMAL,3.125,0.0,exact_enumeration,0.0,11.0,0.625,5,7.5,60,True,3.125
17927957233692357348,1,8,4,"[2, 2, 2, 2]","[[1, 2], [2, 2], [3, 3], [0, 2]]",1.0,1,2,,1,NP,"[[1, 1], [1, 1], [1, 1], [1, 1]]",8,24,24,0.0009465,20,0.0035330085083842278,0.04537200927734375,0.048949451462027074,OPTIMAL,3.625,0.0,exact_enumeration,0.0,314.0,0.0,0,0.0,0,,
17927957233692357348,1,8,4,"[2, 2, 2, 2]","[[1, 2], [2, 2], [3, 3], [0, 2]]",1.0,1,2,2,,CHP,"[[2], [2], [2], [2]]",4,6,24,0.003866,20,0.004134258255362511,0.00500178337097168,0.009202087378028393,OPTIMAL,4.0,0.375,exact_enumeration,0.0,27.0,0.625,5,4.375,35,,
17927957233692357348,1,8,4,"[2, 2, 2, 2]","[[1, 2], [2, 2], [3, 3], [0, 2]]",1.0,1,2,2,2,PP,"[[2], [2], [2], [2]]",4,6,24,0.0038005,20,0.004268800839781761,0.004976034164428711,0.009304326731527328,OPTIMAL,4.0,0.375,exact_enumeration,0.0,27.0,0.625,5,2.5,20,True,4.0
17927957233692357348,1,8,4,"[2, 2, 2, 2]","[[1, 2], [2, 2], [3, 3], [0, 2]]",1.0,1,2,2,3,PP,"[[2], [2], [2], [2]]",4,6,24,0.0011315,20,0.003048807382583618,0.0046901702880859375,0.00778350321471119,OPTIMAL,4.0,0.375,exact_enumeration,0.0,27.0,0.625,5,3.125,25,True,4.0
17927957233692357348,1,8,4,"[2, 2, 2, 2]","[[1, 2], [2, 2], [3, 3], [0, 2]]",1.0,1,2,3,,CHP,"[[2], [2], [2], [2]]",4,6,24,0.001242,20,0.003331395797431469,0.005234956741333008,0.008616252417997837,OPTIMAL,4.0,0.375,exact_enumeration,0.0,27.0,0.625,5,10.5,84,,
17927957233692357348,1,8,4,"[2, 2, 2, 2]","[[1, 2], [2, 2], [3, 3], [0, 2]]",1.0,1,2,3,2,PP,"[[2], [2], [2], [2]]",4,6,24,0.003075,20,0.0036563659086823463,0.004937887191772461,0.008644895400953293,OPTIMAL,4.0,0.375,exact_enumeration,0.0,27.0,0.625,5,6.0,48,True,4.0
17927957233692357348,1,8,4,"[2, 2, 2, 2]","[[1, 2], [2, 2], [3, 3], [0, 2]]",1.0,1,2,3,3,PP,"[[2], [2], [2], [2]]",4,6,24,0.0011115,20,0.0030374107882380486,0.0046999454498291016,0.007781230345403195,OPTIMAL,4.0,0.375,exact_enumeration,0.0,27.0,0.625,5,7.5,60,True,4.0
3254255214991610470,2,8,4,"[2, 2, 2, 2]","[[0, 0], [0, 0], [2, 2], [1, 2]]",1.0,1,2,,1,NP,"[[1, 1], [1, 1], [1, 1], [1, 1]]",8,24,24,0.0009415,20,0.0033687204122543335,0.041261911392211914,0.044674575261703965,OPTIMAL,4.125,0.0,exact_enumeration,0.0,349.0,0.0,0,0.0,0,,
3254255214991610470,2,8,4,"[2, 2, 2, 2]","[[0, 0], [0, 0], [2, 2], [1, 2]]",1.0,1,2,2,,CHP,"[[2], [2], [2], [2]]",4,6,24,0.00326,20,0.0033532483503222466,0.0007798671722412109,0.004178970491836071,OPTIMAL,4.125,0.0,exact_enumeration,0.0,1.0,0.0,0,4.375,35,,
3254255214991610470,2,8,4,"[2, 2, 2, 2]","[[0, 0], [0, 0], [2, 2], [1, 2]]",1.0,1,2,2,2,PP,"[[2], [2], [2], [2]]",4,6,24,0.003425,20,0.004181139171123505,0.0008440017700195312,0.005076091332125663,OPTIMAL,4.125,0.0,exact_enumeration,0.0,1.0,0.0,0,2.5,20,True,4.125
3254255214991610470,2,8,4,"[2, 2, 2, 2]","[[0, 0], [0, 0], [2, 2], [1, 2]]",1.0,1,2,2,3,PP,"[[2], [2], [2], [2]]",4,6,24,0.0011365,20,0.003024020232260227,0.0007710456848144531,0.0038395880792131422,OPTIMAL,4.125,0.0,exact_enumeration,0.0,1.0,0.0,0,3.125,25,True,4.125
3254255214991610470,2,8,4,"[2, 2, 2, 2]","[[0, 0], [0, 0], [2, 2], [1, 2]]",1.0,1,2,3,,CHP,"[[2], [2], [2], [2]]",4,6,24,0.0011265,20,0.003032212145626545,0.0007750988006591797,0.003850534157980919,OPTIMAL,4.125,0.0,exact_enumeration,0.0,1.0,0.0,0,10.5,84,,
3254255214991610470,2,8,4,"[2, 2, 2, 2]","[[0, 0], [0, 0], [2, 2], [1, 2]]",1.0,1,2,3,2,PP,"[[2], [2], [2], [2]]",4,6,24,0.003265,20,0.0033547701314091682,0.0007660388946533203,0.004167227788879871,OPTIMAL,4.125,0.0,exact_enumeration,0.0,1.0,0.0,0,6.0,48,True,4.125
3254255214991610470,2,8,4,"[2, 2, 2, 2]","[[0, 0], [0, 0], [2, 2], [1, 2]]",1.0,1,2,3,3,PP,"[[2], [2], [2], [2]]",4,6,24,0.00339,20,0.0032764822244644165,0.0007770061492919922,0.004100771606698036,OPTIMAL,4.125,0.0,exact_enumeration,0.0,1.0,0.0,0,7.5,60,True,4.125
13684777053113107035,0,12,4,"[3, 3, 3, 3]","[[6, 8, 8], [2, 2, 9], [3, 5, 10], [2, 3, 7]]",0.4,1,2,,1,NP,"[[1, 1, 1], [1, 1, 1], [1, 1, 1], [1, 1, 1]]",12,54,54,0.002854,20,0.004569546319544315,0.7877180576324463,0.7923377616882005,OPTIMAL,3.9166666666666665,0.0,np_gurobi_optimal,0.0,4808.0,0.0,0,0.0,0,,
13684777053113107035,0,12,4,"[3, 3, 3, 3]","[[6, 8, 8], [2, 2, 9], [3, 5, 10], [2, 3, 7]]",0.4,1,2,2,,CHP,"[[3], [2, 1], [2, 1], [2, 1]]",7,18,54,0.00355,20,0.004523255862295628,0.02085590362548828,0.025427682123589517,OPTIMAL,3.9166666666666665,0.0,np_gurobi_optimal,0.0,145.0,1.5,18,8.25,99,,
13684777053113107035,0,12,4,"[3, 3, 3, 3]","[[6, 8, 8], [2, 2, 9], [3, 5, 10], [2, 3, 7]]",0.4,1,2,2,2,PP,"[[2, 1], [2, 1], [2, 1], [2, 1]]",8,24,54,0.0043615,20,0.004782537929713726,0.04147982597351074,0.04632450372443104,OPTIMAL,3.9166666666666665,0.0,np_gurobi_optimal,0.0,225.0,1.5,18,4.5,54,True,3.9166666666666665
13684777053113107035,0,12,4,"[3, 3, 3, 3]","[[6, 8, 8], [2, 2, 9], [3, 5, 10], [2, 3, 7]]",0.4,1,2,2,3,PP,"[[3], [2, 1], [2, 1], [2, 1]]",7,18,54,0.004352,20,0.004502985626459122,0.021185874938964844,0.02575044140631151,OPTIMAL,3.9166666666666665,0.0,np_gurobi_optimal,0.0,145.0,1.5,18,6.0,72,True,3.9166666666666665
13684777053113107035,0,12,4,"[3, 3, 3, 3]","[[6, 8, 8], [2, 2, 9], [3, 5, 10], [2, 3, 7]]",0.4,1,2,3,,CHP,"[[3], [2, 1], [2, 1], [2, 1]]",7,18,54,0.003761,20,0.004624458961188793,0.021665096282958984,0.026349766499362947,OPTIMAL,3.9166666666666665,0.0,np_gurobi_optimal,0.0,145.0,1.5,18,18.333333333333332,220,,
13684777053113107035,0,12,4,"[3, 3, 3, 3]","[[6, 8, 8], [2, 2, 9], [3, 5, 10], [2, 3, 7]]",0.4,1,2,3,2,PP,"[[2, 1], [2, 1], [2, 1], [2, 1]]",8,24,54,0.004242,20,0.0047276439145207405,0.04169511795043945,0.04648321383895111,OPTIMAL,3.9166666666666665,0.0,np_gurobi_optimal,0.0,225.0,1.5,18,10.0,120,True,3.9166666666666665
13684777053113107035,0,12,4,"[3, 3, 3, 3]","[[6, 8, 8], [2, 2, 9], [3, 5, 10], [2, 3, 7]]",0.4,1,2,3,3,PP,"[[3], [2, 1], [2, 1], [2, 1]]",7,18,54,0.0042165,20,0.004564328119158745,0.02161121368408203,0.026237391338125707,OPTIMAL,3.9166666666666665,0.0,np_gurobi_optimal,0.0,145.0,1.5,18,13.333333333333334,160,True,3.9166666666666665
9807421015536704312,1,12,4,"[3, 3, 3, 3]","[[4, 8, 11], [2, 3, 3], [3, 5, 9], [10, 15, 16]]",0.4,1,2,,1,NP,"[[1, 1, 1], [1, 1, 1], [1, 1, 1], [1, 1, 1]]",12,54,54,0.00291,20,0.005344497971236706,0.04646706581115723,0.051871919621441366,OPTIMAL,2.0,0.0,np_gurobi_optimal,0.0,188.0,0.0,0,0.0,0,,
9807421015536704312,1,12,4,"[3, 3, 3, 3]","[[4, 8, 11], [2, 3, 3], [3, 5, 9], [10, 15, 16]]",0.4,1,2,2,,CHP,"[[1, 1, 1], [3], [2, 1], [1, 2]]",8,23,54,0.003986,20,0.00480111688375473,0.010744810104370117,0.015606767437337398,OPTIMAL,2.0,0.0,np_gurobi_optimal,0.0,46.0,0.75,9,8.25,99,,
9807421015536704312,1,12,4,"[3, 3, 3, 3]","[[4, 8, 11], [2, 3, 3], [3, 5, 9], [10, 15, 16]]",0.4,1,2,2,2,PP,"[[1, 1, 1], [2, 1], [2, 1], [1, 2]]",9,30,54,0.0037655,20,0.004108589142560959,0.018342971801757812,0.02250335847478199,OPTIMAL,2.0,0.0,np_gurobi_optimal,0.0,92.0,0.75,9,4.5,54,True,2.0
9807421015536704312,1,12,4,"[3, 3, 3, 3]","[[4, 8, 11], [2, 3, 3], [3, 5, 9], [10, 15, 16]]",0.4,1,2,2,3,PP,"[[1, 1, 1], [3], [2, 1], [1, 2]]",8,23,54,0.0043165,20,0.004868047311902046,0.010720968246459961,0.015651033079794884,OPTIMAL,2.0,0.0,np_gurobi_optimal,0.0,46.0,0.75,9,6.0,72,True,2.0
9807421015536704312,1,12,4,"[3, 3, 3, 3]","[[4, 8, 11], [2, 3, 3], [3, 5, 9], [10, 15, 16]]",0.4,1,2,3,,CHP,"[[1, 2], [3], [2, 1], [1, 2]]",7,18,54,0.004076,20,0.004567242227494717,0.008838176727294922,0.013466421115840435,OPTIMAL,2.0,0.0,np_gurobi_optimal,0.0,14.0,2.25,27,18.333333333333332,220,,
9807421015536704312,1,12,4,"[3, 3, 3, 3]","[[4, 8, 11], [2, 3, 3], [3, 5, 9], [10, 15, 16]]",0.4,1,2,3,2,PP,"[[1, 2], [2, 1], [2, 1], [1, 2]]",8,24,54,0.0012715,20,0.003457034006714821,0.00999593734741211,0.013497988006779194,OPTIMAL,2.0,0.0,np_gurobi_optimal,0.0,40.0,2.25,27,10.0,120,True,2.0
9807421015536704312,1,12,4,"[3, 3, 3, 3]","[[4, 8, 11], [2, 3, 3], [3, 5, 9], [10, 15, 16]]",0.4,1,2,3,3,PP,"[[1, 2], [3], [2, 1], [1, 2]]",7,18,54,0.003801,20,0.00504233967512846,0.009057998657226562,0.014164861564219951,OPTIMAL,2.0,0.0,np_gurobi_optimal,0.0,14.0,2.25,27,13.333333333333334,160,True,2.0
7561945095186169731,2,12,4,"[3, 3, 3, 3]","[[3, 6, 15], [5, 7, 14], [0, 0, 0], [6, 7, 13]]",0.4,1,2,,1,NP,"[[1, 1, 1], [1, 1, 1], [1, 1, 1], [1, 1, 1]]",12,54,54,0.0009565,20,0.004264503717422485,0.028985023498535156,0.03329936883789921,OPTIMAL,1.75,0.0,np_gurobi_optimal,0.0,44.0,0.0,0,0.0,0,,
7561945095186169731,2,12,4,"[3, 3, 3, 3]","[[3, 6, 15], [5, 7, 14], [0, 0, 0], [6, 7, 13]]",0.4,1,2,2,,CHP,"[[1, 1, 1], [2, 1], [3], [2, 1]]",8,23,54,0.0034405,20,0.0038654617965221405,0.010364055633544922,0.014276291438141346,OPTIMAL,1.75,0.0,np_gurobi_optimal,0.0,14.0,0.75,9,8.25,99,,
7561945095186169731,2,12,4,"[3, 3, 3, 3]","[[3, 6, 15], [5, 7, 14], [0, 0, 0], [6, 7, 13]]",0.4,1,2,2,2,PP,"[[1, 1, 1], [2, 1], [2, 1], [2, 1]]",9,30,54,0.004517,20,0.004791680723428726,0.006834983825683594,0.011687662537972451,OPTIMAL,1.75,0.0,np_gurobi_optimal,0.0,12.0,0.75,9,4.5,54,True,1.75
7561945095186169731,2,12,4,"[3, 3, 3, 3]","[[3, 6, 15], [5, 7, 14], [0, 0, 0], [6, 7, 13]]",0.4,1,2,2,3,PP,"[[1, 1, 1], [2, 1], [3], [2, 1]]",8,23,54,0.0012865,20,0.004255971871316433,0.010610818862915039,0.014925451361440658,OPTIMAL,1.75,0.0,np_gurobi_optimal,0.0,14.0,0.75,9,6.0,72,True,1.75
7561945095186169731,2,12,4,"[3, 3, 3, 3]","[[3, 6, 15], [5, 7, 14], [0, 0, 0], [6, 7, 13]]",0.4,1,2,3,,CHP,"[[2, 1], [2, 1], [3], [2, 1]]",7,18,54,0.003585,20,0.004894946701824665,0.004257917404174805,0.009213472124598027,OPTIMAL,1.8333333333333333,0.08333333333333326,np_gurobi_optimal,0.0,5.0,2.4166666666666665,29,18.333333333333332,220,,
7561945095186169731,2,12,4,"[3, 3, 3, 3]","[[3, 6, 15], [5, 7, 14], [0, 0, 0], [6, 7, 13]]",0.4,1,2,3,2,PP,"[[2, 1], [2, 1], [2, 1], [2, 1]]",8,24,54,0.0031845,20,0.004357646219432354,0.00632786750793457,0.010732429410180568,OPTIMAL,1.8333333333333333,0.08333333333333326,np_gurobi_optimal,0.0,1.0,2.4166666666666665,29,10.0,120,True,1.8333333333333333
7561945095186169731,2,12,4,"[3, 3, 3, 3]","[[3, 6, 15], [5, 7, 14], [0, 0, 0], [6, 7, 13]]",0.4,1,2,3,3,PP,"[[2, 1], [2, 1], [3], [2, 1]]",7,18,54,0.0037305,20,0.004237503744661808,0.0040149688720703125,0.008299758279579163,OPTIMAL,1.8333333333333333,0.08333333333333326,np_gurobi_optimal,0.0,5.0,2.4166666666666665,29,13.333333333333334,160,True,1.8333333333333333
16777210500540875060,0,12,4,"[3, 3, 3, 3]","[[3, 4, 5], [6, 7, 8], [1, 5, 6], [3, 3, 6]]",0.7,1,2,,1,NP,"[[1, 1, 1], [1, 1, 1], [1, 1, 1], [1, 1, 1]]",12,54,54,0.0009965,20,0.003934667445719242,0.16349196434020996,0.1674722228047695,OPTIMAL,3.9166666666666665,0.0,np_gurobi_optimal,0.0,1327.0,0.0,0,0.0,0,,
16777210500540875060,0,12,4,"[3, 3, 3, 3]","[[3, 4, 5], [6, 7, 8], [1, 5, 6], [3, 3, 6]]",0.7,1,2,2,,CHP,"[[3], [3], [1, 2], [2, 1]]",6,13,54,0.0035405,20,0.004022128880023956,0.011207818984985352,0.015276582523181915,OPTIMAL,3.9166666666666665,0.0,np_gurobi_optimal,0.0,40.0,0.0,0,8.25,99,,
16777210500540875060,0,12,4,"[3, 3, 3, 3]","[[3, 4, 5], [6, 7, 8], [1, 5, 6], [3, 3, 6]]",0.7,1,2,2,2,PP,"[[2, 1], [2, 1], [1, 2], [2, 1]]",8,24,54,0.0037205,20,0.003929499536752701,0.022037982940673828,0.026015572116203783,OPTIMAL,3.9166666666666665,0.0,np_gurobi_optimal,0.0,110.0,0.0,0,4.5,54,True,3.9166666666666665
16777210500540875060,0,12,4,"[3, 3, 3, 3]","[[3, 4, 5], [6, 7, 8], [1, 5, 6], [3, 3, 6]]",0.7,1,2,2,3,PP,"[[3], [3], [1, 2], [2, 1]]",6,13,54,0.0042115,20,0.00472080335021019,0.011538028717041016,0.016327149294029713,OPTIMAL,3.9166666666666665,0.0,np_gurobi_optimal,0.0,40.0,0.0,0,6.0,72,True,3.9166666666666665
16777210500540875060,0,12,4,"[3, 3, 3, 3]","[[3, 4, 5], [6, 7, 8], [1, 5, 6], [3, 3, 6]]",0.7,1,2,3,,CHP,"[[3], [3], [1, 2], [3]]",5,9,54,0.003605,20,0.004488633945584297,0.006927967071533203,0.011477295159618855,OPTIMAL,3.9166666666666665,0.0,np_gurobi_optimal,0.0,17.0,1.5,18,18.333333333333332,220,,
16777210500540875060,0,12,4,"[3, 3, 3, 3]","[[3, 4, 5], [6, 7, 8], [1, 5, 6], [3, 3, 6]]",0.7,1,2,3,2,PP,"[[2, 1], [2, 1], [1, 2], [2, 1]]",8,24,54,0.0031045,20,0.003531205467879772,0.022001028060913086,0.02557805407000017,OPTIMAL,3.9166666666666665,0.0,np_gurobi_optimal,0.0,110.0,0.0,0,10.0,120,True,3.9166666666666665
16777210500540875060,0,12,4,"[3, 3, 3, 3]","[[3, 4, 5], [6, 7, 8], [1, 5, 6], [3, 3, 6]]",0.7,1,2,3,3,PP,"[[3], [3], [1, 2], [3]]",5,9,54,0.0036355,20,0.0046975985169410706,0.007173776626586914,0.011931521434710502,OPTIMAL,3.9166666666666665,0.0,np_gurobi_optimal,0.0,17.0,1.5,18,13.333333333333334,160,True,3.9166666666666665
1203434733780121643,1,12,4,"[3, 3, 3, 3]","[[5, 6, 7], [4, 8, 9], [2, 3, 4], [0, 3, 5]]",0.7,1,2,,1,NP,"[[1, 1, 1], [1, 1, 1], [1, 1, 1], [1, 1, 1]]",12,54,54,0.00289,20,0.004920756444334984,0.14154791831970215,0.14652153022016526,OPTIMAL,3.0,0.0,np_gurobi_optimal,0.0,1145.0,0.0,0,0.0,0,,
1203434733780121643,1,12,4,"[3, 3, 3, 3]","[[5, 6, 7], [4, 8, 9], [2, 3, 4], [0, 3, 5]]",0.7,1,2,2,,CHP,"[[3], [1, 2], [3], [1, 2]]",6,13,54,0.001177,20,0.00325666181743145,0.010946035385131836,0.01424808781047058,OPTIMAL,3.0,0.0,np_gurobi_optimal,0.0,26.0,0.6666666666666666,8,8.25,99,,
1203434733780121643,1,12,4,"[3, 3, 3, 3]","[[5, 6, 7], [4, 8, 9], [2, 3, 4], [0, 3, 5]]",0.7,1,2,2,2,PP,"[[2, 1], [1, 2], [2, 1], [1, 2]]",8,24,54,0.0041365,20,0.004834195598959923,0.020025968551635742,0.024921132748066427,OPTIMAL,3.0,0.0,np_gurobi_optimal,0.0,68.0,0.6666666666666666,8,4.5,54,True,3.0
1203434733780121643,1,12,4,"[3, 3, 3, 3]","[[5, 6, 7], [4, 8, 9], [2, 3, 4], [0, 3, 5]]",0.7,1,2,2,3,PP,"[[3], [1, 2], [3], [1, 2]]",6,13,54,0.0041465,20,0.004777338355779648,0.011240005493164062,0.01607828798747921,OPTIMAL,3.0,0.0,np_gurobi_optimal,0.0,26.0,0.6666666666666666,8,6.0,72,True,3.0
1203434733780121643,1,12,4,"[3, 3, 3, 3]","[[5, 6, 7], [4, 8, 9], [2, 3, 4], [0, 3, 5]]",0.7,1,2,3,,CHP,"[[3], [1, 2], [3], [3]]",5,9,54,0.004247,20,0.004440260119736195,0.013738870620727539,0.018241107632896422,OPTIMAL,4.333333333333333,1.333333333333333,np_gurobi_optimal,0.0,36.0,2.3333333333333335,28,18.333333333333332,220,,
1203434733780121643,1,12,4,"[3, 3, 3, 3]","[[5, 6, 7], [4, 8, 9], [2, 3, 4], [0, 3, 5]]",0.7,1,2,3,2,PP,"[[2, 1], [1, 2], [2, 1], [2, 1]]",8,24,54,0.004417,20,0.00471879169344902,0.04001903533935547,0.04479778252321911,OPTIMAL,4.333333333333333,1.333333333333333,np_gurobi_optimal,0.0,347.0,1.6666666666666667,20,10.0,120,True,4.333333333333333
1203434733780121643,1,12,4,"[3, 3, 3, 3]","[[5, 6, 7], [4, 8, 9], [2, 3, 4], [0, 3, 5]]",0.7,1,2,3,3,PP,"[[3], [1, 2], [3], [3]]",5,9,54,0.0041865,20,0.004797250032424927,0.014020919799804688,0.018879892509566783,OPTIMAL,4.333333333333333,1.333333333333333,np_gurobi_optimal,0.0,36.0,2.3333333333333335,28,13.333333333333334,160,True,4.333333333333333
9224701139066889931,2,12,4,"[3, 3, 3, 3]","[[1, 5, 6], [2, 6, 6], [2, 2, 2], [0, 1, 1]]",0.7,1,2,,1,NP,"[[1, 1, 1], [1, 1, 1], [1, 1, 1], [1, 1, 1]]",12,54,54,0.0032,20,0.005308403633534908,0.29309797286987305,0.2984666917229414,OPTIMAL,4.166666666666667,0.0,np_gurobi_optimal,0.0,2457.0,0.0,0,0.0,0,,
9224701139066889931,2,12,4,"[3, 3, 3, 3]","[[1, 5, 6], [2, 6, 6], [2, 2, 2], [0, 1, 1]]",0.7,1,2,2,,CHP,"[[1, 2], [1, 2], [3], [3]]",6,13,54,0.004036,20,0.0047566089779138565,0.016701221466064453,0.02151780912839031,OPTIMAL,4.166666666666667,0.0,np_gurobi_optimal,0.0,58.0,0.0,0,8.25,99,,
9224701139066889931,2,12,4,"[3, 3, 3, 3]","[[1, 5, 6], [2, 6, 6], [2, 2, 2], [0, 1, 1]]",0.7,1,2,2,2,PP,"[[1, 2], [1, 2], [2, 1], [2, 1]]",8,24,54,0.004046,20,0.004985123872756958,0.037930965423583984,0.04297782048529005,OPTIMAL,4.166666666666667,0.0,np_gurobi_optimal,0.0,270.0,0.0,0,4.5,54,True,4.166666666666667
9224701139066889931,2,12,4,"[3, 3, 3, 3]","[[1, 5, 6], [2, 6, 6], [2, 2, 2], [0, 1, 1]]",0.7,1,2,2,3,PP,"[[1, 2], [1, 2], [3], [3]]",6,13,54,0.003816,20,0.004004362039268017,0.016629934310913086,0.020682095921412468,OPTIMAL,4.166666666666667,0.0,np_gurobi_optimal,0.0,58.0,0.0,0,6.0,72,True,4.166666666666667
9224701139066889931,2,12,4,"[3, 3, 3, 3]","[[1, 5, 6], [2, 6, 6], [2, 2, 2], [0, 1, 1]]",0.7,1,2,3,,CHP,"[[1, 2], [1, 2], [3], [3]]",6,13,54,0.0037205,20,0.004139547236263752,0.016325950622558594,0.020513396576471804,OPTIMAL,4.166666666666667,0.0,np_gurobi_optimal,0.0,58.0,0.0,0,18.333333333333332,220,,
9224701139066889931,2,12,4,"[3, 3, 3, 3]","[[1, 5, 6], [2, 6, 6], [2, 2, 2], [0, 1, 1]]",0.7,1,2,3,2,PP,"[[1, 2], [1, 2], [2, 1], [2, 1]]",8,24,54,0.0038555,20,0.0038282154127955437,0.0372469425201416,0.04112317768074798,OPTIMAL,4.166666666666667,0.0,np_gurobi_optimal,0.0,270.0,0.0,0,10.0,120,True,4.166666666666667
9224701139066889931,2,12,4,"[3, 3, 3, 3]","[[1, 5, 6], [2, 6, 6], [2, 2, 2], [0, 1, 1]]",0.7,1,2,3,3,PP,"[[1, 2], [1, 2], [3], [3]]",6,13,54,0.003756,20,0.004290393553674221,0.016681909561157227,0.02102014699419117,OPTIMAL,4.166666666666667,0.0,np_gurobi_optimal,0.0,58.0,0.0,0,13.333333333333334,160,True,4.166666666666667
12083534766830397584,0,12,4,"[3, 3, 3, 3]","[[1, 2, 3], [0, 1, 1], [5, 7, 7], [1, 4, 4]]",1.0,1,2,,1,NP,"[[1, 1, 1], [1, 1, 1], [1, 1, 1], [1, 1, 1]]",12,54,54,0.0028945,20,0.005339299328625202,0.254925012588501,0.2603258741513915,OPTIMAL,4.0,0.0,np_gurobi_optimal,0.0,2156.0,0.0,0,0.0,0,,
12083534766830397584,0,12,4,"[3, 3, 3, 3]","[[1, 2, 3], [0, 1, 1], [5, 7, 7], [1, 4, 4]]",1.0,1,2,2,,CHP,"[[3], [3], [3], [1, 2]]",5,9,54,0.00344,20,0.004029500298202038,0.010822772979736328,0.014899693123879433,OPTIMAL,4.0,0.0,np_gurobi_optimal,0.0,37.0,0.75,9,8.25,99,,
12083534766830397584,0,12,4,"[3, 3, 3, 3]","[[1, 2, 3], [0, 1, 1], [5, 7, 7], [1, 4, 4]]",1.0,1,2,2,2,PP,"[[2, 1], [2, 1], [2, 1], [1, 2]]",8,24,54,0.0037255,20,0.004123280756175518,0.03326106071472168,0.037436495744777205,OPTIMAL,4.0,0.0,np_gurobi_optimal,0.0,266.0,0.75,9,4.5,54,True,4.0
12083534766830397584,0,12,4,"[3, 3, 3, 3]","[[1, 2, 3], [0, 1, 1], [5, 7, 7], [1, 4, 4]]",1.0,1,2,2,3,PP,"[[3], [3], [3], [1, 2]]",5,9,54,0.0041415,20,0.004295282065868378,0.010977029800415039,0.015332537611726762,OPTIMAL,4.0,0.0,np_gurobi_optimal,0.0,37.0,0.75,9,6.0,72,True,4.0
12083534766830397584,0,12,4,"[3, 3, 3, 3]","[[1, 2, 3], [0, 1, 1], [5, 7, 7], [1, 4, 4]]",1.0,1,2,3,,CHP,"[[3], [3], [3], [3]]",4,6,54,0.004046,20,0.004358537495136261,0.005551815032958984,0.00996964737718916,OPTIMAL,4.0,0.0,np_gurobi_optimal,0.0,13.0,2.4166666666666665,29,18.333333333333332,220,,
12083534766830397584,0,12,4,"[3, 3, 3, 3]","[[1, 2, 3], [0, 1, 1], [5, 7, 7], [1, 4, 4]]",1.0,1,2,3,2,PP,"[[2, 1], [2, 1], [2, 1], [2, 1]]",8,24,54,0.001297,20,0.004232737235724926,0.02582406997680664,0.03011473700697136,OPTIMAL,4.0,0.0,np_gurobi_optimal,0.0,135.0,2.4166666666666665,29,10.0,120,True,4.0
12083534766830397584,0,12,4,"[3, 3, 3, 3]","[[1, 2, 3], [0, 1, 1], [5, 7, 7], [1, 4, 4]]",1.0,1,2,3,3,PP,"[[3], [3], [3], [3]]",4,6,54,0.0036,20,0.0038440097123384476,0.005255937576293945,0.009146196274614334,OPTIMAL,4.0,0.0,np_gurobi_optimal,0.0,13.0,2.4166666666666665,29,13.333333333333334,160,True,4.0
9869143176115900355,1,12,4,"[3, 3, 3, 3]","[[3, 6, 6], [1, 2, 2], [1, 1, 2], [3, 4, 4]]",1.0,1,2,,1,NP,"[[1, 1, 1], [1, 1, 1], [1, 1, 1], [1, 1, 1]]",12,54,54,0.0024335,20,0.004992464557290077,0.3928511142730713,0.39789097192765094,OPTIMAL,5.083333333333333,0.0,np_gurobi_optimal,0.0,4812.0,0.0,0,0.0,0,,
9869143176115900355,1,12,4,"[3, 3, 3, 3]","[[3, 6, 6], [1, 2, 2], [1, 1, 2], [3, 4, 4]]",1.0,1,2,2,,CHP,"[[1, 2], [3], [3], [3]]",5,9,54,0.003726,20,0.004729527980089188,0.011333942413330078,0.016123197751153468,OPTIMAL,5.083333333333333,0.0,np_gurobi_optimal,0.0,30.0,0.0,0,8.25,99,,
9869143176115900355,1,12,4,"[3, 3, 3, 3]","[[3, 6, 6], [1, 2, 2], [1, 1, 2], [3, 4, 4]]",1.0,1,2,2,2,PP,"[[1, 2], [2, 1], [2, 1], [2, 1]]",8,24,54,0.004242,20,0.005178776569664478,0.04282212257385254,0.04806089942605925,OPTIMAL,5.083333333333333,0.0,np_gurobi_optimal,0.0,319.0,0.0,0,4.5,54,True,5.083333333333333
9869143176115900355,1,12,4,"[3, 3, 3, 3]","[[3, 6, 6], [1, 2, 2], [1, 1, 2], [3, 4, 4]]",1.0,1,2,2,3,PP,"[[1, 2], [3], [3], [3]]",5,9,54,0.0038005,20,0.004629035480320454,0.011250019073486328,0.015939774695599557,OPTIMAL,5.083333333333333,0.0,np_gurobi_optimal,0.0,30.0,0.0,0,6.0,72,True,5.083333333333333
9869143176115900355,1,12,4,"[3, 3, 3, 3]","[[3, 6, 6], [1, 2, 2], [1, 1, 2], [3, 4, 4]]",1.0,1,2,3,,CHP,"[[3], [3], [3], [3]]",4,6,54,0.003911,20,0.004644689150154591,0.006047964096069336,0.0107523355672822,OPTIMAL,5.083333333333333,0.0,np_gurobi_optimal,0.0,26.0,1.6666666666666667,20,18.333333333333332,220,,
9869143176115900355,1,12,4,"[3, 3, 3, 3]","[[3, 6, 6], [1, 2, 2], [1, 1, 2], [3, 4, 4]]",1.0,1,2,3,2,PP,"[[2, 1], [2, 1], [2, 1], [2, 1]]",8,24,54,0.004266,20,0.00484353955835104,0.02710413932800293,0.0320091634826932,OPTIMAL,5.083333333333333,0.0,np_gurobi_optimal,0.0,193.0,1.6666666666666667,20,10.0,120,True,5.083333333333333
9869143176115900355,1,12,4,"[3, 3, 3, 3]","[[3, 6, 6], [1, 2, 2], [1, 1, 2], [3, 4, 4]]",1.0,1,2,3,3,PP,"[[3], [3], [3], [3]]",4,6,54,0.003961,20,0.0041908035054802895,0.006384849548339844,0.010636940683578015,OPTIMAL,5.083333333333333,0.0,np_gurobi_optimal,0.0,26.0,1.6666666666666667,20,13.333333333333334,160,True,5.083333333333333
7451244375658006969,2,12,4,"[3, 3, 3, 3]","[[2, 2, 2], [4, 4, 5], [2, 3, 3], [6, 6, 7]]",1.0,1,2,,1,NP,"[[1, 1, 1], [1, 1, 1], [1, 1, 1], [1, 1, 1]]",12,54,54,0.003305,20,0.005274160765111446,0.3868439197540283,0.3921813440664935,OPTIMAL,5.166666666666667,0.0,np_gurobi_optimal,0.0,3853.0,0.0,0,0.0,0,,
7451244375658006969,2,12,4,"[3, 3, 3, 3]","[[2, 2, 2], [4, 4, 5], [2, 3, 3], [6, 6, 7]]",1.0,1,2,2,,CHP,"[[3], [3], [3], [3]]",4,6,54,0.003951,20,0.004381190985441208,0.0010018348693847656,0.0054432315323004726,OPTIMAL,5.166666666666667,0.0,np_gurobi_optimal,0.0,1.0,0.0,0,8.25,99,,
7451244375658006969,2,12,4,"[3, 3, 3, 3]","[[2, 2, 2], [4, 4, 5], [2, 3, 3], [6, 6, 7]]",1.0,1,2,2,2,PP,"[[2, 1], [2, 1], [2, 1], [2, 1]]",8,24,54,0.003946,20,0.004845071583986282,0.044760942459106445,0.04966721030439949,OPTIMAL,5.166666666666667,0.0,np_gurobi_optimal,0.0,198.0,0.0,0,4.5,54,True,5.166666666666667
7451244375658006969,2,12,4,"[3, 3, 3, 3]","[[2, 2, 2], [4, 4, 5], [2, 3, 3], [6, 6, 7]]",1.0,1,2,2,3,PP,"[[3], [3], [3], [3]]",4,6,54,0.003756,20,0.0037336423993110657,0.0007779598236083984,0.0045585995300588605,OPTIMAL,5.166666666666667,0.0,np_gurobi_optimal,0.0,1.0,0.0,0,6.0,72,True,5.166666666666667
7451244375658006969,2,12,4,"[3, 3, 3, 3]","[[2, 2, 2], [4, 4, 5], [2, 3, 3], [6, 6, 7]]",1.0,1,2,3,,CHP,"[[3], [3], [3], [3]]",4,6,54,0.0029895,20,0.003719329833984375,0.0007729530334472656,0.004538353487088203,OPTIMAL,5.166666666666667,0.0,np_gurobi_optimal,0.0,1.0,0.0,0,18.333333333333332,220,,
7451244375658006969,2,12,4,"[3, 3, 3, 3]","[[2, 2, 2], [4, 4, 5], [2, 3, 3], [6, 6, 7]]",1.0,1,2,3,2,PP,"[[2, 1], [2, 1], [2, 1], [2, 1]]",8,24,54,0.003175,20,0.004259176552295685,0.04419112205505371,0.04849796288673878,OPTIMAL,5.166666666666667,0.0,np_gurobi_optimal,0.0,198.0,0.0,0,10.0,120,True,5.166666666666667
7451244375658006969,2,12,4,"[3, 3, 3, 3]","[[2, 2, 2], [4, 4, 5], [2, 3, 3], [6, 6, 7]]",1.0,1,2,3,3,PP,"[[3], [3], [3], [3]]",4,6,54,0.0036405,20,0.0037369681522250175,0.0007731914520263672,0.00455685142158556,OPTIMAL,5.166666666666667,0.0,np_gurobi_optimal,0.0,1.0,0.0,0,13.333333333333334,160,True,5.166666666666667
3627729236815471523,0,16,4,"[4, 4, 4, 4]","[[6, 12, 14, 16], [2, 6, 6, 10], [3, 10, 10, 11], [3, 4, 10, 15]]",0.4,1,2,,1,NP,"[[1, 1, 1, 1], [1, 1, 1, 1], [1, 1, 1, 1], [1, 1, 1, 1]]",16,96,96,0.001042,20,0.004776148125529289,5.0000481605529785,5.004876128247921,TIME_LIMIT,4.0,,,0.33947804284020566,13474.0,0.0,0,0.0,0,,
3627729236815471523,0,16,4,"[4, 4, 4, 4]","[[6, 12, 14, 16], [2, 6, 6, 10], [3, 10, 10, 11], [3, 4, 10, 15]]",0.4,1,2,2,,CHP,"[[1, 3], [1, 2, 1], [1, 3], [2, 1, 1]]",10,37,96,0.003961,20,0.005224364809691906,0.10661697387695312,0.11189227373466348,OPTIMAL,4.0,,,0.0,1208.0,1.4375,23,12.1875,195,,
3627729236815471523,0,16,4,"[4, 4, 4, 4]","[[6, 12, 14, 16], [2, 6, 6, 10], [3, 10, 10, 11], [3, 4, 10, 15]]",0.4,1,2,2,2,PP,"[[1, 2, 1], [1, 2, 1], [1, 2, 1], [2, 1, 1]]",12,54,96,0.001447,20,0.005099005997180939,0.38800787925720215,0.3931539279449911,OPTIMAL,4.0,,,0.0,4460.0,0.75,12,6.5,104,,4.0
3627729236815471523,0,16,4,"[4, 4, 4, 4]","[[6, 12, 14, 16], [2, 6, 6, 10], [3, 10, 10, 11], [3, 4, 10, 15]]",0.4,1,2,2,3,PP,"[[1, 3], [1, 2, 1], [1, 3], [2, 1, 1]]",10,37,96,0.004081,20,0.004377976059913635,0.10666394233703613,0.11109586054494953,OPTIMAL,4.0,,,0.0,1208.0,1.4375,23,8.125,130,,4.0
3627729236815471523,0,16,4,"[4, 4, 4, 4]","[[6, 12, 14, 16], [2, 6, 6, 10], [3, 10, 10, 11], [3, 4, 10, 15]]",0.4,1,2,3,,CHP,"[[1, 3], [1, 2, 1], [1, 3], [2, 1, 1]]",10,37,96,0.003941,20,0.0044771162793040276,0.10802412033081055,0.11254851577480172,OPTIMAL,4.0,,,0.0,1208.0,1.4375,23,26.25,420,,
3627729236815471523,0,16,4,"[4, 4, 4, 4]","[[6, 12, 14, 16], [2, 6, 6, 10], [3, 10, 10, 11], [3, 4, 10, 15]]",0.4,1,2,3,2,PP,"[[1, 2, 1], [1, 2, 1], [1, 2, 1], [2, 1, 1]]",12,54,96,0.004277,20,0.004789167083799839,0.38570308685302734,0.39054057225005817,OPTIMAL,4.0,,,0.0,4460.0,0.75,12,14.0,224,,4.0
3627729236815471523,0,16,4,"[4, 4, 4, 4]","[[6, 12, 14, 16], [2, 6, 6, 10], [3, 10, 10, 11], [3, 4, 10, 15]]",0.4,1,2,3,3,PP,"[[1, 3], [1, 2, 1], [1, 3], [2, 1, 1]]",10,37,96,0.001397,20,0.0038634994998574257,0.10631585121154785,0.11022511498753738,OPTIMAL,4.0,,,0.0,1208.0,1.4375,23,17.5,280,,4.0
889291899920662800,1,16,4,"[4, 4, 4, 4]","[[6, 10, 13, 19], [5, 6, 8, 10], [4, 6, 10, 12], [3, 4, 7, 7]]",0.4,1,2,,1,NP,"[[1, 1, 1, 1], [1, 1, 1, 1], [1, 1, 1, 1], [1, 1, 1, 1]]",16,96,96,0.0030895,20,0.005569816567003727,5.000072956085205,5.005697059748103,TIME_LIMIT,4.75,,,0.42051920368781326,12958.0,0.0,0,0.0,0,,
889291899920662800,1,16,4,"[4, 4, 4, 4]","[[6, 10, 13, 19], [5, 6, 8, 10], [4, 6, 10, 12], [3, 4, 7, 7]]",0.4,1,2,2,,CHP,"[[1, 1, 1, 1], [4], [2, 2], [2, 2]]",9,28,96,0.003926,20,0.0044247666373848915,0.0432281494140625,0.04770113854706383,OPTIMAL,5.0,,,0.0,349.0,2.9375,47,12.1875,195,,
889291899920662800,1,16,4,"[4, 4, 4, 4]","[[6, 10, 13, 19], [5, 6, 8, 10], [4, 6, 10, 12], [3, 4, 7, 7]]",0.4,1,2,2,2,PP,"[[1, 1, 1, 1], [2, 2], [2, 2], [2, 2]]",10,36,96,0.003801,20,0.004431998357176781,0.11011219024658203,0.11459581115532017,OPTIMAL,5.0,,,0.0,1211.0,2.1875,35,6.5,104,,5.0
889291899920662800,1,16,4,"[4, 4, 4, 4]","[[6, 10, 13, 19], [5, 6, 8, 10], [4, 6, 10, 12], [3, 4, 7, 7]]",0.4,1,2,2,3,PP,"[[1, 1, 1, 1], [3, 1], [2, 2], [2, 2]]",10,36,96,0.0035605,20,0.0040144771337509155,0.10058212280273438,0.10464423993394184,OPTIMAL,4.75,,,0.0,762.0,2.25,36,8.125,130,,5.0
889291899920662800,1,16,4,"[4, 4, 4, 4]","[[6, 10, 13, 19], [5, 6, 8, 10], [4, 6, 10, 12], [3, 4, 7, 7]]",0.4,1,2,3,,CHP,"[[1, 2, 1], [4], [2, 2], [4]]",7,17,96,0.004317,20,0.004874587059020996,0.020254135131835938,0.025190299696712017,OPTIMAL,5.625,,,0.0,116.0,6.1875,99,26.25,420,,
889291899920662800,1,16,4,"[4, 4, 4, 4]","[[6, 10, 13, 19], [5, 6, 8, 10], [4, 6, 10, 12], [3, 4, 7, 7]]",0.4,1,2,3,2,PP,"[[1, 2, 1], [2, 2], [2, 2], [2, 2]]",9,30,96,0.0041215,20,0.004584148526191711,0.07378792762756348,0.07843332963709497,OPTIMAL,5.0,,,0.0,619.0,3.8125,61,14.0,224,,5.625
889291899920662800,1,16,4,"[4, 4, 4, 4]","[[6, 10, 13, 19], [5, 6, 8, 10], [4, 6, 10, 12], [3, 4, 7, 7]]",0.4,1,2,3,3,PP,"[[1, 2, 1], [3, 1], [2, 2], [3, 1]]",9,30,96,0.004016,20,0.004876319319009781,0.06261801719665527,0.0675560656442914,OPTIMAL,5.625,,,0.0,433.0,5.5,88,17.5,280,,5.625
6191148643381614957,2,16,4,"[4, 4, 4, 4]","[[2, 5, 18, 18], [1, 1, 2, 6], [6, 7, 7, 8], [2, 3, 3, 7]]",0.4,1,2,,1,NP,"[[1, 1, 1, 1], [1, 1, 1, 1], [1, 1, 1, 1], [1, 1, 1, 1]]",16,96,96,0.0034405,20,0.005852675065398216,1.7637968063354492,1.7697169242508202,OPTIMAL,4.4375,0.0,np_gurobi_optimal,0.0,9703.0,0.0,0,0.0,0,,
6191148643381614957,2,16,4,"[4, 4, 4, 4]","[[2, 5, 18, 18], [1, 1, 2, 6], [6, 7, 7, 8], [2, 3, 3, 7]]",0.4,1,2,2,,CHP,"[[1, 1, 2], [3, 1], [4], [3, 1]]",8,23,96,0.0038705,20,0.004413070157170296,0.02060103416442871,0.025063662713141917,OPTIMAL,4.4375,0.0,np_gurobi_optimal,0.0,150.0,0.0,0,12.1875,195,,
6191148643381614957,2,16,4,"[4, 4, 4, 4]","[[2, 5, 18, 18], [1, 1, 2, 6], [6, 7, 7, 8], [2, 3, 3, 7]]",0.4,1,2,2,2,PP,"[[1, 1, 2], [2, 1, 1], [2, 2], [2, 1, 1]]",11,45,96,0.0015525,20,0.0038885874673724174,0.14500808715820312,0.14894127099232912,OPTIMAL,4.4375,0.0,np_gurobi_optimal,0.0,1524.0,0.0,0,6.5,104,True,4.4375
6191148643381614957,2,16,4,"[4, 4, 4, 4]","[[2, 5, 18, 18], [1, 1, 2, 6], [6, 7, 7, 8], [2, 3, 3, 7]]",0.4,1,2,2,3,PP,"[[1, 1, 2], [3, 1], [3, 1], [3, 1]]",9,30,96,0.0038905,20,0.003920834511518478,0.04201197624206543,0.04597955233656454,OPTIMAL,4.4375,0.0,np_gurobi_optimal,0.0,275.0,0.0,0,8.125,130,True,4.4375
6191148643381614957,2,16,4,"[4, 4, 4, 4]","[[2, 5, 18, 18], [1, 1, 2, 6], [6, 7, 7, 8], [2, 3, 3, 7]]",0.4,1,2,3,,CHP,"[[2, 2], [3, 1], [4], [3, 1]]",7,18,96,0.004517,20,0.004619492217898369,0.020173072814941406,0.024853761393408298,OPTIMAL,4.4375,0.0,np_gurobi_optimal,0.0,78.0,1.75,28,26.25,420,,
6191148643381614957,2,16,4,"[4, 4, 4, 4]","[[2, 5, 18, 18], [1, 1, 2, 6], [6, 7, 7, 8], [2, 3, 3, 7]]",0.4,1,2,3,2,PP,"[[2, 2], [2, 1, 1], [2, 2], [2, 1, 1]]",10,37,96,0.0041965,20,0.005183163098990917,0.08673715591430664,0.09198095738660955,OPTIMAL,4.4375,0.0,np_gurobi_optimal,0.0,743.0,1.75,28,14.0,224,True,4.4375
6191148643381614957,2,16,4,"[4, 4, 4, 4]","[[2, 5, 18, 18], [1, 1, 2, 6], [6, 7, 7, 8], [2, 3, 3, 7]]",0.4,1,2,3,3,PP,"[[2, 2], [3, 1], [3, 1], [3, 1]]",8,24,96,0.0041365,20,0.004885323345661163,0.025599956512451172,0.03054671504819298,OPTIMAL,4.4375,0.0,np_gurobi_optimal,0.0,134.0,1.75,28,17.5,280,True,4.4375
2560400230500325425,0,16,4,"[4, 4, 4, 4]","[[5, 7, 8, 9], [5, 9, 9, 16], [1, 2, 2, 3], [6, 10, 11, 12]]",0.7,1,2,,1,NP,"[[1, 1, 1, 1], [1, 1, 1, 1], [1, 1, 1, 1], [1, 1, 1, 1]]",16,96,96,0.00314,20,0.0059601375833153725,0.17136001586914062,0.17738143592078925,OPTIMAL,2.8125,0.0,np_gurobi_optimal,0.0,978.0,0.0,0,0.0,0,,
2560400230500325425,0,16,4,"[4, 4, 4, 4]","[[5, 7, 8, 9], [5, 9, 9, 16], [1, 2, 2, 3], [6, 10, 11, 12]]",0.7,1,2,2,,CHP,"[[4], [1, 2, 1], [4], [1, 3]]",7,17,96,0.003796,20,0.003824841231107712,0.008288860321044922,0.012162051092799664,OPTIMAL,2.8125,0.0,np_gurobi_optimal,0.0,24.0,0.8125,13,12.1875,195,,
2560400230500325425,0,16,4,"[4, 4, 4, 4]","[[5, 7, 8, 9], [5, 9, 9, 16], [1, 2, 2, 3], [6, 10, 11, 12]]",0.7,1,2,2,2,PP,"[[2, 2], [1, 2, 1], [2, 2], [1, 2, 1]]",10,37,96,0.001417,20,0.003909086808562279,0.027089834213256836,0.03104333904773426,OPTIMAL,2.8125,0.0,np_gurobi_optimal,0.0,69.0,0.8125,13,6.5,104,True,2.8125
2560400230500325425,0,16,4,"[4, 4, 4, 4]","[[5, 7, 8, 9], [5, 9, 9, 16], [1, 2, 2, 3], [6, 10, 11, 12]]",0.7,1,2,2,3,PP,"[[3, 1], [1, 2, 1], [3, 1], [1, 3]]",9,30,96,0.0041465,20,0.003946373239159584,0.013759136199951172,0.01775372984863186,OPTIMAL,2.8125,0.0,np_gurobi_optimal,0.0,65.0,0.8125,13,8.125,130,True,2.8125
2560400230500325425,0,16,4,"[4, 4, 4, 4]","[[5, 7, 8, 9], [5, 9, 9, 16], [1, 2, 2, 3], [6, 10, 11, 12]]",0.7,1,2,3,,CHP,"[[4], [1, 2, 1], [4], [1, 3]]",7,17,96,0.004572,20,0.004499508999288082,0.008595943450927734,0.013156647931429863,OPTIMAL,2.8125,0.0,np_gurobi_optimal,0.0,24.0,0.8125,13,26.25,420,,
2560400230500325425,0,16,4,"[4, 4, 4, 4]","[[5, 7, 8, 9], [5, 9, 9, 16], [1, 2, 2, 3], [6, 10, 11, 12]]",0.7,1,2,3,2,PP,"[[2, 2], [1, 2, 1], [2, 2], [1, 2, 1]]",10,37,96,0.001362,20,0.0036973170936107635,0.02749919891357422,0.031241784278642656,OPTIMAL,2.8125,0.0,np_gurobi_optimal,0.0,69.0,0.8125,13,14.0,224,True,2.8125
2560400230500325425,0,16,4,"[4, 4, 4, 4]","[[5, 7, 8, 9], [5, 9, 9, 16], [1, 2, 2, 3], [6, 10, 11, 12]]",0.7,1,2,3,3,PP,"[[3, 1], [1, 2, 1], [3, 1], [1, 3]]",9,30,96,0.00342,20,0.004237454384565353,0.013794898986816406,0.018080319461448193,OPTIMAL,2.8125,0.0,np_gurobi_optimal,0.0,65.0,0.8125,13,17.5,280,True,2.8125
4093044367343088416,1,16,4,"[4, 4, 4, 4]","[[1, 3, 4, 7], [4, 6, 6, 8], [4, 5, 5, 6], [5, 5, 6, 9]]",0.7,1,2,,1,NP,"[[1, 1, 1, 1], [1, 1, 1, 1], [1, 1, 1, 1], [1, 1, 1, 1]]",16,96,96,0.003145,20,0.005514083430171013,5.000092029571533,5.005660725681145,TIME_LIMIT,5.9375,,,0.1638273169891381,20818.0,0.0,0,0.0,0,,
4093044367343088416,1,16,4,"[4, 4, 4, 4]","[[1, 3, 4, 7], [4, 6, 6, 8], [4, 5, 5, 6], [5, 5, 6, 9]]",0.7,1,2,2,,CHP,"[[3, 1], [4], [4], [3, 1]]",6,13,96,0.003956,20,0.004745331592857838,0.013791084289550781,0.018585958259790897,OPTIMAL,5.9375,,,0.0,63.0,2.3125,37,12.1875,195,,
4093044367343088416,1,16,4,"[4, 4, 4, 4]","[[1, 3, 4, 7], [4, 6, 6, 8], [4, 5, 5, 6], [5, 5, 6, 9]]",0.7,1,2,2,2,PP,"[[2, 1, 1], [2, 2], [2, 2], [2, 1, 1]]",10,37,96,0.0043265,20,0.004583126865327358,0.11134099960327148,0.11597279603034401,OPTIMAL,5.9375,,,0.0,1287.0,2.3125,37,6.5,104,,5.9375
4093044367343088416,1,16,4,"[4, 4, 4, 4]","[[1, 3, 4, 7], [4, 6, 6, 8], [4, 5, 5, 6], [5, 5, 6, 9]]",0.7,1,2,2,3,PP,"[[3, 1], [3, 1], [3, 1], [3, 1]]",8,24,96,0.0042315,20,0.00481268297880888,0.035874128341674805,0.040747594589859486,OPTIMAL,5.9375,,,0.0,220.0,1.625,26,8.125,130,,5.9375
4093044367343088416,1,16,4,"[4, 4, 4, 4]","[[1, 3, 4, 7], [4, 6, 6, 8], [4, 5, 5, 6], [5, 5, 6, 9]]",0.7,1,2,3,,CHP,"[[4], [4], [4], [4]]",4,6,96,0.0038405,20,0.004592579789459705,0.00719904899597168,0.011852036887290954,OPTIMAL,7.3125,,,0.0,28.0,5.3125,85,26.25,420,,
4093044367343088416,1,16,4,"[4, 4, 4, 4]","[[1, 3, 4, 7], [4, 6, 6, 8], [4, 5, 5, 6], [5, 5, 6, 9]]",0.7,1,2,3,2,PP,"[[2, 2], [2, 2], [2, 2], [2, 2]]",8,24,96,0.004247,20,0.004501433111727238,0.050971031188964844,0.055533046071907996,OPTIMAL,6.1875,,,0.0,396.0,5.3125,85,14.0,224,,7.3125
4093044367343088416,1,16,4,"[4, 4, 4, 4]","[[1, 3, 4, 7], [4, 6, 6, 8], [4, 5, 5, 6], [5, 5, 6, 9]]",0.7,1,2,3,3,PP,"[[3, 1], [3, 1], [3, 1], [3, 1]]",8,24,96,0.004847,20,0.004543286748230457,0.03574991226196289,0.04035472630208445,OPTIMAL,5.9375,,,0.0,220.0,1.625,26,17.5,280,,7.3125
8198348605161259877,2,16,4,"[4, 4, 4, 4]","[[0, 2, 3, 5], [1, 1, 2, 2], [1, 2, 2, 2], [3, 3, 3, 5]]",0.7,1,2,,1,NP,"[[1, 1, 1, 1], [1, 1, 1, 1], [1, 1, 1, 1], [1, 1, 1, 1]]",16,96,96,0.00337,20,0.006270918063819408,5.000071048736572,5.006412486089344,TIME_LIMIT,7.4375,,,0.26470588235288767,16815.0,0.0,0,0.0,0,,
8198348605161259877,2,16,4,"[4, 4, 4, 4]","[[0, 2, 3, 5], [1, 1, 2, 2], [1, 2, 2, 2], [3, 3, 3, 5]]",0.7,1,2,2,,CHP,"[[4], [4], [4], [4]]",4,6,96,0.001262,20,0.0038125813007354736,0.006250143051147461,0.010109738504683495,OPTIMAL,7.6875,,,0.0,28.0,2.1875,35,12.1875,195,,
8198348605161259877,2,16,4,"[4, 4, 4, 4]","[[0, 2, 3, 5], [1, 1, 2, 2], [1, 2, 2, 2], [3, 3, 3, 5]]",0.7,1,2,2,2,PP,"[[2, 2], [2, 2], [2, 2], [2, 2]]",8,24,96,0.004096,20,0.0039061931893229485,0.0765528678894043,0.08050744798640823,OPTIMAL,7.6875,,,0.0,734.0,2.1875,35,6.5,104,,7.6875
8198348605161259877,2,16,4,"[4, 4, 4, 4]","[[0, 2, 3, 5], [1, 1, 2, 2], [1, 2, 2, 2], [3, 3, 3, 5]]",0.7,1,2,2,3,PP,"[[3, 1], [3, 1], [3, 1], [3, 1]]",8,24,96,0.0041165,20,0.0040552690625190735,0.04374408721923828,0.047846829572896,OPTIMAL,7.6875,,,0.0,428.0,0.8125,13,8.125,130,,7.6875
8198348605161259877,2,16,4,"[4, 4, 4, 4]","[[0, 2, 3, 5], [1, 1, 2, 2], [1, 2, 2, 2], [3, 3, 3, 5]]",0.7,1,2,3,,CHP,"[[4], [4], [4], [4]]",4,6,96,0.003776,20,0.0036574071273207664,0.006011009216308594,0.009715893724120617,OPTIMAL,7.6875,,,0.0,28.0,2.1875,35,26.25,420,,
8198348605161259877,2,16,4,"[4, 4, 4, 4]","[[0, 2, 3, 5], [1, 1, 2, 2], [1, 2, 2, 2], [3, 3, 3, 5]]",0.7,1,2,3,2,PP,"[[2, 2], [2, 2], [2, 2], [2, 2]]",8,24,96,0.0043415,20,0.003950661048293114,0.07813096046447754,0.08212915402849102,OPTIMAL,7.6875,,,0.0,734.0,2.1875,35,14.0,224,,7.6875
8198348605161259877,2,16,4,"[4, 4, 4, 4]","[[0, 2, 3, 5], [1, 1, 2, 2], [1, 2, 2, 2], [3, 3, 3, 5]]",0.7,1,2,3,3,PP,"[[3, 1], [3, 1], [3, 1], [3, 1]]",8,24,96,0.004151,20,0.004292577505111694,0.0422060489654541,0.046550785286642075,OPTIMAL,7.6875,,,0.0,428.0,0.8125,13,17.5,280,,7.6875
9988363950158873202,0,16,4,"[4, 4, 4, 4]","[[1, 2, 3, 4], [1, 3, 5, 5], [2, 3, 3, 4], [1, 3, 4, 7]]",1.0,1,2,,1,NP,"[[1, 1, 1, 1], [1, 1, 1, 1], [1, 1, 1, 1], [1, 1, 1, 1]]",16,96,96,0.0030345,20,0.005502886138856411,5.000059127807617,5.005618851882931,TIME_LIMIT,6.8125,,,0.4403669724770757,15019.0,0.0,0,0.0,0,,
9988363950158873202,0,16,4,"[4, 4, 4, 4]","[[1, 2, 3, 4], [1, 3, 5, 5], [2, 3, 3, 4], [1, 3, 4, 7]]",1.0,1,2,2,,CHP,"[[4], [4], [4], [3, 1]]",5,9,96,0.003901,20,0.003981728106737137,0.010617971420288086,0.014648973631537915,OPTIMAL,6.8125,,,0.0,56.0,2.375,38,12.1875,195,,
9988363950158873202,0,16,4,"[4, 4, 4, 4]","[[1, 2, 3, 4], [1, 3, 5, 5], [2, 3, 3, 4], [1, 3, 4, 7]]",1.0,1,2,2,2,PP,"[[2, 2], [2, 2], [2, 2], [2, 1, 1]]",9,30,96,0.0014175,20,0.003520670346915722,0.10515093803405762,0.10871696474872113,OPTIMAL,6.8125,,,0.0,962.0,1.625,26,6.5,104,,6.8125
9988363950158873202,0,16,4,"[4, 4, 4, 4]","[[1, 2, 3, 4], [1, 3, 5, 5], [2, 3, 3, 4], [1, 3, 4, 7]]",1.0,1,2,2,3,PP,"[[3, 1], [3, 1], [3, 1], [3, 1]]",8,24,96,0.004176,20,0.0038131028413772583,0.04327702522277832,0.047138057598711015,OPTIMAL,6.8125,,,0.0,250.0,2.375,38,8.125,130,,6.8125
9988363950158873202,0,16,4,"[4, 4, 4, 4]","[[1, 2, 3, 4], [1, 3, 5, 5], [2, 3, 3, 4], [1, 3, 4, 7]]",1.0,1,2,3,,CHP,"[[4], [4], [4], [4]]",4,6,96,0.003265,20,0.004572249948978424,0.006660938262939453,0.0112919255784297,OPTIMAL,6.8125,,,0.0,24.0,3.875,62,26.25,420,,
9988363950158873202,0,16,4,"[4, 4, 4, 4]","[[1, 2, 3, 4], [1, 3, 5, 5], [2, 3, 3, 4], [1, 3, 4, 7]]",1.0,1,2,3,2,PP,"[[2, 2], [2, 2], [2, 2], [2, 2]]",8,24,96,0.001382,20,0.0034562936052680016,0.0738990306854248,0.07740088357701969,OPTIMAL,6.8125,,,0.0,662.0,3.125,50,14.0,224,,6.8125
9988363950158873202,0,16,4,"[4, 4, 4, 4]","[[1, 2, 3, 4], [1, 3, 5, 5], [2, 3, 3, 4], [1, 3, 4, 7]]",1.0,1,2,3,3,PP,"[[3, 1], [3, 1], [3, 1], [3, 1]]",8,24,96,0.003405,20,0.0037692971527576447,0.043830156326293945,0.04764651608738184,OPTIMAL,6.8125,,,0.0,250.0,2.375,38,17.5,280,,6.8125
5161306654850739048,1,16,4,"[4, 4, 4, 4]","[[3, 4, 5, 5], [0, 1, 4, 6], [1, 4, 6, 7], [1, 2, 2, 3]]",1.0,1,2,,1,NP,"[[1, 1, 1, 1], [1, 1, 1, 1], [1, 1, 1, 1], [1, 1, 1, 1]]",16,96,96,0.003475,20,0.00590499397367239,5.000056982040405,5.006033307176864,TIME_LIMIT,6.25,,,0.42000000000001136,12185.0,0.0,0,0.0,0,,
5161306654850739048,1,16,4,"[4, 4, 4, 4]","[[3, 4, 5, 5], [0, 1, 4, 6], [1, 4, 6, 7], [1, 2, 2, 3]]",1.0,1,2,2,,CHP,"[[4], [2, 2], [1, 3], [4]]",6,13,96,0.003871,20,0.004807124845683575,0.018164873123168945,0.023021406917460917,OPTIMAL,6.125,,,0.0,105.0,1.4375,23,12.1875,195,,
5161306654850739048,1,16,4,"[4, 4, 4, 4]","[[3, 4, 5, 5], [0, 1, 4, 6], [1, 4, 6, 7], [1, 2, 2, 3]]",1.0,1,2,2,2,PP,"[[2, 2], [2, 2], [1, 2, 1], [2, 2]]",9,30,96,0.001417,20,0.0035377759486436844,0.10093188285827637,0.10451560513318015,OPTIMAL,6.125,,,0.0,1077.0,1.4375,23,6.5,104,,6.125
5161306654850739048,1,16,4,"[4, 4, 4, 4]","[[3, 4, 5, 5], [0, 1, 4, 6], [1, 4, 6, 7], [1, 2, 2, 3]]",1.0,1,2,2,3,PP,"[[3, 1], [2, 2], [1, 3], [3, 1]]",8,24,96,0.006415,20,0.004618149250745773,0.04290914535522461,0.0475909468287611,OPTIMAL,6.125,,,0.0,383.0,1.4375,23,8.125,130,,6.125
5161306654850739048,1,16,4,"[4, 4, 4, 4]","[[3, 4, 5, 5], [0, 1, 4, 6], [1, 4, 6, 7], [1, 2, 2, 3]]",1.0,1,2,3,,CHP,"[[4], [4], [4], [4]]",4,6,96,0.003821,20,0.003935367800295353,0.007048845291137695,0.011031376912733077,OPTIMAL,6.625,,,0.0,22.0,4.8125,77,26.25,420,,
5161306654850739048,1,16,4,"[4, 4, 4, 4]","[[3, 4, 5, 5], [0, 1, 4, 6], [1, 4, 6, 7], [1, 2, 2, 3]]",1.0,1,2,3,2,PP,"[[2, 2], [2, 2], [2, 2], [2, 2]]",8,24,96,0.001362,20,0.0034086406230926514,0.05494213104248047,0.05840174987573576,OPTIMAL,6.125,,,0.0,526.0,2.4375,39,14.0,224,,6.625
5161306654850739048,1,16,4,"[4, 4, 4, 4]","[[3, 4, 5, 5], [0, 1, 4, 6], [1, 4, 6, 7], [1, 2, 2, 3]]",1.0,1,2,3,3,PP,"[[3, 1], [3, 1], [3, 1], [3, 1]]",8,24,96,0.004567,20,0.005098755471408367,0.030779123306274414,0.035938913728026864,OPTIMAL,6.625,,,0.0,196.0,4.125,66,17.5,280,,6.625
10343107839725815555,2,16,4,"[4, 4, 4, 4]","[[2, 3, 4, 5], [3, 3, 6, 6], [4, 5, 5, 6], [2, 3, 3, 4]]",1.0,1,2,,1,NP,"[[1, 1, 1, 1], [1, 1, 1, 1], [1, 1, 1, 1], [1, 1, 1, 1]]",16,96,96,0.0031495,20,0.00584078673273325,4.714944839477539,4.720852849772084,OPTIMAL,7.0,0.0,np_gurobi_optimal,0.0,19156.0,0.0,0,0.0,0,,
10343107839725815555,2,16,4,"[4, 4, 4, 4]","[[2, 3, 4, 5], [3, 3, 6, 6], [4, 5, 5, 6], [2, 3, 3, 4]]",1.0,1,2,2,,CHP,"[[4], [2, 2], [4], [4]]",5,9,96,0.00319,20,0.004135469906032085,0.01550912857055664,0.01969344656580925,OPTIMAL,7.0,0.0,np_gurobi_optimal,0.0,45.0,0.0,0,12.1875,195,,
10343107839725815555,2,16,4,"[4, 4, 4, 4]","[[2, 3, 4, 5], [3, 3, 6, 6], [4, 5, 5, 6], [2, 3, 3, 4]]",1.0,1,2,2,2,PP,"[[2, 2], [2, 2], [2, 2], [2, 2]]",8,24,96,0.004272,20,0.0037662116810679436,0.07713508605957031,0.08094846925239277,OPTIMAL,7.0,0.0,np_gurobi_optimal,0.0,715.0,0.0,0,6.5,104,True,7.0
10343107839725815555,2,16,4,"[4, 4, 4, 4]","[[2, 3, 4, 5], [3, 3, 6, 6], [4, 5, 5, 6], [2, 3, 3, 4]]",1.0,1,2,2,3,PP,"[[3, 1], [2, 2], [3, 1], [3, 1]]",8,24,96,0.0039155,20,0.003979534842073917,0.0423579216003418,0.04638888615752745,OPTIMAL,7.0,0.0,np_gurobi_optimal,0.0,367.0,0.0,0,8.125,130,True,7.0
10343107839725815555,2,16,4,"[4, 4, 4, 4]","[[2, 3, 4, 5], [3, 3, 6, 6], [4, 5, 5, 6], [2, 3, 3, 4]]",1.0,1,2,3,,CHP,"[[4], [4], [4], [4]]",4,6,96,0.003881,20,0.003384023904800415,0.006036996841430664,0.009467282511311532,OPTIMAL,7.0,0.0,np_gurobi_optimal,0.0,29.0,1.625,26,26.25,420,,
10343107839725815555,2,16,4,"[4, 4, 4, 4]","[[2, 3, 4, 5], [3, 3, 6, 6], [4, 5, 5, 6], [2, 3, 3, 4]]",1.0,1,2,3,2,PP,"[[2, 2], [2, 2], [2, 2], [2, 2]]",8,24,96,0.0013825,20,0.0043523870408535,0.07585906982421875,0.0802560676336956,OPTIMAL,7.0,0.0,np_gurobi_optimal,0.0,715.0,0.0,0,14.0,224,True,7.0
10343107839725815555,2,16,4,"[4, 4, 4, 4]","[[2, 3, 4, 5], [3, 3, 6, 6], [4, 5, 5, 6], [2, 3, 3, 4]]",1.0,1,2,3,3,PP,"[[3, 1], [3, 1], [3, 1], [3, 1]]",8,24,96,0.0040515,20,0.004234118387103081,0.03676891326904297,0.0410542993480339,OPTIMAL,7.0,0.0,np_gurobi_optimal,0.0,313.0,1.625,26,17.5,280,True,7.0
7978900739485728337,0,20,4,"[5, 5, 5, 5]","[[2, 5, 6, 8, 13], [2, 4, 5, 8, 9], [2, 9, 9, 11, 14], [2, 3, 4, 9, 15]]",0.4,1,2,,1,NP,"[[1, 1, 1, 1, 1], [1, 1, 1, 1, 1], [1, 1, 1, 1, 1], [1, 1, 1, 1, 1]]",20,150,150,0.00329,20,0.006533573381602764,5.0002219676971436,5.0068147327849655,TIME_LIMIT,6.6,,,0.6242473879945483,10850.0,0.0,0,0.0,0,,
7978900739485728337,0,20,4,"[5, 5, 5, 5]","[[2, 5, 6, 8, 13], [2, 4, 5, 8, 9], [2, 9, 9, 11, 14], [2, 3, 4, 9, 15]]",0.4,1,2,2,,CHP,"[[1, 3, 1], [3, 2], [1, 3, 1], [3, 1, 1]]",11,45,150,0.004236,20,0.005302403122186661,0.24901294708251953,0.254366502510725,OPTIMAL,6.4,,,0.0,2789.0,2.35,47,16.15,323,,
7978900739485728337,0,20,4,"[5, 5, 5, 5]","[[2, 5, 6, 8, 13], [2, 4, 5, 8, 9], [2, 9, 9, 11, 14], [2, 3, 4, 9, 15]]",0.4,1,2,2,2,PP,"[[1, 2, 1, 1], [2, 1, 2], [1, 2, 1, 1], [2, 1, 1, 1]]",15,84,150,0.0045265,20,0.00567244179546833,5.000054121017456,5.005781707626177,TIME_LIMIT,6.4,,,0.42148996013436957,14302.0,0.85,17,8.5,170,,6.4
7978900739485728337,0,20,4,"[5, 5, 5, 5]","[[2, 5, 6, 8, 13], [2, 4, 5, 8, 9], [2, 9, 9, 11, 14], [2, 3, 4, 9, 15]]",0.4,1,2,2,3,PP,"[[1, 3, 1], [3, 2], [1, 3, 1], [3, 1, 1]]",11,45,150,0.004662,20,0.005133569240570068,0.24805307388305664,0.2532433409098382,OPTIMAL,6.4,,,0.0,2789.0,2.35,47,11.05,221,,6.4
7978900739485728337,0,20,4,"[5, 5, 5, 5]","[[2, 5, 6, 8, 13], [2, 4, 5, 8, 9], [2, 9, 9, 11, 14], [2, 3, 4, 9, 15]]",0.4,1,2,3,,CHP,"[[4, 1], [5], [1, 4], [3, 1, 1]]",8,23,150,0.0044815,20,0.003921856172382832,0.03398299217224121,0.03795318209937239,OPTIMAL,6.4,,,0.0,222.0,7.25,145,34.2,684,,
7978900739485728337,0,20,4,"[5, 5, 5, 5]","[[2, 5, 6, 8, 13], [2, 4, 5, 8, 9], [2, 9, 9, 11, 14], [2, 3, 4, 9, 15]]",0.4,1,2,3,2,PP,"[[2, 2, 1], [2, 2, 1], [1, 2, 2], [2, 1, 1, 1]]",13,63,150,0.004577,20,0.004872813820838928,1.0975642204284668,1.1024901732023138,OPTIMAL,6.4,,,0.0,7796.0,6.5,130,18.0,360,,6.4
7978900739485728337,0,20,4,"[5, 5, 5, 5]","[[2, 5, 6, 8, 13], [2, 4, 5, 8, 9], [2, 9, 9, 11, 14], [2, 3, 4, 9, 15]]",0.4,1,2,3,3,PP,"[[3, 1, 1], [3, 2], [1, 3, 1], [3, 1, 1]]",11,45,150,0.003896,20,0.005414352752268314,0.16515803337097168,0.17063246974548912,OPTIMAL,6.4,,,0.0,1490.0,3.4,68,23.4,468,,6.4
13755877369751767079,1,20,4,"[5, 5, 5, 5]","[[0, 2, 7, 8, 10], [5, 9, 10, 12, 15], [4, 4, 7, 7, 9], [3, 9, 10, 13, 16]]",0.4,1,2,,1,NP,"[[1, 1, 1, 1, 1], [1, 1, 1, 1, 1], [1, 1, 1, 1, 1], [1, 1, 1, 1, 1]]",20,150,150,0.003605,20,0.006865736097097397,5.000052213668823,5.0069859659665035,TIME_LIMIT,5.35,,,0.5228555142561659,13624.0,0.0,0,0.0,0,,
13755877369751767079,1,20,4,"[5, 5, 5, 5]","[[0, 2, 7, 8, 10], [5, 9, 10, 12, 15], [4, 4, 7, 7, 9], [3, 9, 10, 13, 16]]",0.4,1,2,2,,CHP,"[[2, 3], [1, 3, 1], [2, 3], [1, 2, 1, 1]]",11,44,150,0.0042015,20,0.005102301016449928,0.07264590263366699,0.0777973563655033,OPTIMAL,5.3,,,0.0,740.0,3.0,60,16.15,323,,
13755877369751767079,1,20,4,"[5, 5, 5, 5]","[[0, 2, 7, 8, 10], [5, 9, 10, 12, 15], [4, 4, 7, 7, 9], [3, 9, 10, 13, 16]]",0.4,1,2,2,2,PP,"[[2, 2, 1], [1, 2, 1, 1], [2, 2, 1], [1, 2, 1, 1]]",14,73,150,0.004547,20,0.005225056782364845,1.384019136428833,1.3893028975502344,OPTIMAL,5.3,,,0.0,12279.0,0.85,17,8.5,170,,5.3
13755877369751767079,1,20,4,"[5, 5, 5, 5]","[[0, 2, 7, 8, 10], [5, 9, 10, 12, 15], [4, 4, 7, 7, 9], [3, 9, 10, 13, 16]]",0.4,1,2,2,3,PP,"[[2, 3], [1, 3, 1], [2, 3], [1, 2, 1, 1]]",11,44,150,0.004672,20,0.004933354444801807,0.07241415977478027,0.07740453306753349,OPTIMAL,5.3,,,0.0,740.0,3.0,60,11.05,221,,5.3
13755877369751767079,1,20,4,"[5, 5, 5, 5]","[[0, 2, 7, 8, 10], [5, 9, 10, 12, 15], [4, 4, 7, 7, 9], [3, 9, 10, 13, 16]]",0.4,1,2,3,,CHP,"[[2, 3], [1, 4], [5], [1, 4]]",7,18,150,0.004607,20,0.004703679122030735,0.015928030014038086,0.020701344803518772,OPTIMAL,5.3,,,0.0,100.0,9.3,186,34.2,684,,
13755877369751767079,1,20,4,"[5, 5, 5, 5]","[[0, 2, 7, 8, 10], [5, 9, 10, 12, 15], [4, 4, 7, 7, 9], [3, 9, 10, 13, 16]]",0.4,1,2,3,2,PP,"[[2, 2, 1], [1, 2, 2], [2, 2, 1], [1, 2, 2]]",12,54,150,0.001703,20,0.005359449423849583,0.5293889045715332,0.5348144793718367,OPTIMAL,5.3,,,0.0,4698.0,3.85,77,18.0,360,,5.3
13755877369751767079,1,20,4,"[5, 5, 5, 5]","[[0, 2, 7, 8, 10], [5, 9, 10, 12, 15], [4, 4, 7, 7, 9], [3, 9, 10, 13, 16]]",0.4,1,2,3,3,PP,"[[2, 3], [1, 3, 1], [3, 2], [1, 3, 1]]",10,37,150,0.0043465,20,0.004730799235403538,0.08460402488708496,0.08938357049491072,OPTIMAL,5.3,,,0.0,893.0,6.3,126,23.4,468,,5.3
15220466147636921654,2,20,4,"[5, 5, 5, 5]","[[3, 4, 7, 9, 9], [4, 6, 6, 9, 9], [2, 2, 2, 5, 6], [7, 10, 12, 13, 14]]",0.4,1,2,,1,NP,"[[1, 1, 1, 1, 1], [1, 1, 1, 1, 1], [1, 1, 1, 1, 1], [1, 1, 1, 1, 1]]",20,150,150,0.003235,20,0.00664166733622551,5.000188827514648,5.0068850401368,TIME_LIMIT,6.05,,,0.46035786063312156,10273.0,0.0,0,0.0,0,,
15220466147636921654,2,20,4,"[5, 5, 5, 5]","[[3, 4, 7, 9, 9], [4, 6, 6, 9, 9], [2, 2, 2, 5, 6], [7, 10, 12, 13, 14]]",0.4,1,2,2,,CHP,"[[2, 3], [3, 2], [3, 2], [1, 4]]",8,24,150,0.004126,20,0.004929128102958202,0.041764020919799805,0.046743349413169384,OPTIMAL,6.05,,,0.0,297.0,2.4,48,16.15,323,,
15220466147636921654,2,20,4,"[5, 5, 5, 5]","[[3, 4, 7, 9, 9], [4, 6, 6, 9, 9], [2, 2, 2, 5, 6], [7, 10, 12, 13, 14]]",0.4,1,2,2,2,PP,"[[2, 2, 1], [2, 1, 2], [2, 1, 2], [1, 2, 2]]",12,54,150,0.004602,20,0.004840976558625698,0.24088287353515625,0.24577403102058362,OPTIMAL,6.05,,,0.0,2147.0,2.4,48,8.5,170,,6.05
15220466147636921654,2,20,4,"[5, 5, 5, 5]","[[3, 4, 7, 9, 9], [4, 6, 6, 9, 9], [2, 2, 2, 5, 6], [7, 10, 12, 13, 14]]",0.4,1,2,2,3,PP,"[[2, 3], [3, 2], [3, 2], [1, 3, 1]]",9,30,150,0.004517,20,0.004154518246650696,0.056630849838256836,0.06083709941415024,OPTIMAL,6.05,,,0.0,467.0,2.4,48,11.05,221,,6.05
15220466147636921654,2,20,4,"[5, 5, 5, 5]","[[3, 4, 7, 9, 9], [4, 6, 6, 9, 9], [2, 2, 2, 5, 6], [7, 10, 12, 13, 14]]",0.4,1,2,3,,CHP,"[[5], [5], [5], [5]]",4,6,150,0.00348,20,0.0033289510756731033,0.004833221435546875,0.008207989504139424,OPTIMAL,6.05,,,0.0,13.0,9.1,182,34.2,684,,
15220466147636921654,2,20,4,"[5, 5, 5, 5]","[[3, 4, 7, 9, 9], [4, 6, 6, 9, 9], [2, 2, 2, 5, 6], [7, 10, 12, 13, 14]]",0.4,1,2,3,2,PP,"[[2, 2, 1], [2, 2, 1], [2, 2, 1], [2, 2, 1]]",12,54,150,0.001517,20,0.0048993537202477455,0.1483478546142578,0.15329234848390055,OPTIMAL,6.05,,,0.0,1150.0,6.6,132,18.0,360,,6.05
15220466147636921654,2,20,4,"[5, 5, 5, 5]","[[3, 4, 7, 9, 9], [4, 6, 6, 9, 9], [2, 2, 2, 5, 6], [7, 10, 12, 13, 14]]",0.4,1,2,3,3,PP,"[[3, 2], [3, 2], [3, 2], [3, 2]]",8,24,150,0.001497,20,0.00352545827627182,0.028512954711914062,0.032084102175673965,OPTIMAL,6.05,,,0.0,222.0,5.15,103,23.4,468,,6.05
13608824610981170908,0,20,4,"[5, 5, 5, 5]","[[1, 1, 6, 6, 6], [2, 5, 7, 11, 13], [2, 3, 3, 3, 9], [4, 7, 8, 8, 11]]",0.7,1,2,,1,NP,"[[1, 1, 1, 1, 1], [1, 1, 1, 1, 1], [1, 1, 1, 1, 1], [1, 1, 1, 1, 1]]",20,150,150,0.001066,20,0.005777301266789436,5.000100135803223,5.005927827776209,TIME_LIMIT,7.1,,,0.5897098422678468,8797.0,0.0,0,0.0,0,,
13608824610981170908,0,20,4,"[5, 5, 5, 5]","[[1, 1, 6, 6, 6], [2, 5, 7, 11, 13], [2, 3, 3, 3, 9], [4, 7, 8, 8, 11]]",0.7,1,2,2,,CHP,"[[2, 3], [1, 2, 2], [4, 1], [1, 3, 1]]",10,37,150,0.004242,20,0.004506461322307587,0.17708587646484375,0.18164828122855853,OPTIMAL,7.0,,,0.0,2112.0,1.5,30,16.15,323,,
13608824610981170908,0,20,4,"[5, 5, 5, 5]","[[1, 1, 6, 6, 6], [2, 5, 7, 11, 13], [2, 3, 3, 3, 9], [4, 7, 8, 8, 11]]",0.7,1,2,2,2,PP,"[[2, 2, 1], [1, 2, 2], [2, 2, 1], [1, 2, 1, 1]]",13,63,150,0.0046465,20,0.004580152221024036,2.354423999786377,2.359060145114907,OPTIMAL,7.0,,,0.0,14772.0,1.5,30,8.5,170,,7.0
13608824610981170908,0,20,4,"[5, 5, 5, 5]","[[1, 1, 6, 6, 6], [2, 5, 7, 11, 13], [2, 3, 3, 3, 9], [4, 7, 8, 8, 11]]",0.7,1,2,2,3,PP,"[[2, 3], [1, 2, 2], [3, 1, 1], [1, 3, 1]]",11,45,150,0.004457,20,0.005321791395545006,0.5029749870300293,0.5083494313688106,OPTIMAL,7.0,,,0.0,4174.0,1.5,30,11.05,221,,7.0
13608824610981170908,0,20,4,"[5, 5, 5, 5]","[[1, 1, 6, 6, 6], [2, 5, 7, 11, 13], [2, 3, 3, 3, 9], [4, 7, 8, 8, 11]]",0.7,1,2,3,,CHP,"[[2, 3], [3, 2], [4, 1], [5]]",7,18,150,0.004111,20,0.004422483965754509,0.022968053817749023,0.027439251684247018,OPTIMAL,7.0,,,0.0,129.0,6.6,132,34.2,684,,
13608824610981170908,0,20,4,"[5, 5, 5, 5]","[[1, 1, 6, 6, 6], [2, 5, 7, 11, 13], [2, 3, 3, 3, 9], [4, 7, 8, 8, 11]]",0.7,1,2,3,2,PP,"[[2, 2, 1], [2, 1, 2], [2, 2, 1], [2, 2, 1]]",12,54,150,0.005068,20,0.00506996177136898,0.7807919979095459,0.7859280023011975,OPTIMAL,7.0,,,0.0,5803.0,4.3,86,18.0,360,,7.0
13608824610981170908,0,20,4,"[5, 5, 5, 5]","[[1, 1, 6, 6, 6], [2, 5, 7, 11, 13], [2, 3, 3, 3, 9], [4, 7, 8, 8, 11]]",0.7,1,2,3,3,PP,"[[2, 3], [3, 2], [3, 1, 1], [3, 2]]",9,30,150,0.0043065,20,0.004246997646987438,0.08032488822937012,0.08462142298851633,OPTIMAL,7.0,,,0.0,758.0,6.6,132,23.4,468,,7.0
10473035587848921997,1,20,4,"[5, 5, 5, 5]","[[3, 4, 5, 7, 12], [3, 3, 3, 3, 5], [4, 8, 10, 11, 14], [1, 1, 3, 4, 6]]",0.7,1,2,,1,NP,"[[1, 1, 1, 1, 1], [1, 1, 1, 1, 1], [1, 1, 1, 1, 1], [1, 1, 1, 1, 1]]",20,150,150,0.0032,20,0.006592974066734314,5.000074863433838,5.006725138028932,TIME_LIMIT,6.7,,,0.5234281268676683,10442.0,0.0,0,0.0,0,,
10473035587848921997,1,20,4,"[5, 5, 5, 5]","[[3, 4, 5, 7, 12], [3, 3, 3, 3, 5], [4, 8, 10, 11, 14], [1, 1, 3, 4, 6]]",0.7,1,2,2,,CHP,"[[4, 1], [5], [1, 3, 1], [5]]",7,17,150,0.0042015,20,0.004544617608189583,0.019143104553222656,0.023737437395633696,OPTIMAL,7.3,,,0.0,91.0,3.75,75,16.15,323,,
10473035587848921997,1,20,4,"[5, 5, 5, 5]","[[3, 4, 5, 7, 12], [3, 3, 3, 3, 5], [4, 8, 10, 11, 14], [1, 1, 3, 4, 6]]",0.7,1,2,2,2,PP,"[[2, 2, 1], [2, 2, 1], [1, 2, 1, 1], [2, 2, 1]]",13,63,150,0.0015825,20,0.004185275174677372,1.0002799034118652,1.0045154683258724,OPTIMAL,6.7,,,0.0,5660.0,1.55,31,8.5,170,,7.3
10473035587848921997,1,20,4,"[5, 5, 5, 5]","[[3, 4, 5, 7, 12], [3, 3, 3, 3, 5], [4, 8, 10, 11, 14], [1, 1, 3, 4, 6]]",0.7,1,2,2,3,PP,"[[3, 1, 1], [3, 2], [1, 3, 1], [3, 2]]",10,37,150,0.004491,20,0.005217955447733402,0.11277484893798828,0.11804140375417804,OPTIMAL,6.9,,,0.0,1070.0,3.0,60,11.05,221,,7.3
10473035587848921997,1,20,4,"[5, 5, 5, 5]","[[3, 4, 5, 7, 12], [3, 3, 3, 3, 5], [4, 8, 10, 11, 14], [1, 1, 3, 4, 6]]",0.7,1,2,3,,CHP,"[[4, 1], [5], [1, 4], [5]]",6,13,150,0.004146,20,0.0041388655081391335,0.011215925216674805,0.015401856725665092,OPTIMAL,7.3,,,0.0,55.0,5.25,105,34.2,684,,
10473035587848921997,1,20,4,"[5, 5, 5, 5]","[[3, 4, 5, 7, 12], [3, 3, 3, 3, 5], [4, 8, 10, 11, 14], [1, 1, 3, 4, 6]]",0.7,1,2,3,2,PP,"[[2, 2, 1], [2, 2, 1], [1, 2, 2], [2, 2, 1]]",12,54,150,0.005138,20,0.005180839449167252,0.7187609672546387,0.7240076324767356,OPTIMAL,6.7,,,0.0,4661.0,3.05,61,18.0,360,,7.3
10473035587848921997,1,20,4,"[5, 5, 5, 5]","[[3, 4, 5, 7, 12], [3, 3, 3, 3, 5], [4, 8, 10, 11, 14], [1, 1, 3, 4, 6]]",0.7,1,2,3,3,PP,"[[3, 1, 1], [3, 2], [1, 3, 1], [3, 2]]",10,37,150,0.004557,20,0.00483010895550251,0.11382102966308594,0.11870155766745281,OPTIMAL,6.9,,,0.0,1070.0,3.0,60,23.4,468,,7.3
16322304947374164068,2,20,4,"[5, 5, 5, 5]","[[4, 6, 8, 9, 11], [3, 4, 8, 12, 12], [2, 3, 5, 5, 5], [2, 3, 3, 3, 3]]",0.7,1,2,,1,NP,"[[1, 1, 1, 1, 1], [1, 1, 1, 1, 1], [1, 1, 1, 1, 1], [1, 1, 1, 1, 1]]",20,150,150,0.003185,20,0.006822420284152031,5.000067949295044,5.006945894907889,TIME_LIMIT,7.45,,,0.5328646001714755,8902.0,0.0,0,0.0,0,,
16322304947374164068,2,20,4,"[5, 5, 5, 5]","[[4, 6, 8, 9, 11], [3, 4, 8, 12, 12], [2, 3, 5, 5, 5], [2, 3, 3, 3, 3]]",0.7,1,2,2,,CHP,"[[5], [2, 1, 2], [5], [5]]",6,12,150,0.004131,20,0.004749576561152935,0.014667987823486328,0.019467393520730496,OPTIMAL,7.45,,,0.0,70.0,3.15,63,16.15,323,,
16322304947374164068,2,20,4,"[5, 5, 5, 5]","[[4, 6, 8, 9, 11], [3, 4, 8, 12, 12], [2, 3, 5, 5, 5], [2, 3, 3, 3, 3]]",0.7,1,2,2,2,PP,"[[2, 2, 1], [2, 1, 2], [2, 2, 1], [2, 2, 1]]",12,54,150,0.004692,20,0.005285527557134628,0.3071460723876953,0.31248522549554536,OPTIMAL,7.45,,,0.0,2941.0,0.85,17,8.5,170,,7.45
16322304947374164068,2,20,4,"[5, 5, 5, 5]","[[4, 6, 8, 9, 11], [3, 4, 8, 12, 12], [2, 3, 5, 5, 5], [2, 3, 3, 3, 3]]",0.7,1,2,2,3,PP,"[[3, 2], [2, 1, 2], [3, 2], [3, 2]]",9,30,150,0.003771,20,0.0041126348078250885,0.09267401695251465,0.09683401331344461,OPTIMAL,7.45,,,0.0,828.0,3.15,63,11.05,221,,7.45
16322304947374164068,2,20,4,"[5, 5, 5, 5]","[[4, 6, 8, 9, 11], [3, 4, 8, 12, 12], [2, 3, 5, 5, 5], [2, 3, 3, 3, 3]]",0.7,1,2,3,,CHP,"[[5], [2, 1, 2], [5], [5]]",6,12,150,0.004081,20,0.003611297346651554,0.014615774154663086,0.018274201956003665,OPTIMAL,7.45,,,0.0,70.0,3.15,63,34.2,684,,
16322304947374164068,2,20,4,"[5, 5, 5, 5]","[[4, 6, 8, 9, 11], [3, 4, 8, 12, 12], [2, 3, 5, 5, 5], [2, 3, 3, 3, 3]]",0.7,1,2,3,2,PP,"[[2, 2, 1], [2, 1, 2], [2, 2, 1], [2, 2, 1]]",12,54,150,0.005163,20,0.005295031704008579,0.30826902389526367,0.3136270816708331,OPTIMAL,7.45,,,0.0,2941.0,0.85,17,18.0,360,,7.45
16322304947374164068,2,20,4,"[5, 5, 5, 5]","[[4, 6, 8, 9, 11], [3, 4, 8, 12, 12], [2, 3, 5, 5, 5], [2, 3, 3, 3, 3]]",0.7,1,2,3,3,PP,"[[3, 2], [2, 1, 2], [3, 2], [3, 2]]",9,30,150,0.0044465,20,0.004635785706341267,0.09276795387268066,0.09745286441689396,OPTIMAL,7.45,,,0.0,828.0,3.15,63,23.4,468,,7.45
10107985014724230268,0,20,4,"[5, 5, 5, 5]","[[1, 1, 2, 4, 5], [3, 3, 4, 4, 6], [2, 3, 4, 4, 7], [1, 4, 4, 4, 4]]",1.0,1,2,,1,NP,"[[1, 1, 1, 1, 1], [1, 1, 1, 1, 1], [1, 1, 1, 1, 1], [1, 1, 1, 1, 1]]",20,150,150,0.003139,20,0.007532274350523949,5.000113010406494,5.007711516204836,TIME_LIMIT,8.5,,,0.5465686274509938,8794.0,0.0,0,0.0,0,,
10107985014724230268,0,20,4,"[5, 5, 5, 5]","[[1, 1, 2, 4, 5], [3, 3, 4, 4, 6], [2, 3, 4, 4, 7], [1, 4, 4, 4, 4]]",1.0,1,2,2,,CHP,"[[5], [5], [4, 1], [1, 4]]",6,13,150,0.004562,20,0.004862799309194088,0.017919063568115234,0.022850446785056114,OPTIMAL,8.5,,,0.0,91.0,1.45,29,16.15,323,,
10107985014724230268,0,20,4,"[5, 5, 5, 5]","[[1, 1, 2, 4, 5], [3, 3, 4, 4, 6], [2, 3, 4, 4, 7], [1, 4, 4, 4, 4]]",1.0,1,2,2,2,PP,"[[2, 2, 1], [2, 2, 1], [2, 2, 1], [1, 2, 2]]",12,54,150,0.0015125,20,0.004955588839948177,0.8796210289001465,0.8846275955760002,OPTIMAL,8.5,,,0.0,5753.0,0.75,15,8.5,170,,8.5
10107985014724230268,0,20,4,"[5, 5, 5, 5]","[[1, 1, 2, 4, 5], [3, 3, 4, 4, 6], [2, 3, 4, 4, 7], [1, 4, 4, 4, 4]]",1.0,1,2,2,3,PP,"[[3, 2], [3, 2], [3, 1, 1], [1, 3, 1]]",10,37,150,0.0048925,20,0.005182061344385147,0.07466506958007812,0.07990883689548255,OPTIMAL,8.5,,,0.0,769.0,0.7,14,11.05,221,,8.5
10107985014724230268,0,20,4,"[5, 5, 5, 5]","[[1, 1, 2, 4, 5], [3, 3, 4, 4, 6], [2, 3, 4, 4, 7], [1, 4, 4, 4, 4]]",1.0,1,2,3,,CHP,"[[5], [5], [5], [5]]",4,6,150,0.0041165,20,0.0036144116893410683,0.0056171417236328125,0.009279524030367374,OPTIMAL,8.5,,,0.0,21.0,4.75,95,34.2,684,,
10107985014724230268,0,20,4,"[5, 5, 5, 5]","[[1, 1, 2, 4, 5], [3, 3, 4, 4, 6], [2, 3, 4, 4, 7], [1, 4, 4, 4, 4]]",1.0,1,2,3,2,PP,"[[2, 2, 1], [2, 2, 1], [2, 2, 1], [2, 2, 1]]",12,54,150,0.001668,20,0.004348953254520893,0.28717494010925293,0.29157033935316135,OPTIMAL,8.5,,,0.0,2816.0,2.55,51,18.0,360,,8.5
10107985014724230268,0,20,4,"[5, 5, 5, 5]","[[1, 1, 2, 4, 5], [3, 3, 4, 4, 6], [2, 3, 4, 4, 7], [1, 4, 4, 4, 4]]",1.0,1,2,3,3,PP,"[[3, 2], [3, 2], [3, 2], [3, 2]]",8,24,150,0.005107,20,0.004863699898123741,0.04460501670837402,0.049530440568453786,OPTIMAL,8.5,,,0.0,364.0,4.0,80,23.4,468,,8.5
12835621316930140213,1,20,4,"[5, 5, 5, 5]","[[1, 2, 2, 2, 2], [2, 3, 7, 8, 10], [3, 5, 5, 6, 9], [1, 1, 1, 2, 4]]",1.0,1,2,,1,NP,"[[1, 1, 1, 1, 1], [1, 1, 1, 1, 1], [1, 1, 1, 1, 1], [1, 1, 1, 1, 1]]",20,150,150,0.00318,20,0.007066759280860424,5.0000739097595215,5.007207564543002,TIME_LIMIT,8.2,,,0.5548456760712462,7115.0,0.0,0,0.0,0,,
12835621316930140213,1,20,4,"[5, 5, 5, 5]","[[1, 2, 2, 2, 2], [2, 3, 7, 8, 10], [3, 5, 5, 6, 9], [1, 1, 1, 2, 4]]",1.0,1,2,2,,CHP,"[[5], [2, 3], [4, 1], [5]]",6,13,150,0.004211,20,0.0049254437908530235,0.016623973846435547,0.021599215945993424,OPTIMAL,8.2,,,0.0,95.0,2.25,45,16.15,323,,
12835621316930140213,1,20,4,"[5, 5, 5, 5]","[[1, 2, 2, 2, 2], [2, 3, 7, 8, 10], [3, 5, 5, 6, 9], [1, 1, 1, 2, 4]]",1.0,1,2,2,2,PP,"[[2, 2, 1], [2, 2, 1], [2, 2, 1], [2, 2, 1]]",12,54,150,0.004697,20,0.0049513522535562515,0.347553014755249,0.35255360171696853,OPTIMAL,8.2,,,0.0,3522.0,0.85,17,8.5,170,,8.2
12835621316930140213,1,20,4,"[5, 5, 5, 5]","[[1, 2, 2, 2, 2], [2, 3, 7, 8, 10], [3, 5, 5, 6, 9], [1, 1, 1, 2, 4]]",1.0,1,2,2,3,PP,"[[3, 2], [2, 3], [3, 1, 1], [3, 2]]",9,30,150,0.0050025,20,0.005219678394496441,0.09065985679626465,0.09594175535577774,OPTIMAL,8.2,,,0.0,1012.0,2.25,45,11.05,221,,8.2
12835621316930140213,1,20,4,"[5, 5, 5, 5]","[[1, 2, 2, 2, 2], [2, 3, 7, 8, 10], [3, 5, 5, 6, 9], [1, 1, 1, 2, 4]]",1.0,1,2,3,,CHP,"[[5], [2, 3], [5], [5]]",5,9,150,0.003545,20,0.004297264851629734,0.013780832290649414,0.018137961081011296,OPTIMAL,8.2,,,0.0,53.0,3.75,75,34.2,684,,
12835621316930140213,1,20,4,"[5, 5, 5, 5]","[[1, 2, 2, 2, 2], [2, 3, 7, 8, 10], [3, 5, 5, 6, 9], [1, 1, 1, 2, 4]]",1.0,1,2,3,2,PP,"[[2, 2, 1], [2, 2, 1], [2, 2, 1], [2, 2, 1]]",12,54,150,0.0051575,20,0.005578340031206608,0.35303211212158203,0.3586741013670874,OPTIMAL,8.2,,,0.0,3522.0,0.85,17,18.0,360,,8.2
12835621316930140213,1,20,4,"[5, 5, 5, 5]","[[1, 2, 2, 2, 2], [2, 3, 7, 8, 10], [3, 5, 5, 6, 9], [1, 1, 1, 2, 4]]",1.0,1,2,3,3,PP,"[[3, 2], [2, 3], [3, 2], [3, 2]]",8,24,150,0.004311,20,0.004425518214702606,0.06768798828125,0.07216760693211413,OPTIMAL,8.2,,,0.0,710.0,3.75,75,23.4,468,,8.2
14771961737711289545,2,20,4,"[5, 5, 5, 5]","[[5, 7, 8, 10, 10], [1, 1, 2, 3, 4], [1, 3, 4, 5, 5], [2, 2, 3, 3, 4]]",1.0,1,2,,1,NP,"[[1, 1, 1, 1, 1], [1, 1, 1, 1, 1], [1, 1, 1, 1, 1], [1, 1, 1, 1, 1]]",20,150,150,0.002965,20,0.006517259404063225,5.000063896179199,5.006637618545916,TIME_LIMIT,8.25,,,0.5268244145942068,8758.0,0.0,0,0.0,0,,
14771961737711289545,2,20,4,"[5, 5, 5, 5]","[[5, 7, 8, 10, 10], [1, 1, 2, 3, 4], [1, 3, 4, 5, 5], [2, 2, 3, 3, 4]]",1.0,1,2,2,,CHP,"[[5], [5], [5], [5]]",4,6,150,0.004156,20,0.004356653429567814,0.0073430538177490234,0.011748904800992966,OPTIMAL,7.85,,,0.0,30.0,2.45,49,16.15,323,,
14771961737711289545,2,20,4,"[5, 5, 5, 5]","[[5, 7, 8, 10, 10], [1, 1, 2, 3, 4], [1, 3, 4, 5, 5], [2, 2, 3, 3, 4]]",1.0,1,2,2,2,PP,"[[2, 2, 1], [2, 2, 1], [2, 2, 1], [2, 2, 1]]",12,54,150,0.004627,20,0.004724811762571335,0.2942180633544922,0.29899156764468143,OPTIMAL,7.85,,,0.0,2653.0,2.45,49,8.5,170,,7.85
14771961737711289545,2,20,4,"[5, 5, 5, 5]","[[5, 7, 8, 10, 10], [1, 1, 2, 3, 4], [1, 3, 4, 5, 5], [2, 2, 3, 3, 4]]",1.0,1,2,2,3,PP,"[[3, 2], [3, 2], [3, 2], [3, 2]]",8,24,150,0.004517,20,0.004880745895206928,0.0556941032409668,0.06063631558028889,OPTIMAL,7.85,,,0.0,392.0,1.7,34,11.05,221,,7.85
14771961737711289545,2,20,4,"[5, 5, 5, 5]","[[5, 7, 8, 10, 10], [1, 1, 2, 3, 4], [1, 3, 4, 5, 5], [2, 2, 3, 3, 4]]",1.0,1,2,3,,CHP,"[[5], [5], [5], [5]]",4,6,150,0.004597,20,0.00440721120685339,0.007787942886352539,0.01225584278922987,OPTIMAL,7.85,,,0.0,30.0,2.45,49,34.2,684,,
14771961737711289545,2,20,4,"[5, 5, 5, 5]","[[5, 7, 8, 10, 10], [1, 1, 2, 3, 4], [1, 3, 4, 5, 5], [2, 2, 3, 3, 4]]",1.0,1,2,3,2,PP,"[[2, 2, 1], [2, 2, 1], [2, 2, 1], [2, 2, 1]]",12,54,150,0.004457,20,0.004648434929549694,0.295428991317749,0.3001279147968717,OPTIMAL,7.85,,,0.0,2653.0,2.45,49,18.0,360,,7.85
14771961737711289545,2,20,4,"[5, 5, 5, 5]","[[5, 7, 8, 10, 10], [1, 1, 2, 3, 4], [1, 3, 4, 5, 5], [2, 2, 3, 3, 4]]",1.0,1,2,3,3,PP,"[[3, 2], [3, 2], [3, 2], [3, 2]]",8,24,150,0.004392,20,0.005002930760383606,0.0558321475982666,0.06089701491789055,OPTIMAL,7.85,,,0.0,392.0,1.7,34,23.4,468,,7.85
