seed,replication,N,L,counts,releases,arrival_rate,h_F,h_S,threshold,max_platoon_size,method,partition,number_of_platoons,ordering_variable_count,vehicle_level_ordering_variable_count,dimension_reduction_ratio,formation_time_ms,formation_repetitions,model_build_time_s,solve_time_s,end_to_end_time_s,status,objective,actual_optimality_gap,actual_gap_reference,terminal_mip_gap,node_count,partition_specific_upper_bound,scaled_partition_specific_upper_bound,rule_level_upper_bound,scaled_rule_level_upper_bound,np_optimal_objective,matching_chp_objective,pp_optimal_objective,D_NP,D_CHP,D_PP,bound_check_available,bound_valid,bound_slack,delay_order_check_available,np_pp_chp_delay_order_holds
10090335541577908271,0,8,4,"[2, 2, 2, 2]","[[4, 13], [3, 5], [3, 10], [5, 5]]",0.4,1,2,,1,NP,"[[1, 1], [1, 1], [1, 1], [1, 1]]",8,24,24,0.0,0.000902,20,0.22643443197011948,0.026525020599365234,0.2530351379095812,OPTIMAL,2.625,0.0,exact_enumeration,0.0,161.0,0.0,0,0.0,0,2.625,,,2.625,,,False,,,False,
10090335541577908271,0,8,4,"[2, 2, 2, 2]","[[4, 13], [3, 5], [3, 10], [5, 5]]",0.4,1,2,2,,CHP,"[[1, 1], [2], [1, 1], [2]]",6,13,24,0.45833333333333337,0.0034,20,0.0040467269718647,0.010648965835571289,0.014746834265255929,OPTIMAL,2.625,0.0,exact_enumeration,0.0,38.0,0.625,5,4.375,35,2.625,,,2.625,2.625,,False,,,False,
10090335541577908271,0,8,4,"[2, 2, 2, 2]","[[4, 13], [3, 5], [3, 10], [5, 5]]",0.4,1,2,2,2,PP,"[[1, 1], [2], [1, 1], [2]]",6,13,24,0.45833333333333337,0.00325,20,0.0039024483412504196,0.00995492935180664,0.013908886966228485,OPTIMAL,2.625,0.0,exact_enumeration,0.0,38.0,0.625,5,2.5,20,2.625,2.625,2.625,2.625,2.625,2.625,True,True,2.5,True,True
10090335541577908271,0,8,4,"[2, 2, 2, 2]","[[4, 13], [3, 5], [3, 10], [5, 5]]",0.4,1,2,2,3,PP,"[[1, 1], [2], [1, 1], [2]]",6,13,24,0.45833333333333337,0.00336,20,0.0041868481785058975,0.010406017303466797,0.014644258443758489,OPTIMAL,2.625,0.0,exact_enumeration,0.0,38.0,0.625,5,3.125,25,2.625,2.625,2.625,2.625,2.625,2.625,True,True,3.125,True,True
10090335541577908271,0,8,4,"[2, 2, 2, 2]","[[4, 13], [3, 5], [3, 10], [5, 5]]",0.4,1,2,3,,CHP,"[[1, 1], [2], [1, 1], [2]]",6,13,24,0.45833333333333337,0.0011265,20,0.0031577218323946,0.009704113006591797,0.012906211028028965,OPTIMAL,2.625,0.0,exact_enumeration,0.0,38.0,0.625,5,10.5,84,2.625,,,2.625,2.625,,False,,,False,
10090335541577908271,0,8,4,"[2, 2, 2, 2]","[[4, 13], [3, 5], [3, 10], [5, 5]]",0.4,1,2,3,2,PP,"[[1, 1], [2], [1, 1], [2]]",6,13,24,0.45833333333333337,0.0034,20,0.00372975692152977,0.010092973709106445,0.013870288359189034,OPTIMAL,2.625,0.0,exact_enumeration,0.0,38.0,0.625,5,6.0,48,2.625,2.625,2.625,2.625,2.625,2.625,True,True,6.0,True,True
10090335541577908271,0,8,4,"[2, 2, 2, 2]","[[4, 13], [3, 5], [3, 10], [5, 5]]",0.4,1,2,3,3,PP,"[[1, 1], [2], [1, 1], [2]]",6,13,24,0.45833333333333337,0.00331,20,0.0038275346159934998,0.009771108627319336,0.013646249738929271,OPTIMAL,2.625,0.0,exact_enumeration,0.0,38.0,0.625,5,7.5,60,2.625,2.625,2.625,2.625,2.625,2.625,True,True,7.5,True,True
5614894019028137893,1,8,4,"[2, 2, 2, 2]","[[4, 7], [3, 10], [6, 7], [0, 1]]",0.4,1,2,,1,NP,"[[1, 1], [1, 1], [1, 1], [1, 1]]",8,24,24,0.0,0.000996,20,0.004548094235360622,0.0075380802154541016,0.012146273112722396,OPTIMAL,1.0,0.0,exact_enumeration,0.0,1.0,0.0,0,0.0,0,1.0,,,1.0,,,False,,,False,
5614894019028137893,1,8,4,"[2, 2, 2, 2]","[[4, 7], [3, 10], [6, 7], [0, 1]]",0.4,1,2,2,,CHP,"[[1, 1], [1, 1], [2], [2]]",6,13,24,0.45833333333333337,0.003475,20,0.0045641688629984856,0.0009610652923583984,0.00558399060074091,OPTIMAL,1.0,0.0,exact_enumeration,0.0,1.0,0.0,0,4.375,35,1.0,,,1.0,1.0,,False,,,False,
5614894019028137893,1,8,4,"[2, 2, 2, 2]","[[4, 7], [3, 10], [6, 7], [0, 1]]",0.4,1,2,2,2,PP,"[[1, 1], [1, 1], [2], [2]]",6,13,24,0.45833333333333337,0.0028145,20,0.004263062961399555,0.0009601116180419922,0.005281671924855232,OPTIMAL,1.0,0.0,exact_enumeration,0.0,1.0,0.0,0,2.5,20,1.0,1.0,1.0,1.0,1.0,1.0,True,True,2.5,True,True
5614894019028137893,1,8,4,"[2, 2, 2, 2]","[[4, 7], [3, 10], [6, 7], [0, 1]]",0.4,1,2,2,3,PP,"[[1, 1], [1, 1], [2], [2]]",6,13,24,0.45833333333333337,0.0011515,20,0.003977891989052296,0.0009598731994628906,0.0049953790509238245,OPTIMAL,1.0,0.0,exact_enumeration,0.0,1.0,0.0,0,3.125,25,1.0,1.0,1.0,1.0,1.0,1.0,True,True,3.125,True,True
5614894019028137893,1,8,4,"[2, 2, 2, 2]","[[4, 7], [3, 10], [6, 7], [0, 1]]",0.4,1,2,3,,CHP,"[[2], [1, 1], [2], [2]]",5,9,24,0.625,0.00321,20,0.0036617042496800423,0.0007309913635253906,0.004438353433511257,OPTIMAL,1.125,0.125,exact_enumeration,0.0,1.0,1.5,12,10.5,84,1.0,,,1.0,1.125,,False,,,False,
5614894019028137893,1,8,4,"[2, 2, 2, 2]","[[4, 7], [3, 10], [6, 7], [0, 1]]",0.4,1,2,3,2,PP,"[[2], [1, 1], [2], [2]]",5,9,24,0.625,0.001122,20,0.0030542463064193726,0.0007250308990478516,0.003823669383606434,OPTIMAL,1.125,0.125,exact_enumeration,0.0,1.0,1.5,12,6.0,48,1.0,1.125,1.125,1.0,1.125,1.125,True,True,5.875,True,True
5614894019028137893,1,8,4,"[2, 2, 2, 2]","[[4, 7], [3, 10], [6, 7], [0, 1]]",0.4,1,2,3,3,PP,"[[2], [1, 1], [2], [2]]",5,9,24,0.625,0.001132,20,0.0030768997967243195,0.0007100105285644531,0.0038312510361380578,OPTIMAL,1.125,0.125,exact_enumeration,0.0,1.0,1.5,12,7.5,60,1.0,1.125,1.125,1.0,1.125,1.125,True,True,7.375,True,True
15633632879917000470,2,8,4,"[2, 2, 2, 2]","[[4, 4], [0, 4], [10, 11], [1, 2]]",0.4,1,2,,1,NP,"[[1, 1], [1, 1], [1, 1], [1, 1]]",8,24,24,0.0,0.0009315,20,0.0033702030777931213,0.0033140182495117188,0.006729110321504116,OPTIMAL,1.125,0.0,exact_enumeration,0.0,1.0,0.0,0,0.0,0,1.125,,,1.125,,,False,,,False,
15633632879917000470,2,8,4,"[2, 2, 2, 2]","[[4, 4], [0, 4], [10, 11], [1, 2]]",0.4,1,2,2,,CHP,"[[2], [1, 1], [2], [2]]",5,9,24,0.625,0.0011015,20,0.0030669644474983215,0.0020599365234375,0.0051721965210690495,OPTIMAL,1.125,0.0,exact_enumeration,0.0,1.0,0.0,0,4.375,35,1.125,,,1.125,1.125,,False,,,False,
15633632879917000470,2,8,4,"[2, 2, 2, 2]","[[4, 4], [0, 4], [10, 11], [1, 2]]",0.4,1,2,2,2,PP,"[[2], [1, 1], [2], [2]]",5,9,24,0.625,0.001217,20,0.0031386325135827065,0.002050161361694336,0.005232702702097416,OPTIMAL,1.125,0.0,exact_enumeration,0.0,1.0,0.0,0,2.5,20,1.125,1.125,1.125,1.125,1.125,1.125,True,True,2.5,True,True
15633632879917000470,2,8,4,"[2, 2, 2, 2]","[[4, 4], [0, 4], [10, 11], [1, 2]]",0.4,1,2,2,3,PP,"[[2], [1, 1], [2], [2]]",5,9,24,0.625,0.001107,20,0.003089458681643009,0.0020499229431152344,0.005184140645153046,OPTIMAL,1.125,0.0,exact_enumeration,0.0,1.0,0.0,0,3.125,25,1.125,1.125,1.125,1.125,1.125,1.125,True,True,3.125,True,True
15633632879917000470,2,8,4,"[2, 2, 2, 2]","[[4, 4], [0, 4], [10, 11], [1, 2]]",0.4,1,2,3,,CHP,"[[2], [1, 1], [2], [2]]",5,9,24,0.625,0.00323,20,0.003353607840836048,0.0020530223846435547,0.005452305251817703,OPTIMAL,1.125,0.0,exact_enumeration,0.0,1.0,0.0,0,10.5,84,1.125,,,1.125,1.125,,False,,,False,
15633632879917000470,2,8,4,"[2, 2, 2, 2]","[[4, 4], [0, 4], [10, 11], [1, 2]]",0.4,1,2,3,2,PP,"[[2], [1, 1], [2], [2]]",5,9,24,0.625,0.001141,20,0.0030512716621160507,0.0020608901977539062,0.005156592595783233,OPTIMAL,1.125,0.0,exact_enumeration,0.0,1.0,0.0,0,6.0,48,1.125,1.125,1.125,1.125,1.125,1.125,True,True,6.0,True,True
15633632879917000470,2,8,4,"[2, 2, 2, 2]","[[4, 4], [0, 4], [10, 11], [1, 2]]",0.4,1,2,3,3,PP,"[[2], [1, 1], [2], [2]]",5,9,24,0.625,0.001112,20,0.0030449219048023224,0.0020689964294433594,0.0051575647675509454,OPTIMAL,1.125,0.0,exact_enumeration,0.0,1.0,0.0,0,7.5,60,1.125,1.125,1.125,1.125,1.125,1.125,True,True,7.5,True,True
4207984890178760656,0,8,4,"[2, 2, 2, 2]","[[2, 3], [1, 1], [3, 7], [3, 4]]",0.7,1,2,,1,NP,"[[1, 1], [1, 1], [1, 1], [1, 1]]",8,24,24,0.0,0.0009665,20,0.0034105749800801277,0.03170180320739746,0.035156772259131906,OPTIMAL,3.0,0.0,exact_enumeration,0.0,176.0,0.0,0,0.0,0,3.0,,,3.0,,,False,,,False,
4207984890178760656,0,8,4,"[2, 2, 2, 2]","[[2, 3], [1, 1], [3, 7], [3, 4]]",0.7,1,2,2,,CHP,"[[2], [2], [1, 1], [2]]",5,9,24,0.625,0.00323,20,0.0039835404604673386,0.008762836456298828,0.012792099440555572,OPTIMAL,3.0,0.0,exact_enumeration,0.0,31.0,0.0,0,4.375,35,3.0,,,3.0,3.0,,False,,,False,
4207984890178760656,0,8,4,"[2, 2, 2, 2]","[[2, 3], [1, 1], [3, 7], [3, 4]]",0.7,1,2,2,2,PP,"[[2], [2], [1, 1], [2]]",5,9,24,0.625,0.0011465,20,0.0030469847843050957,0.00869607925415039,0.011786919129082203,OPTIMAL,3.0,0.0,exact_enumeration,0.0,31.0,0.0,0,2.5,20,3.0,3.0,3.0,3.0,3.0,3.0,True,True,2.5,True,True
4207984890178760656,0,8,4,"[2, 2, 2, 2]","[[2, 3], [1, 1], [3, 7], [3, 4]]",0.7,1,2,2,3,PP,"[[2], [2], [1, 1], [2]]",5,9,24,0.625,0.001107,20,0.003049238584935665,0.008659124374389648,0.01175130683202219,OPTIMAL,3.0,0.0,exact_enumeration,0.0,31.0,0.0,0,3.125,25,3.0,3.0,3.0,3.0,3.0,3.0,True,True,3.125,True,True
4207984890178760656,0,8,4,"[2, 2, 2, 2]","[[2, 3], [1, 1], [3, 7], [3, 4]]",0.7,1,2,3,,CHP,"[[2], [2], [1, 1], [2]]",5,9,24,0.625,0.0010915,20,0.003041536547243595,0.008865118026733398,0.011950952922181129,OPTIMAL,3.0,0.0,exact_enumeration,0.0,31.0,0.0,0,10.5,84,3.0,,,3.0,3.0,,False,,,False,
4207984890178760656,0,8,4,"[2, 2, 2, 2]","[[2, 3], [1, 1], [3, 7], [3, 4]]",0.7,1,2,3,2,PP,"[[2], [2], [1, 1], [2]]",5,9,24,0.625,0.0012515,20,0.0033822013065218925,0.008826017379760742,0.012252127554167748,OPTIMAL,3.0,0.0,exact_enumeration,0.0,31.0,0.0,0,6.0,48,3.0,3.0,3.0,3.0,3.0,3.0,True,True,6.0,True,True
4207984890178760656,0,8,4,"[2, 2, 2, 2]","[[2, 3], [1, 1], [3, 7], [3, 4]]",0.7,1,2,3,3,PP,"[[2], [2], [1, 1], [2]]",5,9,24,0.625,0.001127,20,0.0030497489497065544,0.00865483283996582,0.011748521688427448,OPTIMAL,3.0,0.0,exact_enumeration,0.0,31.0,0.0,0,7.5,60,3.0,3.0,3.0,3.0,3.0,3.0,True,True,7.5,True,True
16248851039218987387,1,8,4,"[2, 2, 2, 2]","[[2, 6], [1, 4], [2, 4], [4, 7]]",0.7,1,2,,1,NP,"[[1, 1], [1, 1], [1, 1], [1, 1]]",8,24,24,0.0,0.000897,20,0.003563336096704006,0.030080080032348633,0.033692679504320144,OPTIMAL,2.75,0.0,exact_enumeration,0.0,192.0,0.0,0,0.0,0,2.75,,,2.75,,,False,,,False,
16248851039218987387,1,8,4,"[2, 2, 2, 2]","[[2, 6], [1, 4], [2, 4], [4, 7]]",0.7,1,2,2,,CHP,"[[1, 1], [1, 1], [2], [1, 1]]",7,18,24,0.25,0.00324,20,0.004491467960178852,0.013612985610961914,0.018155886720409395,OPTIMAL,2.75,0.0,exact_enumeration,0.0,80.0,0.625,5,4.375,35,2.75,,,2.75,2.75,,False,,,False,
16248851039218987387,1,8,4,"[2, 2, 2, 2]","[[2, 6], [1, 4], [2, 4], [4, 7]]",0.7,1,2,2,2,PP,"[[1, 1], [1, 1], [2], [1, 1]]",7,18,24,0.25,0.0034805,20,0.003995639272034168,0.013892173767089844,0.017933720870333195,OPTIMAL,2.75,0.0,exact_enumeration,0.0,80.0,0.625,5,2.5,20,2.75,2.75,2.75,2.75,2.75,2.75,True,True,2.5,True,True
16248851039218987387,1,8,4,"[2, 2, 2, 2]","[[2, 6], [1, 4], [2, 4], [4, 7]]",0.7,1,2,2,3,PP,"[[1, 1], [1, 1], [2], [1, 1]]",7,18,24,0.25,0.003255,20,0.0037476038560271263,0.013302087783813477,0.01710708628374815,OPTIMAL,2.75,0.0,exact_enumeration,0.0,80.0,0.625,5,3.125,25,2.75,2.75,2.75,2.75,2.75,2.75,True,True,3.125,True,True
16248851039218987387,1,8,4,"[2, 2, 2, 2]","[[2, 6], [1, 4], [2, 4], [4, 7]]",0.7,1,2,3,,CHP,"[[1, 1], [2], [2], [2]]",5,9,24,0.625,0.0032545,20,0.0036140931770205498,0.010697126388549805,0.014357369852034568,OPTIMAL,3.75,1.0,exact_enumeration,0.0,47.0,3.625,29,10.5,84,2.75,,,2.75,3.75,,False,,,False,
16248851039218987387,1,8,4,"[2, 2, 2, 2]","[[2, 6], [1, 4], [2, 4], [4, 7]]",0.7,1,2,3,2,PP,"[[1, 1], [2], [2], [2]]",5,9,24,0.625,0.003195,20,0.0033518262207508087,0.01067495346069336,0.014073720765419006,OPTIMAL,3.75,1.0,exact_enumeration,0.0,47.0,3.625,29,6.0,48,2.75,3.75,3.75,2.75,3.75,3.75,True,True,5.0,True,True
16248851039218987387,1,8,4,"[2, 2, 2, 2]","[[2, 6], [1, 4], [2, 4], [4, 7]]",0.7,1,2,3,3,PP,"[[1, 1], [2], [2], [2]]",5,9,24,0.625,0.003996,20,0.004418037831783295,0.011466026306152344,0.015945250794597625,OPTIMAL,3.75,1.0,exact_enumeration,0.0,47.0,3.625,29,7.5,60,2.75,3.75,3.75,2.75,3.75,3.75,True,True,6.5,True,True
14373591200640028097,2,8,4,"[2, 2, 2, 2]","[[2, 4], [2, 3], [3, 4], [2, 3]]",0.7,1,2,,1,NP,"[[1, 1], [1, 1], [1, 1], [1, 1]]",8,24,24,0.0,0.0009715,20,0.004164104349911213,0.0706930160522461,0.07491496963443423,OPTIMAL,4.125,0.0,exact_enumeration,0.0,594.0,0.0,0,0.0,0,4.125,,,4.125,,,False,,,False,
14373591200640028097,2,8,4,"[2, 2, 2, 2]","[[2, 4], [2, 3], [3, 4], [2, 3]]",0.7,1,2,2,,CHP,"[[2], [2], [2], [2]]",4,6,24,0.75,0.0039355,20,0.004632672294974327,0.006680011749267578,0.011373009263489723,OPTIMAL,4.125,0.0,exact_enumeration,0.0,32.0,0.625,5,4.375,35,4.125,,,4.125,4.125,,False,,,False,
14373591200640028097,2,8,4,"[2, 2, 2, 2]","[[2, 4], [2, 3], [3, 4], [2, 3]]",0.7,1,2,2,2,PP,"[[2], [2], [2], [2]]",4,6,24,0.75,0.003445,20,0.004481513053178787,0.0066640377044677734,0.011204754971511363,OPTIMAL,4.125,0.0,exact_enumeration,0.0,32.0,0.625,5,2.5,20,4.125,4.125,4.125,4.125,4.125,4.125,True,True,2.5,True,True
14373591200640028097,2,8,4,"[2, 2, 2, 2]","[[2, 4], [2, 3], [3, 4], [2, 3]]",0.7,1,2,2,3,PP,"[[2], [2], [2], [2]]",4,6,24,0.75,0.001167,20,0.003809487447142601,0.006354093551635742,0.01020779372817707,OPTIMAL,4.125,0.0,exact_enumeration,0.0,32.0,0.625,5,3.125,25,4.125,4.125,4.125,4.125,4.125,4.125,True,True,3.125,True,True
14373591200640028097,2,8,4,"[2, 2, 2, 2]","[[2, 4], [2, 3], [3, 4], [2, 3]]",0.7,1,2,3,,CHP,"[[2], [2], [2], [2]]",4,6,24,0.75,0.003365,20,0.0031907735392451286,0.006345033645629883,0.009596765172889233,OPTIMAL,4.125,0.0,exact_enumeration,0.0,32.0,0.625,5,10.5,84,4.125,,,4.125,4.125,,False,,,False,
14373591200640028097,2,8,4,"[2, 2, 2, 2]","[[2, 4], [2, 3], [3, 4], [2, 3]]",0.7,1,2,3,2,PP,"[[2], [2], [2], [2]]",4,6,24,0.75,0.001117,20,0.003029218874871731,0.0063571929931640625,0.009430328728274822,OPTIMAL,4.125,0.0,exact_enumeration,0.0,32.0,0.625,5,6.0,48,4.125,4.125,4.125,4.125,4.125,4.125,True,True,6.0,True,True
14373591200640028097,2,8,4,"[2, 2, 2, 2]","[[2, 4], [2, 3], [3, 4], [2, 3]]",0.7,1,2,3,3,PP,"[[2], [2], [2], [2]]",4,6,24,0.75,0.00323,20,0.004007156006991863,0.006325960159301758,0.010379673155109882,OPTIMAL,4.125,0.0,exact_enumeration,0.0,32.0,0.625,5,7.5,60,4.125,4.125,4.125,4.125,4.125,4.125,True,True,7.5,True,True
8767885486576300976,0,8,4,"[2, 2, 2, 2]","[[2, 3], [1, 2], [2, 4], [0, 1]]",1.0,1,2,,1,NP,"[[1, 1], [1, 1], [1, 1], [1, 1]]",8,24,24,0.0,0.001012,20,0.003378164954483509,0.02886486053466797,0.03228793165341568,OPTIMAL,3.125,0.0,exact_enumeration,0.0,122.0,0.0,0,0.0,0,3.125,,,3.125,,,False,,,False,
8767885486576300976,0,8,4,"[2, 2, 2, 2]","[[2, 3], [1, 2], [2, 4], [0, 1]]",1.0,1,2,2,,CHP,"[[2], [2], [2], [2]]",4,6,24,0.75,0.001067,20,0.0030124131590127945,0.004231929779052734,0.007289232390491486,OPTIMAL,3.125,0.0,exact_enumeration,0.0,11.0,0.625,5,4.375,35,3.125,,,3.125,3.125,,False,,,False,
8767885486576300976,0,8,4,"[2, 2, 2, 2]","[[2, 3], [1, 2], [2, 4], [0, 1]]",1.0,1,2,2,2,PP,"[[2], [2], [2], [2]]",4,6,24,0.75,0.001172,20,0.0030161086469888687,0.004232883453369141,0.007292892248758793,OPTIMAL,3.125,0.0,exact_enumeration,0.0,11.0,0.625,5,2.5,20,3.125,3.125,3.125,3.125,3.125,3.125,True,True,2.5,True,True
8767885486576300976,0,8,4,"[2, 2, 2, 2]","[[2, 3], [1, 2], [2, 4], [0, 1]]",1.0,1,2,2,3,PP,"[[2], [2], [2], [2]]",4,6,24,0.75,0.001107,20,0.003880736418068409,0.0042231082916259766,0.008147320367581368,OPTIMAL,3.125,0.0,exact_enumeration,0.0,11.0,0.625,5,3.125,25,3.125,3.125,3.125,3.125,3.125,3.125,True,True,3.125,True,True
8767885486576300976,0,8,4,"[2, 2, 2, 2]","[[2, 3], [1, 2], [2, 4], [0, 1]]",1.0,1,2,3,,CHP,"[[2], [2], [2], [2]]",4,6,24,0.75,0.00326,20,0.003593621775507927,0.004222869873046875,0.007862958496758938,OPTIMAL,3.125,0.0,exact_enumeration,0.0,11.0,0.625,5,10.5,84,3.125,,,3.125,3.125,,False,,,False,
8767885486576300976,0,8,4,"[2, 2, 2, 2]","[[2, 3], [1, 2], [2, 4], [0, 1]]",1.0,1,2,3,2,PP,"[[2], [2], [2], [2]]",4,6,24,0.75,0.00328,20,0.0037945862859487534,0.004225015640258789,0.008064875261096954,OPTIMAL,3.125,0.0,exact_enumeration,0.0,11.0,0.625,5,6.0,48,3.125,3.125,3.125,3.125,3.125,3.125,True,True,6.0,True,True
8767885486576300976,0,8,4,"[2, 2, 2, 2]","[[2, 3], [1, 2], [2, 4], [0, 1]]",1.0,1,2,3,3,PP,"[[2], [2], [2], [2]]",4,6,24,0.75,0.001132,20,0.002976628951728344,0.00421905517578125,0.007239121455461502,OPTIMAL,3.125,0.0,exact_enumeration,0.0,11.0,0.625,5,7.5,60,3.125,3.125,3.125,3.125,3.125,3.125,True,True,7.5,True,True
17927957233692357348,1,8,4,"[2, 2, 2, 2]","[[1, 2], [2, 2], [3, 3], [0, 2]]",1.0,1,2,,1,NP,"[[1, 1], [1, 1], [1, 1], [1, 1]]",8,24,24,0.0,0.0009065,20,0.0034041544422507286,0.044860124588012695,0.04830819028146887,OPTIMAL,3.625,0.0,exact_enumeration,0.0,314.0,0.0,0,0.0,0,3.625,,,3.625,,,False,,,False,
17927957233692357348,1,8,4,"[2, 2, 2, 2]","[[1, 2], [2, 2], [3, 3], [0, 2]]",1.0,1,2,2,,CHP,"[[2], [2], [2], [2]]",4,6,24,0.75,0.003199,20,0.0037999236956238747,0.004658937454223633,0.008504819031893254,OPTIMAL,4.0,0.375,exact_enumeration,0.0,27.0,0.625,5,4.375,35,3.625,,,3.625,4.0,,False,,,False,
17927957233692357348,1,8,4,"[2, 2, 2, 2]","[[1, 2], [2, 2], [3, 3], [0, 2]]",1.0,1,2,2,2,PP,"[[2], [2], [2], [2]]",4,6,24,0.75,0.0032495,20,0.0036157947033643723,0.004738807678222656,0.00840149365743351,OPTIMAL,4.0,0.375,exact_enumeration,0.0,27.0,0.625,5,2.5,20,3.625,4.0,4.0,3.625,4.0,4.0,True,True,2.125,True,True
17927957233692357348,1,8,4,"[2, 2, 2, 2]","[[1, 2], [2, 2], [3, 3], [0, 2]]",1.0,1,2,2,3,PP,"[[2], [2], [2], [2]]",4,6,24,0.75,0.00332,20,0.003172464668750763,0.0046579837799072266,0.007876801139540672,OPTIMAL,4.0,0.375,exact_enumeration,0.0,27.0,0.625,5,3.125,25,3.625,4.0,4.0,3.625,4.0,4.0,True,True,2.75,True,True
17927957233692357348,1,8,4,"[2, 2, 2, 2]","[[1, 2], [2, 2], [3, 3], [0, 2]]",1.0,1,2,3,,CHP,"[[2], [2], [2], [2]]",4,6,24,0.75,0.0011065,20,0.003437815234065056,0.004637956619262695,0.008118535480767727,OPTIMAL,4.0,0.375,exact_enumeration,0.0,27.0,0.625,5,10.5,84,3.625,,,3.625,4.0,,False,,,False,
17927957233692357348,1,8,4,"[2, 2, 2, 2]","[[1, 2], [2, 2], [3, 3], [0, 2]]",1.0,1,2,3,2,PP,"[[2], [2], [2], [2]]",4,6,24,0.75,0.00336,20,0.00360766239464283,0.004650115966796875,0.008303334724650384,OPTIMAL,4.0,0.375,exact_enumeration,0.0,27.0,0.625,5,6.0,48,3.625,4.0,4.0,3.625,4.0,4.0,True,True,5.625,True,True
17927957233692357348,1,8,4,"[2, 2, 2, 2]","[[1, 2], [2, 2], [3, 3], [0, 2]]",1.0,1,2,3,3,PP,"[[2], [2], [2], [2]]",4,6,24,0.75,0.0011165,20,0.004125834442675114,0.004662990570068359,0.008832644515434742,OPTIMAL,4.0,0.375,exact_enumeration,0.0,27.0,0.625,5,7.5,60,3.625,4.0,4.0,3.625,4.0,4.0,True,True,7.125,True,True
3254255214991610470,2,8,4,"[2, 2, 2, 2]","[[0, 0], [0, 0], [2, 2], [1, 2]]",1.0,1,2,,1,NP,"[[1, 1], [1, 1], [1, 1], [1, 1]]",8,24,24,0.0,0.000926,20,0.0033651161938905716,0.04136300086975098,0.044771564458430765,OPTIMAL,4.125,0.0,exact_enumeration,0.0,349.0,0.0,0,0.0,0,4.125,,,4.125,,,False,,,False,
3254255214991610470,2,8,4,"[2, 2, 2, 2]","[[0, 0], [0, 0], [2, 2], [1, 2]]",1.0,1,2,2,,CHP,"[[2], [2], [2], [2]]",4,6,24,0.75,0.003245,20,0.004452168941497803,0.0009927749633789062,0.005504769545252323,OPTIMAL,4.125,0.0,exact_enumeration,0.0,1.0,0.0,0,4.375,35,4.125,,,4.125,4.125,,False,,,False,
3254255214991610470,2,8,4,"[2, 2, 2, 2]","[[0, 0], [0, 0], [2, 2], [1, 2]]",1.0,1,2,2,2,PP,"[[2], [2], [2], [2]]",4,6,24,0.75,0.003801,20,0.004291575402021408,0.0010020732879638672,0.00535360657858944,OPTIMAL,4.125,0.0,exact_enumeration,0.0,1.0,0.0,0,2.5,20,4.125,4.125,4.125,4.125,4.125,4.125,True,True,2.5,True,True
3254255214991610470,2,8,4,"[2, 2, 2, 2]","[[0, 0], [0, 0], [2, 2], [1, 2]]",1.0,1,2,2,3,PP,"[[2], [2], [2], [2]]",4,6,24,0.75,0.003601,20,0.004285268485546112,0.0009911060333251953,0.00533525044499731,OPTIMAL,4.125,0.0,exact_enumeration,0.0,1.0,0.0,0,3.125,25,4.125,4.125,4.125,4.125,4.125,4.125,True,True,3.125,True,True
3254255214991610470,2,8,4,"[2, 2, 2, 2]","[[0, 0], [0, 0], [2, 2], [1, 2]]",1.0,1,2,3,,CHP,"[[2], [2], [2], [2]]",4,6,24,0.75,0.001192,20,0.003864150494337082,0.001013040542602539,0.004933887068418979,OPTIMAL,4.125,0.0,exact_enumeration,0.0,1.0,0.0,0,10.5,84,4.125,,,4.125,4.125,,False,,,False,
3254255214991610470,2,8,4,"[2, 2, 2, 2]","[[0, 0], [0, 0], [2, 2], [1, 2]]",1.0,1,2,3,2,PP,"[[2], [2], [2], [2]]",4,6,24,0.75,0.0011015,20,0.003033866174519062,0.0007698535919189453,0.003848327069188595,OPTIMAL,4.125,0.0,exact_enumeration,0.0,1.0,0.0,0,6.0,48,4.125,4.125,4.125,4.125,4.125,4.125,True,True,6.0,True,True
3254255214991610470,2,8,4,"[2, 2, 2, 2]","[[0, 0], [0, 0], [2, 2], [1, 2]]",1.0,1,2,3,3,PP,"[[2], [2], [2], [2]]",4,6,24,0.75,0.0034,20,0.0044804522767663,0.0010268688201904297,0.00556729894336462,OPTIMAL,4.125,0.0,exact_enumeration,0.0,1.0,0.0,0,7.5,60,4.125,4.125,4.125,4.125,4.125,4.125,True,True,7.5,True,True
13684777053113107035,0,12,4,"[3, 3, 3, 3]","[[6, 8, 8], [2, 2, 9], [3, 5, 10], [2, 3, 7]]",0.4,1,2,,1,NP,"[[1, 1, 1], [1, 1, 1], [1, 1, 1], [1, 1, 1]]",12,54,54,0.0,0.000986,20,0.00477113202214241,0.7901160717010498,0.7949483503675446,OPTIMAL,3.9166666666666665,0.0,np_gurobi_optimal,0.0,4808.0,0.0,0,0.0,0,3.9166666666666665,,,3.9166666666666665,,,False,,,False,
13684777053113107035,0,12,4,"[3, 3, 3, 3]","[[6, 8, 8], [2, 2, 9], [3, 5, 10], [2, 3, 7]]",0.4,1,2,2,,CHP,"[[3], [2, 1], [2, 1], [2, 1]]",7,18,54,0.6666666666666667,0.003455,20,0.00464410986751318,0.020830869674682617,0.025523296350615024,OPTIMAL,3.9166666666666665,0.0,np_gurobi_optimal,0.0,145.0,1.5,18,8.25,99,3.9166666666666665,,,3.9166666666666665,3.9166666666666665,,False,,,False,
13684777053113107035,0,12,4,"[3, 3, 3, 3]","[[6, 8, 8], [2, 2, 9], [3, 5, 10], [2, 3, 7]]",0.4,1,2,2,2,PP,"[[2, 1], [2, 1], [2, 1], [2, 1]]",8,24,54,0.5555555555555556,0.003816,20,0.004166297614574432,0.04128098487854004,0.04549492373950815,OPTIMAL,3.9166666666666665,0.0,np_gurobi_optimal,0.0,225.0,1.5,18,4.5,54,3.9166666666666665,3.9166666666666665,3.9166666666666665,3.9166666666666665,3.9166666666666665,3.9166666666666665,True,True,4.5,True,True
13684777053113107035,0,12,4,"[3, 3, 3, 3]","[[6, 8, 8], [2, 2, 9], [3, 5, 10], [2, 3, 7]]",0.4,1,2,2,3,PP,"[[3], [2, 1], [2, 1], [2, 1]]",7,18,54,0.6666666666666667,0.003981,20,0.003603195771574974,0.020895957946777344,0.024547986282223225,OPTIMAL,3.9166666666666665,0.0,np_gurobi_optimal,0.0,145.0,1.5,18,6.0,72,3.9166666666666665,3.9166666666666665,3.9166666666666665,3.9166666666666665,3.9166666666666665,3.9166666666666665,True,True,6.0,True,True
13684777053113107035,0,12,4,"[3, 3, 3, 3]","[[6, 8, 8], [2, 2, 9], [3, 5, 10], [2, 3, 7]]",0.4,1,2,3,,CHP,"[[3], [2, 1], [2, 1], [2, 1]]",7,18,54,0.6666666666666667,0.00371,20,0.004698942415416241,0.021162986755371094,0.02592087218739748,OPTIMAL,3.9166666666666665,0.0,np_gurobi_optimal,0.0,145.0,1.5,18,18.333333333333332,220,3.9166666666666665,,,3.9166666666666665,3.9166666666666665,,False,,,False,
13684777053113107035,0,12,4,"[3, 3, 3, 3]","[[6, 8, 8], [2, 2, 9], [3, 5, 10], [2, 3, 7]]",0.4,1,2,3,2,PP,"[[2, 1], [2, 1], [2, 1], [2, 1]]",8,24,54,0.5555555555555556,0.003981,20,0.004408393055200577,0.04235076904296875,0.04681937914919233,OPTIMAL,3.9166666666666665,0.0,np_gurobi_optimal,0.0,225.0,1.5,18,10.0,120,3.9166666666666665,3.9166666666666665,3.9166666666666665,3.9166666666666665,3.9166666666666665,3.9166666666666665,True,True,10.0,True,True
13684777053113107035,0,12,4,"[3, 3, 3, 3]","[[6, 8, 8], [2, 2, 9], [3, 5, 10], [2, 3, 7]]",0.4,1,2,3,3,PP,"[[3], [2, 1], [2, 1], [2, 1]]",7,18,54,0.6666666666666667,0.003796,20,0.004536306485533714,0.021200895309448242,0.025795939307626248,OPTIMAL,3.9166666666666665,0.0,np_gurobi_optimal,0.0,145.0,1.5,18,13.333333333333334,160,3.9166666666666665,3.9166666666666665,3.9166666666666665,3.9166666666666665,3.9166666666666665,3.9166666666666665,True,True,13.333333333333334,True,True
9807421015536704312,1,12,4,"[3, 3, 3, 3]","[[4, 8, 11], [2, 3, 3], [3, 5, 9], [10, 15, 16]]",0.4,1,2,,1,NP,"[[1, 1, 1], [1, 1, 1], [1, 1, 1], [1, 1, 1]]",12,54,54,0.0,0.003075,20,0.0049411579966545105,0.04659104347229004,0.05159163731719255,OPTIMAL,2.0,0.0,np_gurobi_optimal,0.0,188.0,0.0,0,0.0,0,2.0,,,2.0,,,False,,,False,
9807421015536704312,1,12,4,"[3, 3, 3, 3]","[[4, 8, 11], [2, 3, 3], [3, 5, 9], [10, 15, 16]]",0.4,1,2,2,,CHP,"[[1, 1, 1], [3], [2, 1], [1, 2]]",8,23,54,0.5740740740740741,0.0036005,20,0.004175491631031036,0.010541915893554688,0.014775487601233005,OPTIMAL,2.0,0.0,np_gurobi_optimal,0.0,46.0,0.75,9,8.25,99,2.0,,,2.0,2.0,,False,,,False,
9807421015536704312,1,12,4,"[3, 3, 3, 3]","[[4, 8, 11], [2, 3, 3], [3, 5, 9], [10, 15, 16]]",0.4,1,2,2,2,PP,"[[1, 1, 1], [2, 1], [2, 1], [1, 2]]",9,30,54,0.4444444444444444,0.004031,20,0.00513132568448782,0.01860213279724121,0.023792966504853727,OPTIMAL,2.0,0.0,np_gurobi_optimal,0.0,92.0,0.75,9,4.5,54,2.0,2.0,2.0,2.0,2.0,2.0,True,True,4.5,True,True
9807421015536704312,1,12,4,"[3, 3, 3, 3]","[[4, 8, 11], [2, 3, 3], [3, 5, 9], [10, 15, 16]]",0.4,1,2,2,3,PP,"[[1, 1, 1], [3], [2, 1], [1, 2]]",8,23,54,0.5740740740740741,0.001342,20,0.004785902798175812,0.010734796524047852,0.015579005667500019,OPTIMAL,2.0,0.0,np_gurobi_optimal,0.0,46.0,0.75,9,6.0,72,2.0,2.0,2.0,2.0,2.0,2.0,True,True,6.0,True,True
9807421015536704312,1,12,4,"[3, 3, 3, 3]","[[4, 8, 11], [2, 3, 3], [3, 5, 9], [10, 15, 16]]",0.4,1,2,3,,CHP,"[[1, 2], [3], [2, 1], [1, 2]]",7,18,54,0.6666666666666667,0.003685,20,0.004659612663090229,0.009012937545776367,0.013732474985179901,OPTIMAL,2.0,0.0,np_gurobi_optimal,0.0,14.0,2.25,27,18.333333333333332,220,2.0,,,2.0,2.0,,False,,,False,
9807421015536704312,1,12,4,"[3, 3, 3, 3]","[[4, 8, 11], [2, 3, 3], [3, 5, 9], [10, 15, 16]]",0.4,1,2,3,2,PP,"[[1, 2], [2, 1], [2, 1], [1, 2]]",8,24,54,0.5555555555555556,0.001407,20,0.0038092173635959625,0.009974956512451172,0.013835255759531975,OPTIMAL,2.0,0.0,np_gurobi_optimal,0.0,40.0,2.25,27,10.0,120,2.0,2.0,2.0,2.0,2.0,2.0,True,True,10.0,True,True
9807421015536704312,1,12,4,"[3, 3, 3, 3]","[[4, 8, 11], [2, 3, 3], [3, 5, 9], [10, 15, 16]]",0.4,1,2,3,3,PP,"[[1, 2], [3], [2, 1], [1, 2]]",7,18,54,0.6666666666666667,0.004131,20,0.0046563465148210526,0.008823871612548828,0.013540228481846809,OPTIMAL,2.0,0.0,np_gurobi_optimal,0.0,14.0,2.25,27,13.333333333333334,160,2.0,2.0,2.0,2.0,2.0,2.0,True,True,13.333333333333334,True,True
7561945095186169731,2,12,4,"[3, 3, 3, 3]","[[3, 6, 15], [5, 7, 14], [0, 0, 0], [6, 7, 13]]",0.4,1,2,,1,NP,"[[1, 1, 1], [1, 1, 1], [1, 1, 1], [1, 1, 1]]",12,54,54,0.0,0.0029595,20,0.00541789922863245,0.028882980346679688,0.03435971749846649,OPTIMAL,1.75,0.0,np_gurobi_optimal,0.0,44.0,0.0,0,0.0,0,1.75,,,1.75,,,False,,,False,
7561945095186169731,2,12,4,"[3, 3, 3, 3]","[[3, 6, 15], [5, 7, 14], [0, 0, 0], [6, 7, 13]]",0.4,1,2,2,,CHP,"[[1, 1, 1], [2, 1], [3], [2, 1]]",8,23,54,0.5740740740740741,0.001227,20,0.003543676808476448,0.010425806045532227,0.014018043392540931,OPTIMAL,1.75,0.0,np_gurobi_optimal,0.0,14.0,0.75,9,8.25,99,1.75,,,1.75,1.75,,False,,,False,
7561945095186169731,2,12,4,"[3, 3, 3, 3]","[[3, 6, 15], [5, 7, 14], [0, 0, 0], [6, 7, 13]]",0.4,1,2,2,2,PP,"[[1, 1, 1], [2, 1], [2, 1], [2, 1]]",9,30,54,0.4444444444444444,0.004477,20,0.004988408647477627,0.006838083267211914,0.01189194353497219,OPTIMAL,1.75,0.0,np_gurobi_optimal,0.0,12.0,0.75,9,4.5,54,1.75,1.75,1.75,1.75,1.75,1.75,True,True,4.5,True,True
7561945095186169731,2,12,4,"[3, 3, 3, 3]","[[3, 6, 15], [5, 7, 14], [0, 0, 0], [6, 7, 13]]",0.4,1,2,2,3,PP,"[[1, 1, 1], [2, 1], [3], [2, 1]]",8,23,54,0.5740740740740741,0.001297,20,0.004206798039376736,0.010722875595092773,0.014990131969699384,OPTIMAL,1.75,0.0,np_gurobi_optimal,0.0,14.0,0.75,9,6.0,72,1.75,1.75,1.75,1.75,1.75,1.75,True,True,6.0,True,True
7561945095186169731,2,12,4,"[3, 3, 3, 3]","[[3, 6, 15], [5, 7, 14], [0, 0, 0], [6, 7, 13]]",0.4,1,2,3,,CHP,"[[2, 1], [2, 1], [3], [2, 1]]",7,18,54,0.6666666666666667,0.003731,20,0.004697129130363464,0.004266977310180664,0.009022923308187485,OPTIMAL,1.8333333333333333,0.08333333333333326,np_gurobi_optimal,0.0,5.0,2.4166666666666665,29,18.333333333333332,220,1.75,,,1.75,1.8333333333333333,,False,,,False,
7561945095186169731,2,12,4,"[3, 3, 3, 3]","[[3, 6, 15], [5, 7, 14], [0, 0, 0], [6, 7, 13]]",0.4,1,2,3,2,PP,"[[2, 1], [2, 1], [2, 1], [2, 1]]",8,24,54,0.5555555555555556,0.0041665,20,0.004800206050276756,0.006350040435791016,0.011210274645415783,OPTIMAL,1.8333333333333333,0.08333333333333326,np_gurobi_optimal,0.0,1.0,2.4166666666666665,29,10.0,120,1.75,1.8333333333333333,1.8333333333333333,1.75,1.8333333333333333,1.8333333333333333,True,True,9.916666666666666,True,True
7561945095186169731,2,12,4,"[3, 3, 3, 3]","[[3, 6, 15], [5, 7, 14], [0, 0, 0], [6, 7, 13]]",0.4,1,2,3,3,PP,"[[2, 1], [2, 1], [3], [2, 1]]",7,18,54,0.6666666666666667,0.003741,20,0.004654625430703163,0.004250049591064453,0.008965746376815796,OPTIMAL,1.8333333333333333,0.08333333333333326,np_gurobi_optimal,0.0,5.0,2.4166666666666665,29,13.333333333333334,160,1.75,1.8333333333333333,1.8333333333333333,1.75,1.8333333333333333,1.8333333333333333,True,True,13.25,True,True
16777210500540875060,0,12,4,"[3, 3, 3, 3]","[[3, 4, 5], [6, 7, 8], [1, 5, 6], [3, 3, 6]]",0.7,1,2,,1,NP,"[[1, 1, 1], [1, 1, 1], [1, 1, 1], [1, 1, 1]]",12,54,54,0.0,0.003315,20,0.005223815329372883,0.16333889961242676,0.16862915219193936,OPTIMAL,3.9166666666666665,0.0,np_gurobi_optimal,0.0,1327.0,0.0,0,0.0,0,3.9166666666666665,,,3.9166666666666665,,,False,,,False,
16777210500540875060,0,12,4,"[3, 3, 3, 3]","[[3, 4, 5], [6, 7, 8], [1, 5, 6], [3, 3, 6]]",0.7,1,2,2,,CHP,"[[3], [3], [1, 2], [2, 1]]",6,13,54,0.7592592592592593,0.003666,20,0.0038824276998639107,0.01123189926147461,0.015161516459218025,OPTIMAL,3.9166666666666665,0.0,np_gurobi_optimal,0.0,40.0,0.0,0,8.25,99,3.9166666666666665,,,3.9166666666666665,3.9166666666666665,,False,,,False,
16777210500540875060,0,12,4,"[3, 3, 3, 3]","[[3, 4, 5], [6, 7, 8], [1, 5, 6], [3, 3, 6]]",0.7,1,2,2,2,PP,"[[2, 1], [2, 1], [1, 2], [2, 1]]",8,24,54,0.5555555555555556,0.0032,20,0.00388154573738575,0.0221250057220459,0.02605331314153671,OPTIMAL,3.9166666666666665,0.0,np_gurobi_optimal,0.0,110.0,0.0,0,4.5,54,3.9166666666666665,3.9166666666666665,3.9166666666666665,3.9166666666666665,3.9166666666666665,3.9166666666666665,True,True,4.5,True,True
16777210500540875060,0,12,4,"[3, 3, 3, 3]","[[3, 4, 5], [6, 7, 8], [1, 5, 6], [3, 3, 6]]",0.7,1,2,2,3,PP,"[[3], [3], [1, 2], [2, 1]]",6,13,54,0.7592592592592593,0.0036505,20,0.00409222487360239,0.011343955993652344,0.015488134412587166,OPTIMAL,3.9166666666666665,0.0,np_gurobi_optimal,0.0,40.0,0.0,0,6.0,72,3.9166666666666665,3.9166666666666665,3.9166666666666665,3.9166666666666665,3.9166666666666665,3.9166666666666665,True,True,6.0,True,True
16777210500540875060,0,12,4,"[3, 3, 3, 3]","[[3, 4, 5], [6, 7, 8], [1, 5, 6], [3, 3, 6]]",0.7,1,2,3,,CHP,"[[3], [3], [1, 2], [3]]",5,9,54,0.8333333333333334,0.004196,20,0.004227089695632458,0.006912946701049805,0.011200969499250412,OPTIMAL,3.9166666666666665,0.0,np_gurobi_optimal,0.0,17.0,1.5,18,18.333333333333332,220,3.9166666666666665,,,3.9166666666666665,3.9166666666666665,,False,,,False,
16777210500540875060,0,12,4,"[3, 3, 3, 3]","[[3, 4, 5], [6, 7, 8], [1, 5, 6], [3, 3, 6]]",0.7,1,2,3,2,PP,"[[2, 1], [2, 1], [1, 2], [2, 1]]",8,24,54,0.5555555555555556,0.0037605,20,0.00459790974855423,0.022289037704467773,0.02694723457668829,OPTIMAL,3.9166666666666665,0.0,np_gurobi_optimal,0.0,110.0,0.0,0,10.0,120,3.9166666666666665,3.9166666666666665,3.9166666666666665,3.9166666666666665,3.9166666666666665,3.9166666666666665,True,True,10.0,True,True
16777210500540875060,0,12,4,"[3, 3, 3, 3]","[[3, 4, 5], [6, 7, 8], [1, 5, 6], [3, 3, 6]]",0.7,1,2,3,3,PP,"[[3], [3], [1, 2], [3]]",5,9,54,0.8333333333333334,0.0036355,20,0.003818872384727001,0.006732940673828125,0.010598559480534077,OPTIMAL,3.9166666666666665,0.0,np_gurobi_optimal,0.0,17.0,1.5,18,13.333333333333334,160,3.9166666666666665,3.9166666666666665,3.9166666666666665,3.9166666666666665,3.9166666666666665,3.9166666666666665,True,True,13.333333333333334,True,True
1203434733780121643,1,12,4,"[3, 3, 3, 3]","[[5, 6, 7], [4, 8, 9], [2, 3, 4], [0, 3, 5]]",0.7,1,2,,1,NP,"[[1, 1, 1], [1, 1, 1], [1, 1, 1], [1, 1, 1]]",12,54,54,0.0,0.001087,20,0.004471317864954472,0.1391599178314209,0.1436772944008584,OPTIMAL,3.0,0.0,np_gurobi_optimal,0.0,1145.0,0.0,0,0.0,0,3.0,,,3.0,,,False,,,False,
1203434733780121643,1,12,4,"[3, 3, 3, 3]","[[5, 6, 7], [4, 8, 9], [2, 3, 4], [0, 3, 5]]",0.7,1,2,2,,CHP,"[[3], [1, 2], [3], [1, 2]]",6,13,54,0.7592592592592593,0.0011865,20,0.004054688848555088,0.010860919952392578,0.014959895978378296,OPTIMAL,3.0,0.0,np_gurobi_optimal,0.0,26.0,0.6666666666666666,8,8.25,99,3.0,,,3.0,3.0,,False,,,False,
1203434733780121643,1,12,4,"[3, 3, 3, 3]","[[5, 6, 7], [4, 8, 9], [2, 3, 4], [0, 3, 5]]",0.7,1,2,2,2,PP,"[[2, 1], [1, 2], [2, 1], [1, 2]]",8,24,54,0.5555555555555556,0.0043415,20,0.004683139733970165,0.02039480209350586,0.025139783183232785,OPTIMAL,3.0,0.0,np_gurobi_optimal,0.0,68.0,0.6666666666666666,8,4.5,54,3.0,3.0,3.0,3.0,3.0,3.0,True,True,4.5,True,True
1203434733780121643,1,12,4,"[3, 3, 3, 3]","[[5, 6, 7], [4, 8, 9], [2, 3, 4], [0, 3, 5]]",0.7,1,2,2,3,PP,"[[3], [1, 2], [3], [1, 2]]",6,13,54,0.7592592592592593,0.001352,20,0.004011773504316807,0.011200904846191406,0.015268937404217243,OPTIMAL,3.0,0.0,np_gurobi_optimal,0.0,26.0,0.6666666666666666,8,6.0,72,3.0,3.0,3.0,3.0,3.0,3.0,True,True,6.0,True,True
1203434733780121643,1,12,4,"[3, 3, 3, 3]","[[5, 6, 7], [4, 8, 9], [2, 3, 4], [0, 3, 5]]",0.7,1,2,3,,CHP,"[[3], [1, 2], [3], [3]]",5,9,54,0.8333333333333334,0.003676,20,0.0045897867530584335,0.013522148132324219,0.018171505141020776,OPTIMAL,4.333333333333333,1.333333333333333,np_gurobi_optimal,0.0,36.0,2.3333333333333335,28,18.333333333333332,220,3.0,,,3.0,4.333333333333333,,False,,,False,
1203434733780121643,1,12,4,"[3, 3, 3, 3]","[[5, 6, 7], [4, 8, 9], [2, 3, 4], [0, 3, 5]]",0.7,1,2,3,2,PP,"[[2, 1], [1, 2], [2, 1], [2, 1]]",8,24,54,0.5555555555555556,0.004412,20,0.0046293772757053375,0.04048800468444824,0.04517840905946446,OPTIMAL,4.333333333333333,1.333333333333333,np_gurobi_optimal,0.0,347.0,1.6666666666666667,20,10.0,120,3.0,4.333333333333333,4.333333333333333,3.0,4.333333333333333,4.333333333333333,True,True,8.666666666666668,True,True
1203434733780121643,1,12,4,"[3, 3, 3, 3]","[[5, 6, 7], [4, 8, 9], [2, 3, 4], [0, 3, 5]]",0.7,1,2,3,3,PP,"[[3], [1, 2], [3], [3]]",5,9,54,0.8333333333333334,0.0036805,20,0.0043169353157281876,0.013459920883178711,0.0178354521345191,OPTIMAL,4.333333333333333,1.333333333333333,np_gurobi_optimal,0.0,36.0,2.3333333333333335,28,13.333333333333334,160,3.0,4.333333333333333,4.333333333333333,3.0,4.333333333333333,4.333333333333333,True,True,12.0,True,True
9224701139066889931,2,12,4,"[3, 3, 3, 3]","[[1, 5, 6], [2, 6, 6], [2, 2, 2], [0, 1, 1]]",0.7,1,2,,1,NP,"[[1, 1, 1], [1, 1, 1], [1, 1, 1], [1, 1, 1]]",12,54,54,0.0,0.0024435,20,0.004206106998026371,0.29323410987854004,0.29748768330379105,OPTIMAL,4.166666666666667,0.0,np_gurobi_optimal,0.0,2457.0,0.0,0,0.0,0,4.166666666666667,,,4.166666666666667,,,False,,,False,
9224701139066889931,2,12,4,"[3, 3, 3, 3]","[[1, 5, 6], [2, 6, 6], [2, 2, 2], [0, 1, 1]]",0.7,1,2,2,,CHP,"[[1, 2], [1, 2], [3], [3]]",6,13,54,0.7592592592592593,0.002949,20,0.0041348896920681,0.016328096389770508,0.020509574063717364,OPTIMAL,4.166666666666667,0.0,np_gurobi_optimal,0.0,58.0,0.0,0,8.25,99,4.166666666666667,,,4.166666666666667,4.166666666666667,,False,,,False,
9224701139066889931,2,12,4,"[3, 3, 3, 3]","[[1, 5, 6], [2, 6, 6], [2, 2, 2], [0, 1, 1]]",0.7,1,2,2,2,PP,"[[1, 2], [1, 2], [2, 1], [2, 1]]",8,24,54,0.5555555555555556,0.003916,20,0.004417967051267624,0.03735709190368652,0.04182674807774162,OPTIMAL,4.166666666666667,0.0,np_gurobi_optimal,0.0,270.0,0.0,0,4.5,54,4.166666666666667,4.166666666666667,4.166666666666667,4.166666666666667,4.166666666666667,4.166666666666667,True,True,4.5,True,True
9224701139066889931,2,12,4,"[3, 3, 3, 3]","[[1, 5, 6], [2, 6, 6], [2, 2, 2], [0, 1, 1]]",0.7,1,2,2,3,PP,"[[1, 2], [1, 2], [3], [3]]",6,13,54,0.7592592592592593,0.001302,20,0.0032058749347925186,0.01652216911315918,0.019778593454374792,OPTIMAL,4.166666666666667,0.0,np_gurobi_optimal,0.0,58.0,0.0,0,6.0,72,4.166666666666667,4.166666666666667,4.166666666666667,4.166666666666667,4.166666666666667,4.166666666666667,True,True,6.0,True,True
9224701139066889931,2,12,4,"[3, 3, 3, 3]","[[1, 5, 6], [2, 6, 6], [2, 2, 2], [0, 1, 1]]",0.7,1,2,3,,CHP,"[[1, 2], [1, 2], [3], [3]]",6,13,54,0.7592592592592593,0.003625,20,0.003597436472773552,0.016253948211669922,0.01989827334332466,OPTIMAL,4.166666666666667,0.0,np_gurobi_optimal,0.0,58.0,0.0,0,18.333333333333332,220,4.166666666666667,,,4.166666666666667,4.166666666666667,,False,,,False,
9224701139066889931,2,12,4,"[3, 3, 3, 3]","[[1, 5, 6], [2, 6, 6], [2, 2, 2], [0, 1, 1]]",0.7,1,2,3,2,PP,"[[1, 2], [1, 2], [2, 1], [2, 1]]",8,24,54,0.5555555555555556,0.0037455,20,0.0040890611708164215,0.03718996047973633,0.04132641265168953,OPTIMAL,4.166666666666667,0.0,np_gurobi_optimal,0.0,270.0,0.0,0,10.0,120,4.166666666666667,4.166666666666667,4.166666666666667,4.166666666666667,4.166666666666667,4.166666666666667,True,True,10.0,True,True
9224701139066889931,2,12,4,"[3, 3, 3, 3]","[[1, 5, 6], [2, 6, 6], [2, 2, 2], [0, 1, 1]]",0.7,1,2,3,3,PP,"[[1, 2], [1, 2], [3], [3]]",6,13,54,0.7592592592592593,0.003095,20,0.0036378372460603714,0.016412973403930664,0.02009751576086998,OPTIMAL,4.166666666666667,0.0,np_gurobi_optimal,0.0,58.0,0.0,0,13.333333333333334,160,4.166666666666667,4.166666666666667,4.166666666666667,4.166666666666667,4.166666666666667,4.166666666666667,True,True,13.333333333333334,True,True
12083534766830397584,0,12,4,"[3, 3, 3, 3]","[[1, 2, 3], [0, 1, 1], [5, 7, 7], [1, 4, 4]]",1.0,1,2,,1,NP,"[[1, 1, 1], [1, 1, 1], [1, 1, 1], [1, 1, 1]]",12,54,54,0.0,0.003265,20,0.005267852917313576,0.2546830177307129,0.26001446579308746,OPTIMAL,4.0,0.0,np_gurobi_optimal,0.0,2156.0,0.0,0,0.0,0,4.0,,,4.0,,,False,,,False,
12083534766830397584,0,12,4,"[3, 3, 3, 3]","[[1, 2, 3], [0, 1, 1], [5, 7, 7], [1, 4, 4]]",1.0,1,2,2,,CHP,"[[3], [3], [3], [1, 2]]",5,9,54,0.8333333333333334,0.003586,20,0.004154079593718052,0.010693073272705078,0.01489467307755804,OPTIMAL,4.0,0.0,np_gurobi_optimal,0.0,37.0,0.75,9,8.25,99,4.0,,,4.0,4.0,,False,,,False,
12083534766830397584,0,12,4,"[3, 3, 3, 3]","[[1, 2, 3], [0, 1, 1], [5, 7, 7], [1, 4, 4]]",1.0,1,2,2,2,PP,"[[2, 1], [2, 1], [2, 1], [1, 2]]",8,24,54,0.5555555555555556,0.001352,20,0.004239808768033981,0.033525943756103516,0.037822906578840736,OPTIMAL,4.0,0.0,np_gurobi_optimal,0.0,266.0,0.75,9,4.5,54,4.0,4.0,4.0,4.0,4.0,4.0,True,True,4.5,True,True
12083534766830397584,0,12,4,"[3, 3, 3, 3]","[[1, 2, 3], [0, 1, 1], [5, 7, 7], [1, 4, 4]]",1.0,1,2,2,3,PP,"[[3], [3], [3], [1, 2]]",5,9,54,0.8333333333333334,0.003751,20,0.0037274230271577835,0.010802984237670898,0.014577427511645317,OPTIMAL,4.0,0.0,np_gurobi_optimal,0.0,37.0,0.75,9,6.0,72,4.0,4.0,4.0,4.0,4.0,4.0,True,True,6.0,True,True
12083534766830397584,0,12,4,"[3, 3, 3, 3]","[[1, 2, 3], [0, 1, 1], [5, 7, 7], [1, 4, 4]]",1.0,1,2,3,,CHP,"[[3], [3], [3], [3]]",4,6,54,0.8888888888888888,0.004282,20,0.004231245256960392,0.005773067474365234,0.010064527171189308,OPTIMAL,4.0,0.0,np_gurobi_optimal,0.0,13.0,2.4166666666666665,29,18.333333333333332,220,4.0,,,4.0,4.0,,False,,,False,
12083534766830397584,0,12,4,"[3, 3, 3, 3]","[[1, 2, 3], [0, 1, 1], [5, 7, 7], [1, 4, 4]]",1.0,1,2,3,2,PP,"[[2, 1], [2, 1], [2, 1], [2, 1]]",8,24,54,0.5555555555555556,0.003876,20,0.004547553136944771,0.025634050369262695,0.030241808689487934,OPTIMAL,4.0,0.0,np_gurobi_optimal,0.0,135.0,2.4166666666666665,29,10.0,120,4.0,4.0,4.0,4.0,4.0,4.0,True,True,10.0,True,True
12083534766830397584,0,12,4,"[3, 3, 3, 3]","[[1, 2, 3], [0, 1, 1], [5, 7, 7], [1, 4, 4]]",1.0,1,2,3,3,PP,"[[3], [3], [3], [3]]",4,6,54,0.8888888888888888,0.0037505,20,0.00465001817792654,0.005722999572753906,0.010442126606321812,OPTIMAL,4.0,0.0,np_gurobi_optimal,0.0,13.0,2.4166666666666665,29,13.333333333333334,160,4.0,4.0,4.0,4.0,4.0,4.0,True,True,13.333333333333334,True,True
9869143176115900355,1,12,4,"[3, 3, 3, 3]","[[3, 6, 6], [1, 2, 2], [1, 1, 2], [3, 4, 4]]",1.0,1,2,,1,NP,"[[1, 1, 1], [1, 1, 1], [1, 1, 1], [1, 1, 1]]",12,54,54,0.0,0.00325,20,0.005345708690583706,0.3929719924926758,0.3983803500057459,OPTIMAL,5.083333333333333,0.0,np_gurobi_optimal,0.0,4812.0,0.0,0,0.0,0,5.083333333333333,,,5.083333333333333,,,False,,,False,
9869143176115900355,1,12,4,"[3, 3, 3, 3]","[[3, 6, 6], [1, 2, 2], [1, 1, 2], [3, 4, 4]]",1.0,1,2,2,,CHP,"[[1, 2], [3], [3], [3]]",5,9,54,0.8333333333333334,0.0034555,20,0.003750920295715332,0.010987997055053711,0.014785728710585117,OPTIMAL,5.083333333333333,0.0,np_gurobi_optimal,0.0,30.0,0.0,0,8.25,99,5.083333333333333,,,5.083333333333333,5.083333333333333,,False,,,False,
9869143176115900355,1,12,4,"[3, 3, 3, 3]","[[3, 6, 6], [1, 2, 2], [1, 1, 2], [3, 4, 4]]",1.0,1,2,2,2,PP,"[[1, 2], [2, 1], [2, 1], [2, 1]]",8,24,54,0.5555555555555556,0.003881,20,0.0047691380605101585,0.0423429012298584,0.04717192257942533,OPTIMAL,5.083333333333333,0.0,np_gurobi_optimal,0.0,319.0,0.0,0,4.5,54,5.083333333333333,5.083333333333333,5.083333333333333,5.083333333333333,5.083333333333333,5.083333333333333,True,True,4.5,True,True
9869143176115900355,1,12,4,"[3, 3, 3, 3]","[[3, 6, 6], [1, 2, 2], [1, 1, 2], [3, 4, 4]]",1.0,1,2,2,3,PP,"[[1, 2], [3], [3], [3]]",5,9,54,0.8333333333333334,0.004161,20,0.00429194699972868,0.011304140090942383,0.015655767023311614,OPTIMAL,5.083333333333333,0.0,np_gurobi_optimal,0.0,30.0,0.0,0,6.0,72,5.083333333333333,5.083333333333333,5.083333333333333,5.083333333333333,5.083333333333333,5.083333333333333,True,True,6.0,True,True
9869143176115900355,1,12,4,"[3, 3, 3, 3]","[[3, 6, 6], [1, 2, 2], [1, 1, 2], [3, 4, 4]]",1.0,1,2,3,,CHP,"[[3], [3], [3], [3]]",4,6,54,0.8888888888888888,0.00354,20,0.0038437796756625175,0.0058019161224365234,0.009693354411103725,OPTIMAL,5.083333333333333,0.0,np_gurobi_optimal,0.0,26.0,1.6666666666666667,20,18.333333333333332,220,5.083333333333333,,,5.083333333333333,5.083333333333333,,False,,,False,
9869143176115900355,1,12,4,"[3, 3, 3, 3]","[[3, 6, 6], [1, 2, 2], [1, 1, 2], [3, 4, 4]]",1.0,1,2,3,2,PP,"[[2, 1], [2, 1], [2, 1], [2, 1]]",8,24,54,0.5555555555555556,0.001402,20,0.0034648459404706955,0.026866912841796875,0.030376500809599877,OPTIMAL,5.083333333333333,0.0,np_gurobi_optimal,0.0,193.0,1.6666666666666667,20,10.0,120,5.083333333333333,5.083333333333333,5.083333333333333,5.083333333333333,5.083333333333333,5.083333333333333,True,True,10.0,True,True
9869143176115900355,1,12,4,"[3, 3, 3, 3]","[[3, 6, 6], [1, 2, 2], [1, 1, 2], [3, 4, 4]]",1.0,1,2,3,3,PP,"[[3], [3], [3], [3]]",4,6,54,0.8888888888888888,0.0036955,20,0.003467641770839691,0.00594019889831543,0.0094537288070755,OPTIMAL,5.083333333333333,0.0,np_gurobi_optimal,0.0,26.0,1.6666666666666667,20,13.333333333333334,160,5.083333333333333,5.083333333333333,5.083333333333333,5.083333333333333,5.083333333333333,5.083333333333333,True,True,13.333333333333334,True,True
7451244375658006969,2,12,4,"[3, 3, 3, 3]","[[2, 2, 2], [4, 4, 5], [2, 3, 3], [6, 6, 7]]",1.0,1,2,,1,NP,"[[1, 1, 1], [1, 1, 1], [1, 1, 1], [1, 1, 1]]",12,54,54,0.0,0.0009715,20,0.0039055626839399338,0.3873882293701172,0.3913405958005991,OPTIMAL,5.166666666666667,0.0,np_gurobi_optimal,0.0,3853.0,0.0,0,0.0,0,5.166666666666667,,,5.166666666666667,,,False,,,False,
7451244375658006969,2,12,4,"[3, 3, 3, 3]","[[2, 2, 2], [4, 4, 5], [2, 3, 3], [6, 6, 7]]",1.0,1,2,2,,CHP,"[[3], [3], [3], [3]]",4,6,54,0.8888888888888888,0.0036005,20,0.0042342692613601685,0.0008599758148193359,0.005146994262409687,OPTIMAL,5.166666666666667,0.0,np_gurobi_optimal,0.0,1.0,0.0,0,8.25,99,5.166666666666667,,,5.166666666666667,5.166666666666667,,False,,,False,
7451244375658006969,2,12,4,"[3, 3, 3, 3]","[[2, 2, 2], [4, 4, 5], [2, 3, 3], [6, 6, 7]]",1.0,1,2,2,2,PP,"[[2, 1], [2, 1], [2, 1], [2, 1]]",8,24,54,0.5555555555555556,0.003801,20,0.00423649325966835,0.04729604721069336,0.051583931122601984,OPTIMAL,5.166666666666667,0.0,np_gurobi_optimal,0.0,198.0,0.0,0,4.5,54,5.166666666666667,5.166666666666667,5.166666666666667,5.166666666666667,5.166666666666667,5.166666666666667,True,True,4.5,True,True
7451244375658006969,2,12,4,"[3, 3, 3, 3]","[[2, 2, 2], [4, 4, 5], [2, 3, 3], [6, 6, 7]]",1.0,1,2,2,3,PP,"[[3], [3], [3], [3]]",4,6,54,0.8888888888888888,0.003796,20,0.003404386341571808,0.0007610321044921875,0.004211575653370381,OPTIMAL,5.166666666666667,0.0,np_gurobi_optimal,0.0,1.0,0.0,0,6.0,72,5.166666666666667,5.166666666666667,5.166666666666667,5.166666666666667,5.166666666666667,5.166666666666667,True,True,6.0,True,True
7451244375658006969,2,12,4,"[3, 3, 3, 3]","[[2, 2, 2], [4, 4, 5], [2, 3, 3], [6, 6, 7]]",1.0,1,2,3,,CHP,"[[3], [3], [3], [3]]",4,6,54,0.8888888888888888,0.0011815,20,0.003238835372030735,0.0008480548858642578,0.004135439755362511,OPTIMAL,5.166666666666667,0.0,np_gurobi_optimal,0.0,1.0,0.0,0,18.333333333333332,220,5.166666666666667,,,5.166666666666667,5.166666666666667,,False,,,False,
7451244375658006969,2,12,4,"[3, 3, 3, 3]","[[2, 2, 2], [4, 4, 5], [2, 3, 3], [6, 6, 7]]",1.0,1,2,3,2,PP,"[[2, 1], [2, 1], [2, 1], [2, 1]]",8,24,54,0.5555555555555556,0.001287,20,0.0044614942744374275,0.04473710060119629,0.04924327312570763,OPTIMAL,5.166666666666667,0.0,np_gurobi_optimal,0.0,198.0,0.0,0,10.0,120,5.166666666666667,5.166666666666667,5.166666666666667,5.166666666666667,5.166666666666667,5.166666666666667,True,True,10.0,True,True
7451244375658006969,2,12,4,"[3, 3, 3, 3]","[[2, 2, 2], [4, 4, 5], [2, 3, 3], [6, 6, 7]]",1.0,1,2,3,3,PP,"[[3], [3], [3], [3]]",4,6,54,0.8888888888888888,0.003731,20,0.003494502045214176,0.0007739067077636719,0.004315167787247658,OPTIMAL,5.166666666666667,0.0,np_gurobi_optimal,0.0,1.0,0.0,0,13.333333333333334,160,5.166666666666667,5.166666666666667,5.166666666666667,5.166666666666667,5.166666666666667,5.166666666666667,True,True,13.333333333333334,True,True
3627729236815471523,0,16,4,"[4, 4, 4, 4]","[[6, 12, 14, 16], [2, 6, 6, 10], [3, 10, 10, 11], [3, 4, 10, 15]]",0.4,1,2,,1,NP,"[[1, 1, 1, 1], [1, 1, 1, 1], [1, 1, 1, 1], [1, 1, 1, 1]]",16,96,96,0.0,0.00299,20,0.0049559613689780235,5.000048875808716,5.005057794496467,TIME_LIMIT,4.0,,,0.3432976686594845,13328.0,0.0,0,0.0,0,,,,,,,False,,,False,
3627729236815471523,0,16,4,"[4, 4, 4, 4]","[[6, 12, 14, 16], [2, 6, 6, 10], [3, 10, 10, 11], [3, 4, 10, 15]]",0.4,1,2,2,,CHP,"[[1, 3], [1, 2, 1], [1, 3], [2, 1, 1]]",10,37,96,0.6145833333333333,0.003761,20,0.004974578507244587,0.1066431999206543,0.11166677097138024,OPTIMAL,4.0,,,0.0,1208.0,1.4375,23,12.1875,195,,,,,4.0,,False,,,False,
3627729236815471523,0,16,4,"[4, 4, 4, 4]","[[6, 12, 14, 16], [2, 6, 6, 10], [3, 10, 10, 11], [3, 4, 10, 15]]",0.4,1,2,2,2,PP,"[[1, 2, 1], [1, 2, 1], [1, 2, 1], [2, 1, 1]]",12,54,96,0.4375,0.0042815,20,0.004875729791820049,0.38627004623413086,0.39119551910610817,OPTIMAL,4.0,,,0.0,4460.0,0.75,12,6.5,104,,4.0,4.0,,4.0,4.0,False,,,False,
3627729236815471523,0,16,4,"[4, 4, 4, 4]","[[6, 12, 14, 16], [2, 6, 6, 10], [3, 10, 10, 11], [3, 4, 10, 15]]",0.4,1,2,2,3,PP,"[[1, 3], [1, 2, 1], [1, 3], [2, 1, 1]]",10,37,96,0.6145833333333333,0.0038955,20,0.004806303419172764,0.10671377182006836,0.11157777138173151,OPTIMAL,4.0,,,0.0,1208.0,1.4375,23,8.125,130,,4.0,4.0,,4.0,4.0,False,,,False,
3627729236815471523,0,16,4,"[4, 4, 4, 4]","[[6, 12, 14, 16], [2, 6, 6, 10], [3, 10, 10, 11], [3, 4, 10, 15]]",0.4,1,2,3,,CHP,"[[1, 3], [1, 2, 1], [1, 3], [2, 1, 1]]",10,37,96,0.6145833333333333,0.0040265,20,0.004366160370409489,0.10604095458984375,0.11045504586906577,OPTIMAL,4.0,,,0.0,1208.0,1.4375,23,26.25,420,,,,,4.0,,False,,,False,
3627729236815471523,0,16,4,"[4, 4, 4, 4]","[[6, 12, 14, 16], [2, 6, 6, 10], [3, 10, 10, 11], [3, 4, 10, 15]]",0.4,1,2,3,2,PP,"[[1, 2, 1], [1, 2, 1], [1, 2, 1], [2, 1, 1]]",12,54,96,0.4375,0.004121,20,0.004836319945752621,0.388016939163208,0.3929027886037312,OPTIMAL,4.0,,,0.0,4460.0,0.75,12,14.0,224,,4.0,4.0,,4.0,4.0,False,,,False,
3627729236815471523,0,16,4,"[4, 4, 4, 4]","[[6, 12, 14, 16], [2, 6, 6, 10], [3, 10, 10, 11], [3, 4, 10, 15]]",0.4,1,2,3,3,PP,"[[1, 3], [1, 2, 1], [1, 3], [2, 1, 1]]",10,37,96,0.6145833333333333,0.0041265,20,0.004637378267943859,0.10623598098754883,0.11092259157042647,OPTIMAL,4.0,,,0.0,1208.0,1.4375,23,17.5,280,,4.0,4.0,,4.0,4.0,False,,,False,
889291899920662800,1,16,4,"[4, 4, 4, 4]","[[6, 10, 13, 19], [5, 6, 8, 10], [4, 6, 10, 12], [3, 4, 7, 7]]",0.4,1,2,,1,NP,"[[1, 1, 1, 1], [1, 1, 1, 1], [1, 1, 1, 1], [1, 1, 1, 1]]",16,96,96,0.0,0.0030745,20,0.0056268442422151566,5.000075101852417,5.005755810271239,TIME_LIMIT,4.75,,,0.42051920368781326,12942.0,0.0,0,0.0,0,,,,,,,False,,,False,
889291899920662800,1,16,4,"[4, 4, 4, 4]","[[6, 10, 13, 19], [5, 6, 8, 10], [4, 6, 10, 12], [3, 4, 7, 7]]",0.4,1,2,2,,CHP,"[[1, 1, 1, 1], [4], [2, 2], [2, 2]]",9,28,96,0.7083333333333333,0.004046,20,0.0050571635365486145,0.04302811622619629,0.04813530329560852,OPTIMAL,5.0,,,0.0,349.0,2.9375,47,12.1875,195,,,,,5.0,,False,,,False,
889291899920662800,1,16,4,"[4, 4, 4, 4]","[[6, 10, 13, 19], [5, 6, 8, 10], [4, 6, 10, 12], [3, 4, 7, 7]]",0.4,1,2,2,2,PP,"[[1, 1, 1, 1], [2, 2], [2, 2], [2, 2]]",10,36,96,0.625,0.0043415,20,0.005099557340145111,0.11023998260498047,0.11540578086872483,OPTIMAL,5.0,,,0.0,1211.0,2.1875,35,6.5,104,,5.0,5.0,,5.0,5.0,False,,,False,
889291899920662800,1,16,4,"[4, 4, 4, 4]","[[6, 10, 13, 19], [5, 6, 8, 10], [4, 6, 10, 12], [3, 4, 7, 7]]",0.4,1,2,2,3,PP,"[[1, 1, 1, 1], [3, 1], [2, 2], [2, 2]]",10,36,96,0.625,0.004181,20,0.004593233577907085,0.10222887992858887,0.10687218449503756,OPTIMAL,4.75,,,0.0,762.0,2.25,36,8.125,130,,5.0,4.75,,5.0,4.75,False,,,False,
889291899920662800,1,16,4,"[4, 4, 4, 4]","[[6, 10, 13, 19], [5, 6, 8, 10], [4, 6, 10, 12], [3, 4, 7, 7]]",0.4,1,2,3,,CHP,"[[1, 2, 1], [4], [2, 2], [4]]",7,17,96,0.8229166666666666,0.0040015,20,0.004396655596792698,0.020322084426879883,0.024778676757503986,OPTIMAL,5.625,,,0.0,116.0,6.1875,99,26.25,420,,,,,5.625,,False,,,False,
889291899920662800,1,16,4,"[4, 4, 4, 4]","[[6, 10, 13, 19], [5, 6, 8, 10], [4, 6, 10, 12], [3, 4, 7, 7]]",0.4,1,2,3,2,PP,"[[1, 2, 1], [2, 2], [2, 2], [2, 2]]",9,30,96,0.6875,0.004066,20,0.004793484695255756,0.0736088752746582,0.07846285014809704,OPTIMAL,5.0,,,0.0,619.0,3.8125,61,14.0,224,,5.625,5.0,,5.625,5.0,False,,,False,
889291899920662800,1,16,4,"[4, 4, 4, 4]","[[6, 10, 13, 19], [5, 6, 8, 10], [4, 6, 10, 12], [3, 4, 7, 7]]",0.4,1,2,3,3,PP,"[[1, 2, 1], [3, 1], [2, 2], [3, 1]]",9,30,96,0.6875,0.0034455,20,0.004492240026593208,0.06064295768737793,0.06519461663202811,OPTIMAL,5.625,,,0.0,433.0,5.5,88,17.5,280,,5.625,5.625,,5.625,5.625,False,,,False,
6191148643381614957,2,16,4,"[4, 4, 4, 4]","[[2, 5, 18, 18], [1, 1, 2, 6], [6, 7, 7, 8], [2, 3, 3, 7]]",0.4,1,2,,1,NP,"[[1, 1, 1, 1], [1, 1, 1, 1], [1, 1, 1, 1], [1, 1, 1, 1]]",16,96,96,0.0,0.003045,20,0.006133761256933212,1.765092134475708,1.7712934590353202,OPTIMAL,4.4375,0.0,np_gurobi_optimal,0.0,9703.0,0.0,0,0.0,0,4.4375,,,4.4375,,,False,,,False,
6191148643381614957,2,16,4,"[4, 4, 4, 4]","[[2, 5, 18, 18], [1, 1, 2, 6], [6, 7, 7, 8], [2, 3, 3, 7]]",0.4,1,2,2,,CHP,"[[1, 1, 2], [3, 1], [4], [3, 1]]",8,23,96,0.7604166666666666,0.004607,20,0.004655575379729271,0.020879030227661133,0.025594563901967526,OPTIMAL,4.4375,0.0,np_gurobi_optimal,0.0,150.0,0.0,0,12.1875,195,4.4375,,,4.4375,4.4375,,False,,,False,
6191148643381614957,2,16,4,"[4, 4, 4, 4]","[[2, 5, 18, 18], [1, 1, 2, 6], [6, 7, 7, 8], [2, 3, 3, 7]]",0.4,1,2,2,2,PP,"[[1, 1, 2], [2, 1, 1], [2, 2], [2, 1, 1]]",11,45,96,0.53125,0.004422,20,0.0051905447617173195,0.1441190242767334,0.1493702056690545,OPTIMAL,4.4375,0.0,np_gurobi_optimal,0.0,1524.0,0.0,0,6.5,104,4.4375,4.4375,4.4375,4.4375,4.4375,4.4375,True,True,6.5,True,True
6191148643381614957,2,16,4,"[4, 4, 4, 4]","[[2, 5, 18, 18], [1, 1, 2, 6], [6, 7, 7, 8], [2, 3, 3, 7]]",0.4,1,2,2,3,PP,"[[1, 1, 2], [3, 1], [3, 1], [3, 1]]",9,30,96,0.6875,0.004462,20,0.004940716549754143,0.04246091842651367,0.04746326155589771,OPTIMAL,4.4375,0.0,np_gurobi_optimal,0.0,275.0,0.0,0,8.125,130,4.4375,4.4375,4.4375,4.4375,4.4375,4.4375,True,True,8.125,True,True
6191148643381614957,2,16,4,"[4, 4, 4, 4]","[[2, 5, 18, 18], [1, 1, 2, 6], [6, 7, 7, 8], [2, 3, 3, 7]]",0.4,1,2,3,,CHP,"[[2, 2], [3, 1], [4], [3, 1]]",7,18,96,0.8125,0.003906,20,0.00457550585269928,0.02036905288696289,0.025004873085361482,OPTIMAL,4.4375,0.0,np_gurobi_optimal,0.0,78.0,1.75,28,26.25,420,4.4375,,,4.4375,4.4375,,False,,,False,
6191148643381614957,2,16,4,"[4, 4, 4, 4]","[[2, 5, 18, 18], [1, 1, 2, 6], [6, 7, 7, 8], [2, 3, 3, 7]]",0.4,1,2,3,2,PP,"[[2, 2], [2, 1, 1], [2, 2], [2, 1, 1]]",10,37,96,0.6145833333333333,0.0043165,20,0.005070984363555908,0.08654117584228516,0.09167182427512789,OPTIMAL,4.4375,0.0,np_gurobi_optimal,0.0,743.0,1.75,28,14.0,224,4.4375,4.4375,4.4375,4.4375,4.4375,4.4375,True,True,14.0,True,True
6191148643381614957,2,16,4,"[4, 4, 4, 4]","[[2, 5, 18, 18], [1, 1, 2, 6], [6, 7, 7, 8], [2, 3, 3, 7]]",0.4,1,2,3,3,PP,"[[2, 2], [3, 1], [3, 1], [3, 1]]",8,24,96,0.75,0.004031,20,0.0037398822605609894,0.02530193328857422,0.029089501363497736,OPTIMAL,4.4375,0.0,np_gurobi_optimal,0.0,134.0,1.75,28,17.5,280,4.4375,4.4375,4.4375,4.4375,4.4375,4.4375,True,True,17.5,True,True
2560400230500325425,0,16,4,"[4, 4, 4, 4]","[[5, 7, 8, 9], [5, 9, 9, 16], [1, 2, 2, 3], [6, 10, 11, 12]]",0.7,1,2,,1,NP,"[[1, 1, 1, 1], [1, 1, 1, 1], [1, 1, 1, 1], [1, 1, 1, 1]]",16,96,96,0.0,0.002969,20,0.005453943274915218,0.17195391654968262,0.17745506292160176,OPTIMAL,2.8125,0.0,np_gurobi_optimal,0.0,978.0,0.0,0,0.0,0,2.8125,,,2.8125,,,False,,,False,
2560400230500325425,0,16,4,"[4, 4, 4, 4]","[[5, 7, 8, 9], [5, 9, 9, 16], [1, 2, 2, 3], [6, 10, 11, 12]]",0.7,1,2,2,,CHP,"[[4], [1, 2, 1], [4], [1, 3]]",7,17,96,0.8229166666666666,0.003871,20,0.004389244131743908,0.00830984115600586,0.012746009467729092,OPTIMAL,2.8125,0.0,np_gurobi_optimal,0.0,24.0,0.8125,13,12.1875,195,2.8125,,,2.8125,2.8125,,False,,,False,
2560400230500325425,0,16,4,"[4, 4, 4, 4]","[[5, 7, 8, 9], [5, 9, 9, 16], [1, 2, 2, 3], [6, 10, 11, 12]]",0.7,1,2,2,2,PP,"[[2, 2], [1, 2, 1], [2, 2], [1, 2, 1]]",10,37,96,0.6145833333333333,0.0013975,20,0.0036727404221892357,0.027592897415161133,0.03131436421926975,OPTIMAL,2.8125,0.0,np_gurobi_optimal,0.0,69.0,0.8125,13,6.5,104,2.8125,2.8125,2.8125,2.8125,2.8125,2.8125,True,True,6.5,True,True
2560400230500325425,0,16,4,"[4, 4, 4, 4]","[[5, 7, 8, 9], [5, 9, 9, 16], [1, 2, 2, 3], [6, 10, 11, 12]]",0.7,1,2,2,3,PP,"[[3, 1], [1, 2, 1], [3, 1], [1, 3]]",9,30,96,0.6875,0.001427,20,0.0035347333177924156,0.013715982437133789,0.017294584055974005,OPTIMAL,2.8125,0.0,np_gurobi_optimal,0.0,65.0,0.8125,13,8.125,130,2.8125,2.8125,2.8125,2.8125,2.8125,2.8125,True,True,8.125,True,True
2560400230500325425,0,16,4,"[4, 4, 4, 4]","[[5, 7, 8, 9], [5, 9, 9, 16], [1, 2, 2, 3], [6, 10, 11, 12]]",0.7,1,2,3,,CHP,"[[4], [1, 2, 1], [4], [1, 3]]",7,17,96,0.8229166666666666,0.003941,20,0.0036970768123865128,0.008496999740600586,0.012242028132573128,OPTIMAL,2.8125,0.0,np_gurobi_optimal,0.0,24.0,0.8125,13,26.25,420,2.8125,,,2.8125,2.8125,,False,,,False,
2560400230500325425,0,16,4,"[4, 4, 4, 4]","[[5, 7, 8, 9], [5, 9, 9, 16], [1, 2, 2, 3], [6, 10, 11, 12]]",0.7,1,2,3,2,PP,"[[2, 2], [1, 2, 1], [2, 2], [1, 2, 1]]",10,37,96,0.6145833333333333,0.0014175,20,0.0036403713747859,0.02701711654663086,0.0307030696692276,OPTIMAL,2.8125,0.0,np_gurobi_optimal,0.0,69.0,0.8125,13,14.0,224,2.8125,2.8125,2.8125,2.8125,2.8125,2.8125,True,True,14.0,True,True
2560400230500325425,0,16,4,"[4, 4, 4, 4]","[[5, 7, 8, 9], [5, 9, 9, 16], [1, 2, 2, 3], [6, 10, 11, 12]]",0.7,1,2,3,3,PP,"[[3, 1], [1, 2, 1], [3, 1], [1, 3]]",9,30,96,0.6875,0.004031,20,0.004149381071329117,0.013753890991210938,0.017950725977581503,OPTIMAL,2.8125,0.0,np_gurobi_optimal,0.0,65.0,0.8125,13,17.5,280,2.8125,2.8125,2.8125,2.8125,2.8125,2.8125,True,True,17.5,True,True
4093044367343088416,1,16,4,"[4, 4, 4, 4]","[[1, 3, 4, 7], [4, 6, 6, 8], [4, 5, 5, 6], [5, 5, 6, 9]]",0.7,1,2,,1,NP,"[[1, 1, 1, 1], [1, 1, 1, 1], [1, 1, 1, 1], [1, 1, 1, 1]]",16,96,96,0.0,0.003565,20,0.005929391831159592,5.00034499168396,5.006340490551295,TIME_LIMIT,5.9375,,,0.16315789473685408,20830.0,0.0,0,0.0,0,,,,,,,False,,,False,
4093044367343088416,1,16,4,"[4, 4, 4, 4]","[[1, 3, 4, 7], [4, 6, 6, 8], [4, 5, 5, 6], [5, 5, 6, 9]]",0.7,1,2,2,,CHP,"[[3, 1], [4], [4], [3, 1]]",6,13,96,0.8645833333333334,0.001317,20,0.004554524086415768,0.013135910034179688,0.01773731421491337,OPTIMAL,5.9375,,,0.0,63.0,2.3125,37,12.1875,195,,,,,5.9375,,False,,,False,
4093044367343088416,1,16,4,"[4, 4, 4, 4]","[[1, 3, 4, 7], [4, 6, 6, 8], [4, 5, 5, 6], [5, 5, 6, 9]]",0.7,1,2,2,2,PP,"[[2, 1, 1], [2, 2], [2, 2], [2, 1, 1]]",10,37,96,0.6145833333333333,0.0043365,20,0.0047584520652890205,0.11232900619506836,0.11714769832922124,OPTIMAL,5.9375,,,0.0,1287.0,2.3125,37,6.5,104,,5.9375,5.9375,,5.9375,5.9375,False,,,False,
4093044367343088416,1,16,4,"[4, 4, 4, 4]","[[1, 3, 4, 7], [4, 6, 6, 8], [4, 5, 5, 6], [5, 5, 6, 9]]",0.7,1,2,2,3,PP,"[[3, 1], [3, 1], [3, 1], [3, 1]]",8,24,96,0.75,0.005113,20,0.004656879231333733,0.03561806678771973,0.04033738192352104,OPTIMAL,5.9375,,,0.0,220.0,1.625,26,8.125,130,,5.9375,5.9375,,5.9375,5.9375,False,,,False,
4093044367343088416,1,16,4,"[4, 4, 4, 4]","[[1, 3, 4, 7], [4, 6, 6, 8], [4, 5, 5, 6], [5, 5, 6, 9]]",0.7,1,2,3,,CHP,"[[4], [4], [4], [4]]",4,6,96,0.9375,0.003881,20,0.004298166371881962,0.007164955139160156,0.011523170575517178,OPTIMAL,7.3125,,,0.0,28.0,5.3125,85,26.25,420,,,,,7.3125,,False,,,False,
4093044367343088416,1,16,4,"[4, 4, 4, 4]","[[1, 3, 4, 7], [4, 6, 6, 8], [4, 5, 5, 6], [5, 5, 6, 9]]",0.7,1,2,3,2,PP,"[[2, 2], [2, 2], [2, 2], [2, 2]]",8,24,96,0.75,0.004156,20,0.00508253276348114,0.05216479301452637,0.057311992599648,OPTIMAL,6.1875,,,0.0,396.0,5.3125,85,14.0,224,,7.3125,6.1875,,7.3125,6.1875,False,,,False,
4093044367343088416,1,16,4,"[4, 4, 4, 4]","[[1, 3, 4, 7], [4, 6, 6, 8], [4, 5, 5, 6], [5, 5, 6, 9]]",0.7,1,2,3,3,PP,"[[3, 1], [3, 1], [3, 1], [3, 1]]",8,24,96,0.75,0.004081,20,0.0046939849853515625,0.035600900650024414,0.040355398264139655,OPTIMAL,5.9375,,,0.0,220.0,1.625,26,17.5,280,,7.3125,5.9375,,7.3125,5.9375,False,,,False,
8198348605161259877,2,16,4,"[4, 4, 4, 4]","[[0, 2, 3, 5], [1, 1, 2, 2], [1, 2, 2, 2], [3, 3, 3, 5]]",0.7,1,2,,1,NP,"[[1, 1, 1, 1], [1, 1, 1, 1], [1, 1, 1, 1], [1, 1, 1, 1]]",16,96,96,0.0,0.0025685,20,0.0053432658314704895,5.000056982040405,5.005454239347833,TIME_LIMIT,7.4375,,,0.26470588235295156,16788.0,0.0,0,0.0,0,,,,,,,False,,,False,
8198348605161259877,2,16,4,"[4, 4, 4, 4]","[[0, 2, 3, 5], [1, 1, 2, 2], [1, 2, 2, 2], [3, 3, 3, 5]]",0.7,1,2,2,,CHP,"[[4], [4], [4], [4]]",4,6,96,0.9375,0.003891,20,0.0043481821194291115,0.006229877471923828,0.010627858275023461,OPTIMAL,7.6875,,,0.0,28.0,2.1875,35,12.1875,195,,,,,7.6875,,False,,,False,
8198348605161259877,2,16,4,"[4, 4, 4, 4]","[[0, 2, 3, 5], [1, 1, 2, 2], [1, 2, 2, 2], [3, 3, 3, 5]]",0.7,1,2,2,2,PP,"[[2, 2], [2, 2], [2, 2], [2, 2]]",8,24,96,0.75,0.0015575,20,0.003813403658568859,0.07632899284362793,0.08020048993908882,OPTIMAL,7.6875,,,0.0,734.0,2.1875,35,6.5,104,,7.6875,7.6875,,7.6875,7.6875,False,,,False,
8198348605161259877,2,16,4,"[4, 4, 4, 4]","[[0, 2, 3, 5], [1, 1, 2, 2], [1, 2, 2, 2], [3, 3, 3, 5]]",0.7,1,2,2,3,PP,"[[3, 1], [3, 1], [3, 1], [3, 1]]",8,24,96,0.75,0.004282,20,0.004337896592915058,0.04233384132385254,0.046719416754776956,OPTIMAL,7.6875,,,0.0,428.0,0.8125,13,8.125,130,,7.6875,7.6875,,7.6875,7.6875,False,,,False,
8198348605161259877,2,16,4,"[4, 4, 4, 4]","[[0, 2, 3, 5], [1, 1, 2, 2], [1, 2, 2, 2], [3, 3, 3, 5]]",0.7,1,2,3,,CHP,"[[4], [4], [4], [4]]",4,6,96,0.9375,0.003801,20,0.003477325662970543,0.006183147430419922,0.009707306784273147,OPTIMAL,7.6875,,,0.0,28.0,2.1875,35,26.25,420,,,,,7.6875,,False,,,False,
8198348605161259877,2,16,4,"[4, 4, 4, 4]","[[0, 2, 3, 5], [1, 1, 2, 2], [1, 2, 2, 2], [3, 3, 3, 5]]",0.7,1,2,3,2,PP,"[[2, 2], [2, 2], [2, 2], [2, 2]]",8,24,96,0.75,0.001407,20,0.003436092287302017,0.07595491409301758,0.07943657576548528,OPTIMAL,7.6875,,,0.0,734.0,2.1875,35,14.0,224,,7.6875,7.6875,,7.6875,7.6875,False,,,False,
8198348605161259877,2,16,4,"[4, 4, 4, 4]","[[0, 2, 3, 5], [1, 1, 2, 2], [1, 2, 2, 2], [3, 3, 3, 5]]",0.7,1,2,3,3,PP,"[[3, 1], [3, 1], [3, 1], [3, 1]]",8,24,96,0.75,0.004146,20,0.00393492728471756,0.0426640510559082,0.04664721221998548,OPTIMAL,7.6875,,,0.0,428.0,0.8125,13,17.5,280,,7.6875,7.6875,,7.6875,7.6875,False,,,False,
9988363950158873202,0,16,4,"[4, 4, 4, 4]","[[1, 2, 3, 4], [1, 3, 5, 5], [2, 3, 3, 4], [1, 3, 4, 7]]",1.0,1,2,,1,NP,"[[1, 1, 1, 1], [1, 1, 1, 1], [1, 1, 1, 1], [1, 1, 1, 1]]",16,96,96,0.0,0.003045,20,0.006302875466644764,5.000054121017456,5.0064231106488535,TIME_LIMIT,6.8125,,,0.44070069830556247,14940.0,0.0,0,0.0,0,,,,,,,False,,,False,
9988363950158873202,0,16,4,"[4, 4, 4, 4]","[[1, 2, 3, 4], [1, 3, 5, 5], [2, 3, 3, 4], [1, 3, 4, 7]]",1.0,1,2,2,,CHP,"[[4], [4], [4], [3, 1]]",5,9,96,0.90625,0.0040865,20,0.004584929905831814,0.010349035263061523,0.01498373583514595,OPTIMAL,6.8125,,,0.0,56.0,2.375,38,12.1875,195,,,,,6.8125,,False,,,False,
9988363950158873202,0,16,4,"[4, 4, 4, 4]","[[1, 2, 3, 4], [1, 3, 5, 5], [2, 3, 3, 4], [1, 3, 4, 7]]",1.0,1,2,2,2,PP,"[[2, 2], [2, 2], [2, 2], [2, 1, 1]]",9,30,96,0.6875,0.004742,20,0.005059678107500076,0.1066889762878418,0.11180812184114886,OPTIMAL,6.8125,,,0.0,962.0,1.625,26,6.5,104,,6.8125,6.8125,,6.8125,6.8125,False,,,False,
9988363950158873202,0,16,4,"[4, 4, 4, 4]","[[1, 2, 3, 4], [1, 3, 5, 5], [2, 3, 3, 4], [1, 3, 4, 7]]",1.0,1,2,2,3,PP,"[[3, 1], [3, 1], [3, 1], [3, 1]]",8,24,96,0.75,0.004662,20,0.004637489095330238,0.04463005065917969,0.04933320710843754,OPTIMAL,6.8125,,,0.0,250.0,2.375,38,8.125,130,,6.8125,6.8125,,6.8125,6.8125,False,,,False,
9988363950158873202,0,16,4,"[4, 4, 4, 4]","[[1, 2, 3, 4], [1, 3, 5, 5], [2, 3, 3, 4], [1, 3, 4, 7]]",1.0,1,2,3,,CHP,"[[4], [4], [4], [4]]",4,6,96,0.9375,0.003791,20,0.004113556817173958,0.006675004959106445,0.010848831902495384,OPTIMAL,6.8125,,,0.0,24.0,3.875,62,26.25,420,,,,,6.8125,,False,,,False,
9988363950158873202,0,16,4,"[4, 4, 4, 4]","[[1, 2, 3, 4], [1, 3, 5, 5], [2, 3, 3, 4], [1, 3, 4, 7]]",1.0,1,2,3,2,PP,"[[2, 2], [2, 2], [2, 2], [2, 2]]",8,24,96,0.75,0.001372,20,0.00342379417270422,0.07460594177246094,0.07807413039149952,OPTIMAL,6.8125,,,0.0,662.0,3.125,50,14.0,224,,6.8125,6.8125,,6.8125,6.8125,False,,,False,
9988363950158873202,0,16,4,"[4, 4, 4, 4]","[[1, 2, 3, 4], [1, 3, 5, 5], [2, 3, 3, 4], [1, 3, 4, 7]]",1.0,1,2,3,3,PP,"[[3, 1], [3, 1], [3, 1], [3, 1]]",8,24,96,0.75,0.004046,20,0.00400133803486824,0.04334211349487305,0.04739194862490511,OPTIMAL,6.8125,,,0.0,250.0,2.375,38,17.5,280,,6.8125,6.8125,,6.8125,6.8125,False,,,False,
5161306654850739048,1,16,4,"[4, 4, 4, 4]","[[3, 4, 5, 5], [0, 1, 4, 6], [1, 4, 6, 7], [1, 2, 2, 3]]",1.0,1,2,,1,NP,"[[1, 1, 1, 1], [1, 1, 1, 1], [1, 1, 1, 1], [1, 1, 1, 1]]",16,96,96,0.0,0.003385,20,0.006037314422428608,5.0002288818359375,5.006333327494631,TIME_LIMIT,6.25,,,0.42000000000001136,12185.0,0.0,0,0.0,0,,,,,,,False,,,False,
5161306654850739048,1,16,4,"[4, 4, 4, 4]","[[3, 4, 5, 5], [0, 1, 4, 6], [1, 4, 6, 7], [1, 2, 2, 3]]",1.0,1,2,2,,CHP,"[[4], [2, 2], [1, 3], [4]]",6,13,96,0.8645833333333334,0.003926,20,0.004400530830025673,0.018375873565673828,0.022825798495114805,OPTIMAL,6.125,,,0.0,105.0,1.4375,23,12.1875,195,,,,,6.125,,False,,,False,
5161306654850739048,1,16,4,"[4, 4, 4, 4]","[[3, 4, 5, 5], [0, 1, 4, 6], [1, 4, 6, 7], [1, 2, 2, 3]]",1.0,1,2,2,2,PP,"[[2, 2], [2, 2], [1, 2, 1], [2, 2]]",9,30,96,0.6875,0.0014475,20,0.00355631485581398,0.10124993324279785,0.10485050663472176,OPTIMAL,6.125,,,0.0,1077.0,1.4375,23,6.5,104,,6.125,6.125,,6.125,6.125,False,,,False,
5161306654850739048,1,16,4,"[4, 4, 4, 4]","[[3, 4, 5, 5], [0, 1, 4, 6], [1, 4, 6, 7], [1, 2, 2, 3]]",1.0,1,2,2,3,PP,"[[3, 1], [2, 2], [1, 3], [3, 1]]",8,24,96,0.75,0.003771,20,0.0036943936720490456,0.04260706901550293,0.04634956836739397,OPTIMAL,6.125,,,0.0,383.0,1.4375,23,8.125,130,,6.125,6.125,,6.125,6.125,False,,,False,
5161306654850739048,1,16,4,"[4, 4, 4, 4]","[[3, 4, 5, 5], [0, 1, 4, 6], [1, 4, 6, 7], [1, 2, 2, 3]]",1.0,1,2,3,,CHP,"[[4], [4], [4], [4]]",4,6,96,0.9375,0.0014425,20,0.004193838685750961,0.008093833923339844,0.012349495545570851,OPTIMAL,6.625,,,0.0,22.0,4.8125,77,26.25,420,,,,,6.625,,False,,,False,
5161306654850739048,1,16,4,"[4, 4, 4, 4]","[[3, 4, 5, 5], [0, 1, 4, 6], [1, 4, 6, 7], [1, 2, 2, 3]]",1.0,1,2,3,2,PP,"[[2, 2], [2, 2], [2, 2], [2, 2]]",8,24,96,0.75,0.001417,20,0.004037532024085522,0.05493497848510742,0.05901800421268177,OPTIMAL,6.125,,,0.0,526.0,2.4375,39,14.0,224,,6.625,6.125,,6.625,6.125,False,,,False,
5161306654850739048,1,16,4,"[4, 4, 4, 4]","[[3, 4, 5, 5], [0, 1, 4, 6], [1, 4, 6, 7], [1, 2, 2, 3]]",1.0,1,2,3,3,PP,"[[3, 1], [3, 1], [3, 1], [3, 1]]",8,24,96,0.75,0.0043265,20,0.0047347163781523705,0.031035900115966797,0.035831084981562136,OPTIMAL,6.625,,,0.0,196.0,4.125,66,17.5,280,,6.625,6.625,,6.625,6.625,False,,,False,
10343107839725815555,2,16,4,"[4, 4, 4, 4]","[[2, 3, 4, 5], [3, 3, 6, 6], [4, 5, 5, 6], [2, 3, 3, 4]]",1.0,1,2,,1,NP,"[[1, 1, 1, 1], [1, 1, 1, 1], [1, 1, 1, 1], [1, 1, 1, 1]]",16,96,96,0.0,0.0030895,20,0.005847988650202751,4.69322395324707,4.69913799345993,OPTIMAL,7.0,0.0,np_gurobi_optimal,0.0,19156.0,0.0,0,0.0,0,7.0,,,7.0,,,False,,,False,
10343107839725815555,2,16,4,"[4, 4, 4, 4]","[[2, 3, 4, 5], [3, 3, 6, 6], [4, 5, 5, 6], [2, 3, 3, 4]]",1.0,1,2,2,,CHP,"[[4], [2, 2], [4], [4]]",5,9,96,0.90625,0.003951,20,0.004536636173725128,0.015508890151977539,0.020095587106371878,OPTIMAL,7.0,0.0,np_gurobi_optimal,0.0,45.0,0.0,0,12.1875,195,7.0,,,7.0,7.0,,False,,,False,
10343107839725815555,2,16,4,"[4, 4, 4, 4]","[[2, 3, 4, 5], [3, 3, 6, 6], [4, 5, 5, 6], [2, 3, 3, 4]]",1.0,1,2,2,2,PP,"[[2, 2], [2, 2], [2, 2], [2, 2]]",8,24,96,0.75,0.004306,20,0.004281730391085148,0.07489299774169922,0.07922226426405286,OPTIMAL,7.0,0.0,np_gurobi_optimal,0.0,715.0,0.0,0,6.5,104,7.0,7.0,7.0,7.0,7.0,7.0,True,True,6.5,True,True
10343107839725815555,2,16,4,"[4, 4, 4, 4]","[[2, 3, 4, 5], [3, 3, 6, 6], [4, 5, 5, 6], [2, 3, 3, 4]]",1.0,1,2,2,3,PP,"[[3, 1], [2, 2], [3, 1], [3, 1]]",8,24,96,0.75,0.004041,20,0.004644810222089291,0.04084491729736328,0.04553760028510428,OPTIMAL,7.0,0.0,np_gurobi_optimal,0.0,367.0,0.0,0,8.125,130,7.0,7.0,7.0,7.0,7.0,7.0,True,True,8.125,True,True
10343107839725815555,2,16,4,"[4, 4, 4, 4]","[[2, 3, 4, 5], [3, 3, 6, 6], [4, 5, 5, 6], [2, 3, 3, 4]]",1.0,1,2,3,,CHP,"[[4], [4], [4], [4]]",4,6,96,0.9375,0.004457,20,0.005012987181544304,0.0069980621337890625,0.012077253933352947,OPTIMAL,7.0,0.0,np_gurobi_optimal,0.0,29.0,1.625,26,26.25,420,7.0,,,7.0,7.0,,False,,,False,
10343107839725815555,2,16,4,"[4, 4, 4, 4]","[[2, 3, 4, 5], [3, 3, 6, 6], [4, 5, 5, 6], [2, 3, 3, 4]]",1.0,1,2,3,2,PP,"[[2, 2], [2, 2], [2, 2], [2, 2]]",8,24,96,0.75,0.001527,20,0.0036496156826615334,0.07500696182250977,0.07870197352372599,OPTIMAL,7.0,0.0,np_gurobi_optimal,0.0,715.0,0.0,0,14.0,224,7.0,7.0,7.0,7.0,7.0,7.0,True,True,14.0,True,True
10343107839725815555,2,16,4,"[4, 4, 4, 4]","[[2, 3, 4, 5], [3, 3, 6, 6], [4, 5, 5, 6], [2, 3, 3, 4]]",1.0,1,2,3,3,PP,"[[3, 1], [3, 1], [3, 1], [3, 1]]",8,24,96,0.75,0.0044765,20,0.004835587926208973,0.03728008270263672,0.042176434402610305,OPTIMAL,7.0,0.0,np_gurobi_optimal,0.0,313.0,1.625,26,17.5,280,7.0,7.0,7.0,7.0,7.0,7.0,True,True,17.5,True,True
7978900739485728337,0,20,4,"[5, 5, 5, 5]","[[2, 5, 6, 8, 13], [2, 4, 5, 8, 9], [2, 9, 9, 11, 14], [2, 3, 4, 9, 15]]",0.4,1,2,,1,NP,"[[1, 1, 1, 1, 1], [1, 1, 1, 1, 1], [1, 1, 1, 1, 1], [1, 1, 1, 1, 1]]",20,150,150,0.0,0.003531,20,0.007487797178328037,5.000077962875366,5.0076329264625725,TIME_LIMIT,6.6,,,0.6242096435267472,10863.0,0.0,0,0.0,0,,,,,,,False,,,False,
7978900739485728337,0,20,4,"[5, 5, 5, 5]","[[2, 5, 6, 8, 13], [2, 4, 5, 8, 9], [2, 9, 9, 11, 14], [2, 3, 4, 9, 15]]",0.4,1,2,2,,CHP,"[[1, 3, 1], [3, 2], [1, 3, 1], [3, 1, 1]]",11,45,150,0.7,0.004366,20,0.004927237518131733,0.24696111679077148,0.25193946711421344,OPTIMAL,6.4,,,0.0,2789.0,2.35,47,16.15,323,,,,,6.4,,False,,,False,
7978900739485728337,0,20,4,"[5, 5, 5, 5]","[[2, 5, 6, 8, 13], [2, 4, 5, 8, 9], [2, 9, 9, 11, 14], [2, 3, 4, 9, 15]]",0.4,1,2,2,2,PP,"[[1, 2, 1, 1], [2, 1, 2], [1, 2, 1, 1], [2, 1, 1, 1]]",15,84,150,0.43999999999999995,0.0015775,20,0.0056741563603281975,5.000051975250244,5.005778956997886,TIME_LIMIT,6.4,,,0.42148996013436957,14284.0,0.85,17,8.5,170,,6.4,,,6.4,,False,,,False,
7978900739485728337,0,20,4,"[5, 5, 5, 5]","[[2, 5, 6, 8, 13], [2, 4, 5, 8, 9], [2, 9, 9, 11, 14], [2, 3, 4, 9, 15]]",0.4,1,2,2,3,PP,"[[1, 3, 1], [3, 2], [1, 3, 1], [3, 1, 1]]",11,45,150,0.7,0.004587,20,0.004892483353614807,0.2470550537109375,0.2520000471302743,OPTIMAL,6.4,,,0.0,2789.0,2.35,47,11.05,221,,6.4,6.4,,6.4,6.4,False,,,False,
7978900739485728337,0,20,4,"[5, 5, 5, 5]","[[2, 5, 6, 8, 13], [2, 4, 5, 8, 9], [2, 9, 9, 11, 14], [2, 3, 4, 9, 15]]",0.4,1,2,3,,CHP,"[[4, 1], [5], [1, 4], [3, 1, 1]]",8,23,150,0.8466666666666667,0.0040915,20,0.00420447438955307,0.033616065979003906,0.037868188894049165,OPTIMAL,6.4,,,0.0,222.0,7.25,145,34.2,684,,,,,6.4,,False,,,False,
7978900739485728337,0,20,4,"[5, 5, 5, 5]","[[2, 5, 6, 8, 13], [2, 4, 5, 8, 9], [2, 9, 9, 11, 14], [2, 3, 4, 9, 15]]",0.4,1,2,3,2,PP,"[[2, 2, 1], [2, 2, 1], [1, 2, 2], [2, 1, 1, 1]]",13,63,150,0.5800000000000001,0.0050325,20,0.005692633800208569,1.1318399906158447,1.137599660647781,OPTIMAL,6.4,,,0.0,7796.0,6.5,130,18.0,360,,6.4,6.4,,6.4,6.4,False,,,False,
7978900739485728337,0,20,4,"[5, 5, 5, 5]","[[2, 5, 6, 8, 13], [2, 4, 5, 8, 9], [2, 9, 9, 11, 14], [2, 3, 4, 9, 15]]",0.4,1,2,3,3,PP,"[[3, 1, 1], [3, 2], [1, 3, 1], [3, 1, 1]]",11,45,150,0.7,0.004036,20,0.005270605906844139,0.17935991287231445,0.18468117399327613,OPTIMAL,6.4,,,0.0,1490.0,3.4,68,23.4,468,,6.4,6.4,,6.4,6.4,False,,,False,
13755877369751767079,1,20,4,"[5, 5, 5, 5]","[[0, 2, 7, 8, 10], [5, 9, 10, 12, 15], [4, 4, 7, 7, 9], [3, 9, 10, 13, 16]]",0.4,1,2,,1,NP,"[[1, 1, 1, 1, 1], [1, 1, 1, 1, 1], [1, 1, 1, 1, 1], [1, 1, 1, 1, 1]]",20,150,150,0.0,0.0011765,20,0.006565944291651249,5.000086784362793,5.006710863911785,TIME_LIMIT,5.35,,,0.5289719626168177,12970.0,0.0,0,0.0,0,,,,,,,False,,,False,
13755877369751767079,1,20,4,"[5, 5, 5, 5]","[[0, 2, 7, 8, 10], [5, 9, 10, 12, 15], [4, 4, 7, 7, 9], [3, 9, 10, 13, 16]]",0.4,1,2,2,,CHP,"[[2, 3], [1, 3, 1], [2, 3], [1, 2, 1, 1]]",11,44,150,0.7066666666666667,0.0041615,20,0.0049636512994766235,0.07255101203918457,0.07756466453578377,OPTIMAL,5.3,,,0.0,740.0,3.0,60,16.15,323,,,,,5.3,,False,,,False,
13755877369751767079,1,20,4,"[5, 5, 5, 5]","[[0, 2, 7, 8, 10], [5, 9, 10, 12, 15], [4, 4, 7, 7, 9], [3, 9, 10, 13, 16]]",0.4,1,2,2,2,PP,"[[2, 2, 1], [1, 2, 1, 1], [2, 2, 1], [1, 2, 1, 1]]",14,73,150,0.5133333333333333,0.004597,20,0.004438779316842556,1.3933000564575195,1.3977932194165559,OPTIMAL,5.3,,,0.0,12279.0,0.85,17,8.5,170,,5.3,5.3,,5.3,5.3,False,,,False,
13755877369751767079,1,20,4,"[5, 5, 5, 5]","[[0, 2, 7, 8, 10], [5, 9, 10, 12, 15], [4, 4, 7, 7, 9], [3, 9, 10, 13, 16]]",0.4,1,2,2,3,PP,"[[2, 3], [1, 3, 1], [2, 3], [1, 2, 1, 1]]",11,44,150,0.7066666666666667,0.0042965,20,0.005408184602856636,0.07794499397277832,0.08340807103714609,OPTIMAL,5.3,,,0.0,740.0,3.0,60,11.05,221,,5.3,5.3,,5.3,5.3,False,,,False,
13755877369751767079,1,20,4,"[5, 5, 5, 5]","[[0, 2, 7, 8, 10], [5, 9, 10, 12, 15], [4, 4, 7, 7, 9], [3, 9, 10, 13, 16]]",0.4,1,2,3,,CHP,"[[2, 3], [1, 4], [5], [1, 4]]",7,18,150,0.88,0.004106,20,0.003849607892334461,0.015610933303833008,0.01950855346762514,OPTIMAL,5.3,,,0.0,100.0,9.3,186,34.2,684,,,,,5.3,,False,,,False,
13755877369751767079,1,20,4,"[5, 5, 5, 5]","[[0, 2, 7, 8, 10], [5, 9, 10, 12, 15], [4, 4, 7, 7, 9], [3, 9, 10, 13, 16]]",0.4,1,2,3,2,PP,"[[2, 2, 1], [1, 2, 2], [2, 2, 1], [1, 2, 2]]",12,54,150,0.64,0.004546,20,0.004145334474742413,0.5348711013793945,0.5390674809276423,OPTIMAL,5.3,,,0.0,4698.0,3.85,77,18.0,360,,5.3,5.3,,5.3,5.3,False,,,False,
13755877369751767079,1,20,4,"[5, 5, 5, 5]","[[0, 2, 7, 8, 10], [5, 9, 10, 12, 15], [4, 4, 7, 7, 9], [3, 9, 10, 13, 16]]",0.4,1,2,3,3,PP,"[[2, 3], [1, 3, 1], [3, 2], [1, 3, 1]]",10,37,150,0.7533333333333333,0.004522,20,0.005110403522849083,0.08319687843322754,0.08836822254632426,OPTIMAL,5.3,,,0.0,893.0,6.3,126,23.4,468,,5.3,5.3,,5.3,5.3,False,,,False,
15220466147636921654,2,20,4,"[5, 5, 5, 5]","[[3, 4, 7, 9, 9], [4, 6, 6, 9, 9], [2, 2, 2, 5, 6], [7, 10, 12, 13, 14]]",0.4,1,2,,1,NP,"[[1, 1, 1, 1, 1], [1, 1, 1, 1, 1], [1, 1, 1, 1, 1], [1, 1, 1, 1, 1]]",20,150,150,0.0,0.0031195,20,0.006658812984824181,5.003712892532349,5.010438470670599,TIME_LIMIT,6.05,,,0.46035786063312156,10272.0,0.0,0,0.0,0,,,,,,,False,,,False,
15220466147636921654,2,20,4,"[5, 5, 5, 5]","[[3, 4, 7, 9, 9], [4, 6, 6, 9, 9], [2, 2, 2, 5, 6], [7, 10, 12, 13, 14]]",0.4,1,2,2,,CHP,"[[2, 3], [3, 2], [3, 2], [1, 4]]",8,24,150,0.84,0.001422,20,0.004937993362545967,0.04161882400512695,0.046603996177086354,OPTIMAL,6.05,,,0.0,297.0,2.4,48,16.15,323,,,,,6.05,,False,,,False,
15220466147636921654,2,20,4,"[5, 5, 5, 5]","[[3, 4, 7, 9, 9], [4, 6, 6, 9, 9], [2, 2, 2, 5, 6], [7, 10, 12, 13, 14]]",0.4,1,2,2,2,PP,"[[2, 2, 1], [2, 1, 2], [2, 1, 2], [1, 2, 2]]",12,54,150,0.64,0.004622,20,0.0050797173753380775,0.24161791801452637,0.24674582838519526,OPTIMAL,6.05,,,0.0,2147.0,2.4,48,8.5,170,,6.05,6.05,,6.05,6.05,False,,,False,
15220466147636921654,2,20,4,"[5, 5, 5, 5]","[[3, 4, 7, 9, 9], [4, 6, 6, 9, 9], [2, 2, 2, 5, 6], [7, 10, 12, 13, 14]]",0.4,1,2,2,3,PP,"[[2, 3], [3, 2], [3, 2], [1, 3, 1]]",9,30,150,0.8,0.003715,20,0.003934585489332676,0.056131839752197266,0.06011458388611317,OPTIMAL,6.05,,,0.0,467.0,2.4,48,11.05,221,,6.05,6.05,,6.05,6.05,False,,,False,
15220466147636921654,2,20,4,"[5, 5, 5, 5]","[[3, 4, 7, 9, 9], [4, 6, 6, 9, 9], [2, 2, 2, 5, 6], [7, 10, 12, 13, 14]]",0.4,1,2,3,,CHP,"[[5], [5], [5], [5]]",4,6,150,0.96,0.004247,20,0.004418486729264259,0.005143880844116211,0.009622633626243592,OPTIMAL,6.05,,,0.0,13.0,9.1,182,34.2,684,,,,,6.05,,False,,,False,
15220466147636921654,2,20,4,"[5, 5, 5, 5]","[[3, 4, 7, 9, 9], [4, 6, 6, 9, 9], [2, 2, 2, 5, 6], [7, 10, 12, 13, 14]]",0.4,1,2,3,2,PP,"[[2, 2, 1], [2, 2, 1], [2, 2, 1], [2, 2, 1]]",12,54,150,0.64,0.001547,20,0.0049019185826182365,0.1486358642578125,0.15359709605444383,OPTIMAL,6.05,,,0.0,1150.0,6.6,132,18.0,360,,6.05,6.05,,6.05,6.05,False,,,False,
15220466147636921654,2,20,4,"[5, 5, 5, 5]","[[3, 4, 7, 9, 9], [4, 6, 6, 9, 9], [2, 2, 2, 5, 6], [7, 10, 12, 13, 14]]",0.4,1,2,3,3,PP,"[[3, 2], [3, 2], [3, 2], [3, 2]]",8,24,150,0.84,0.001482,20,0.003533010371029377,0.028274059295654297,0.03185213011259508,OPTIMAL,6.05,,,0.0,222.0,5.15,103,23.4,468,,6.05,6.05,,6.05,6.05,False,,,False,
13608824610981170908,0,20,4,"[5, 5, 5, 5]","[[1, 1, 6, 6, 6], [2, 5, 7, 11, 13], [2, 3, 3, 3, 9], [4, 7, 8, 8, 11]]",0.7,1,2,,1,NP,"[[1, 1, 1, 1, 1], [1, 1, 1, 1, 1], [1, 1, 1, 1, 1], [1, 1, 1, 1, 1]]",20,150,150,0.0,0.001031,20,0.006561978720128536,5.000064849853516,5.006680440183562,TIME_LIMIT,7.1,,,0.5897098422678468,8772.0,0.0,0,0.0,0,,,,,,,False,,,False,
13608824610981170908,0,20,4,"[5, 5, 5, 5]","[[1, 1, 6, 6, 6], [2, 5, 7, 11, 13], [2, 3, 3, 3, 9], [4, 7, 8, 8, 11]]",0.7,1,2,2,,CHP,"[[2, 3], [1, 2, 2], [4, 1], [1, 3, 1]]",10,37,150,0.7533333333333333,0.004217,20,0.0053633758798241615,0.17851805686950684,0.18393263962983322,OPTIMAL,7.0,,,0.0,2112.0,1.5,30,16.15,323,,,,,7.0,,False,,,False,
13608824610981170908,0,20,4,"[5, 5, 5, 5]","[[1, 1, 6, 6, 6], [2, 5, 7, 11, 13], [2, 3, 3, 3, 9], [4, 7, 8, 8, 11]]",0.7,1,2,2,2,PP,"[[2, 2, 1], [1, 2, 2], [2, 2, 1], [1, 2, 1, 1]]",13,63,150,0.5800000000000001,0.001797,20,0.004396514035761356,2.3598320484161377,2.3642798341010303,OPTIMAL,7.0,,,0.0,14772.0,1.5,30,8.5,170,,7.0,7.0,,7.0,7.0,False,,,False,
13608824610981170908,0,20,4,"[5, 5, 5, 5]","[[1, 1, 6, 6, 6], [2, 5, 7, 11, 13], [2, 3, 3, 3, 9], [4, 7, 8, 8, 11]]",0.7,1,2,2,3,PP,"[[2, 3], [1, 2, 2], [3, 1, 1], [1, 3, 1]]",11,45,150,0.7,0.004507,20,0.005119457840919495,0.5065600872039795,0.5117326326243586,OPTIMAL,7.0,,,0.0,4174.0,1.5,30,11.05,221,,7.0,7.0,,7.0,7.0,False,,,False,
13608824610981170908,0,20,4,"[5, 5, 5, 5]","[[1, 1, 6, 6, 6], [2, 5, 7, 11, 13], [2, 3, 3, 3, 9], [4, 7, 8, 8, 11]]",0.7,1,2,3,,CHP,"[[2, 3], [3, 2], [4, 1], [5]]",7,18,150,0.88,0.0038855,20,0.003998373635113239,0.023649930953979492,0.027701476611063956,OPTIMAL,7.0,,,0.0,129.0,6.6,132,34.2,684,,,,,7.0,,False,,,False,
13608824610981170908,0,20,4,"[5, 5, 5, 5]","[[1, 1, 6, 6, 6], [2, 5, 7, 11, 13], [2, 3, 3, 3, 9], [4, 7, 8, 8, 11]]",0.7,1,2,3,2,PP,"[[2, 2, 1], [2, 1, 2], [2, 2, 1], [2, 2, 1]]",12,54,150,0.64,0.0038005,20,0.004143903031945229,0.7797338962554932,0.7839291130712276,OPTIMAL,7.0,,,0.0,5803.0,4.3,86,18.0,360,,7.0,7.0,,7.0,7.0,False,,,False,
13608824610981170908,0,20,4,"[5, 5, 5, 5]","[[1, 1, 6, 6, 6], [2, 5, 7, 11, 13], [2, 3, 3, 3, 9], [4, 7, 8, 8, 11]]",0.7,1,2,3,3,PP,"[[2, 3], [3, 2], [3, 1, 1], [3, 2]]",9,30,150,0.8,0.004477,20,0.00449555367231369,0.07999610900878906,0.08454042034423542,OPTIMAL,7.0,,,0.0,758.0,6.6,132,23.4,468,,7.0,7.0,,7.0,7.0,False,,,False,
10473035587848921997,1,20,4,"[5, 5, 5, 5]","[[3, 4, 5, 7, 12], [3, 3, 3, 3, 5], [4, 8, 10, 11, 14], [1, 1, 3, 4, 6]]",0.7,1,2,,1,NP,"[[1, 1, 1, 1, 1], [1, 1, 1, 1, 1], [1, 1, 1, 1, 1], [1, 1, 1, 1, 1]]",20,150,150,0.0,0.0035,20,0.007165859453380108,5.000058889389038,5.007293128498256,TIME_LIMIT,6.7,,,0.5234281268676683,10423.0,0.0,0,0.0,0,,,,,,,False,,,False,
10473035587848921997,1,20,4,"[5, 5, 5, 5]","[[3, 4, 5, 7, 12], [3, 3, 3, 3, 5], [4, 8, 10, 11, 14], [1, 1, 3, 4, 6]]",0.7,1,2,2,,CHP,"[[4, 1], [5], [1, 3, 1], [5]]",7,17,150,0.8866666666666667,0.004182,20,0.004967737942934036,0.019006967544555664,0.024032007333178042,OPTIMAL,7.3,,,0.0,91.0,3.75,75,16.15,323,,,,,7.3,,False,,,False,
10473035587848921997,1,20,4,"[5, 5, 5, 5]","[[3, 4, 5, 7, 12], [3, 3, 3, 3, 5], [4, 8, 10, 11, 14], [1, 1, 3, 4, 6]]",0.7,1,2,2,2,PP,"[[2, 2, 1], [2, 2, 1], [1, 2, 1, 1], [2, 2, 1]]",13,63,150,0.5800000000000001,0.001558,20,0.004198265261948109,1.0036120414733887,1.0078605486916021,OPTIMAL,6.7,,,0.0,5660.0,1.55,31,8.5,170,,7.3,6.7,,7.3,6.7,False,,,False,
10473035587848921997,1,20,4,"[5, 5, 5, 5]","[[3, 4, 5, 7, 12], [3, 3, 3, 3, 5], [4, 8, 10, 11, 14], [1, 1, 3, 4, 6]]",0.7,1,2,2,3,PP,"[[3, 1, 1], [3, 2], [1, 3, 1], [3, 2]]",10,37,150,0.7533333333333333,0.004627,20,0.004518189467489719,0.11379289627075195,0.11836200692078065,OPTIMAL,6.9,,,0.0,1070.0,3.0,60,11.05,221,,7.3,6.9,,7.3,6.9,False,,,False,
10473035587848921997,1,20,4,"[5, 5, 5, 5]","[[3, 4, 5, 7, 12], [3, 3, 3, 3, 5], [4, 8, 10, 11, 14], [1, 1, 3, 4, 6]]",0.7,1,2,3,,CHP,"[[4, 1], [5], [1, 4], [5]]",6,13,150,0.9133333333333333,0.003495,20,0.0038150157779455185,0.011455059051513672,0.015316688202018737,OPTIMAL,7.3,,,0.0,55.0,5.25,105,34.2,684,,,,,7.3,,False,,,False,
10473035587848921997,1,20,4,"[5, 5, 5, 5]","[[3, 4, 5, 7, 12], [3, 3, 3, 3, 5], [4, 8, 10, 11, 14], [1, 1, 3, 4, 6]]",0.7,1,2,3,2,PP,"[[2, 2, 1], [2, 2, 1], [1, 2, 2], [2, 2, 1]]",12,54,150,0.64,0.004682,20,0.005375663749873638,0.7206411361694336,0.7260810688689537,OPTIMAL,6.7,,,0.0,4661.0,3.05,61,18.0,360,,7.3,6.7,,7.3,6.7,False,,,False,
10473035587848921997,1,20,4,"[5, 5, 5, 5]","[[3, 4, 5, 7, 12], [3, 3, 3, 3, 5], [4, 8, 10, 11, 14], [1, 1, 3, 4, 6]]",0.7,1,2,3,3,PP,"[[3, 1, 1], [3, 2], [1, 3, 1], [3, 2]]",10,37,150,0.7533333333333333,0.003731,20,0.004367000423371792,0.11269807815551758,0.1171136862884698,OPTIMAL,6.9,,,0.0,1070.0,3.0,60,23.4,468,,7.3,6.9,,7.3,6.9,False,,,False,
16322304947374164068,2,20,4,"[5, 5, 5, 5]","[[4, 6, 8, 9, 11], [3, 4, 8, 12, 12], [2, 3, 5, 5, 5], [2, 3, 3, 3, 3]]",0.7,1,2,,1,NP,"[[1, 1, 1, 1, 1], [1, 1, 1, 1, 1], [1, 1, 1, 1, 1], [1, 1, 1, 1, 1]]",20,150,150,0.0,0.00337,20,0.007246340624988079,5.000080108642578,5.007393446294541,TIME_LIMIT,7.45,,,0.532625789439727,8933.0,0.0,0,0.0,0,,,,,,,False,,,False,
16322304947374164068,2,20,4,"[5, 5, 5, 5]","[[4, 6, 8, 9, 11], [3, 4, 8, 12, 12], [2, 3, 5, 5, 5], [2, 3, 3, 3, 3]]",0.7,1,2,2,,CHP,"[[5], [2, 1, 2], [5], [5]]",6,12,150,0.92,0.004116,20,0.004885584115982056,0.015915870666503906,0.020855871514740942,OPTIMAL,7.45,,,0.0,70.0,3.15,63,16.15,323,,,,,7.45,,False,,,False,
16322304947374164068,2,20,4,"[5, 5, 5, 5]","[[4, 6, 8, 9, 11], [3, 4, 8, 12, 12], [2, 3, 5, 5, 5], [2, 3, 3, 3, 3]]",0.7,1,2,2,2,PP,"[[2, 2, 1], [2, 1, 2], [2, 2, 1], [2, 2, 1]]",12,54,150,0.64,0.0045115,20,0.004596457816660404,0.3053247928619385,0.3099710291123381,OPTIMAL,7.45,,,0.0,2941.0,0.85,17,8.5,170,,7.45,7.45,,7.45,7.45,False,,,False,
16322304947374164068,2,20,4,"[5, 5, 5, 5]","[[4, 6, 8, 9, 11], [3, 4, 8, 12, 12], [2, 3, 5, 5, 5], [2, 3, 3, 3, 3]]",0.7,1,2,2,3,PP,"[[3, 2], [2, 1, 2], [3, 2], [3, 2]]",9,30,150,0.8,0.0044515,20,0.004586361348628998,0.09195590019226074,0.09659220907998228,OPTIMAL,7.45,,,0.0,828.0,3.15,63,11.05,221,,7.45,7.45,,7.45,7.45,False,,,False,
16322304947374164068,2,20,4,"[5, 5, 5, 5]","[[4, 6, 8, 9, 11], [3, 4, 8, 12, 12], [2, 3, 5, 5, 5], [2, 3, 3, 3, 3]]",0.7,1,2,3,,CHP,"[[5], [2, 1, 2], [5], [5]]",6,12,150,0.92,0.004212,20,0.0037836385890841484,0.014470100402832031,0.018300644681381702,OPTIMAL,7.45,,,0.0,70.0,3.15,63,34.2,684,,,,,7.45,,False,,,False,
16322304947374164068,2,20,4,"[5, 5, 5, 5]","[[4, 6, 8, 9, 11], [3, 4, 8, 12, 12], [2, 3, 5, 5, 5], [2, 3, 3, 3, 3]]",0.7,1,2,3,2,PP,"[[2, 2, 1], [2, 1, 2], [2, 2, 1], [2, 2, 1]]",12,54,150,0.64,0.0045015,20,0.004421602934598923,0.3058431148529053,0.3103145868040814,OPTIMAL,7.45,,,0.0,2941.0,0.85,17,18.0,360,,7.45,7.45,,7.45,7.45,False,,,False,
16322304947374164068,2,20,4,"[5, 5, 5, 5]","[[4, 6, 8, 9, 11], [3, 4, 8, 12, 12], [2, 3, 5, 5, 5], [2, 3, 3, 3, 3]]",0.7,1,2,3,3,PP,"[[3, 2], [2, 1, 2], [3, 2], [3, 2]]",9,30,150,0.8,0.004477,20,0.004010981880128384,0.0932309627532959,0.0972912508455534,OPTIMAL,7.45,,,0.0,828.0,3.15,63,23.4,468,,7.45,7.45,,7.45,7.45,False,,,False,
10107985014724230268,0,20,4,"[5, 5, 5, 5]","[[1, 1, 2, 4, 5], [3, 3, 4, 4, 6], [2, 3, 4, 4, 7], [1, 4, 4, 4, 4]]",1.0,1,2,,1,NP,"[[1, 1, 1, 1, 1], [1, 1, 1, 1, 1], [1, 1, 1, 1, 1], [1, 1, 1, 1, 1]]",20,150,150,0.0,0.002659,20,0.005982741713523865,5.000062942504883,5.006099524981817,TIME_LIMIT,8.5,,,0.5471275993203583,8717.0,0.0,0,0.0,0,,,,,,,False,,,False,
10107985014724230268,0,20,4,"[5, 5, 5, 5]","[[1, 1, 2, 4, 5], [3, 3, 4, 4, 6], [2, 3, 4, 4, 7], [1, 4, 4, 4, 4]]",1.0,1,2,2,,CHP,"[[5], [5], [4, 1], [1, 4]]",6,13,150,0.9133333333333333,0.0042015,20,0.004583457484841347,0.017416954040527344,0.02205005039113903,OPTIMAL,8.5,,,0.0,91.0,1.45,29,16.15,323,,,,,8.5,,False,,,False,
10107985014724230268,0,20,4,"[5, 5, 5, 5]","[[1, 1, 2, 4, 5], [3, 3, 4, 4, 6], [2, 3, 4, 4, 7], [1, 4, 4, 4, 4]]",1.0,1,2,2,2,PP,"[[2, 2, 1], [2, 2, 1], [2, 2, 1], [1, 2, 2]]",12,54,150,0.64,0.0015675,20,0.004682105965912342,0.8784408569335938,0.8831733223891902,OPTIMAL,8.5,,,0.0,5753.0,0.75,15,8.5,170,,8.5,8.5,,8.5,8.5,False,,,False,
10107985014724230268,0,20,4,"[5, 5, 5, 5]","[[1, 1, 2, 4, 5], [3, 3, 4, 4, 6], [2, 3, 4, 4, 7], [1, 4, 4, 4, 4]]",1.0,1,2,2,3,PP,"[[3, 2], [3, 2], [3, 1, 1], [1, 3, 1]]",10,37,150,0.7533333333333333,0.0045115,20,0.004869730211794376,0.07415390014648438,0.07907315174698734,OPTIMAL,8.5,,,0.0,769.0,0.7,14,11.05,221,,8.5,8.5,,8.5,8.5,False,,,False,
10107985014724230268,0,20,4,"[5, 5, 5, 5]","[[1, 1, 2, 4, 5], [3, 3, 4, 4, 6], [2, 3, 4, 4, 7], [1, 4, 4, 4, 4]]",1.0,1,2,3,,CHP,"[[5], [5], [5], [5]]",4,6,150,0.96,0.0045565,20,0.004555805586278439,0.005734920501708984,0.01035132492391491,OPTIMAL,8.5,,,0.0,21.0,4.75,95,34.2,684,,,,,8.5,,False,,,False,
10107985014724230268,0,20,4,"[5, 5, 5, 5]","[[1, 1, 2, 4, 5], [3, 3, 4, 4, 6], [2, 3, 4, 4, 7], [1, 4, 4, 4, 4]]",1.0,1,2,3,2,PP,"[[2, 2, 1], [2, 2, 1], [2, 2, 1], [2, 2, 1]]",12,54,150,0.64,0.001487,20,0.004034567624330521,0.28804898262023926,0.29213120476723864,OPTIMAL,8.5,,,0.0,2816.0,2.55,51,18.0,360,,8.5,8.5,,8.5,8.5,False,,,False,
10107985014724230268,0,20,4,"[5, 5, 5, 5]","[[1, 1, 2, 4, 5], [3, 3, 4, 4, 6], [2, 3, 4, 4, 7], [1, 4, 4, 4, 4]]",1.0,1,2,3,3,PP,"[[3, 2], [3, 2], [3, 2], [3, 2]]",8,24,150,0.84,0.004522,20,0.00420035794377327,0.042253971099853516,0.04650231586818409,OPTIMAL,8.5,,,0.0,364.0,4.0,80,23.4,468,,8.5,8.5,,8.5,8.5,False,,,False,
12835621316930140213,1,20,4,"[5, 5, 5, 5]","[[1, 2, 2, 2, 2], [2, 3, 7, 8, 10], [3, 5, 5, 6, 9], [1, 1, 1, 2, 4]]",1.0,1,2,,1,NP,"[[1, 1, 1, 1, 1], [1, 1, 1, 1, 1], [1, 1, 1, 1, 1], [1, 1, 1, 1, 1]]",20,150,150,0.0,0.003155,20,0.007348637096583843,5.000056982040405,5.007480749539523,TIME_LIMIT,8.2,,,0.5548456760712462,7129.0,0.0,0,0.0,0,,,,,,,False,,,False,
12835621316930140213,1,20,4,"[5, 5, 5, 5]","[[1, 2, 2, 2, 2], [2, 3, 7, 8, 10], [3, 5, 5, 6, 9], [1, 1, 1, 2, 4]]",1.0,1,2,2,,CHP,"[[5], [2, 3], [4, 1], [5]]",6,13,150,0.9133333333333333,0.0014425,20,0.004046054556965828,0.016894817352294922,0.020988930829410554,OPTIMAL,8.2,,,0.0,95.0,2.25,45,16.15,323,,,,,8.2,,False,,,False,
12835621316930140213,1,20,4,"[5, 5, 5, 5]","[[1, 2, 2, 2, 2], [2, 3, 7, 8, 10], [3, 5, 5, 6, 9], [1, 1, 1, 2, 4]]",1.0,1,2,2,2,PP,"[[2, 2, 1], [2, 2, 1], [2, 2, 1], [2, 2, 1]]",12,54,150,0.64,0.004747,20,0.004566491581499577,0.3472862243652344,0.3519031238299222,OPTIMAL,8.2,,,0.0,3522.0,0.85,17,8.5,170,,8.2,8.2,,8.2,8.2,False,,,False,
12835621316930140213,1,20,4,"[5, 5, 5, 5]","[[1, 2, 2, 2, 2], [2, 3, 7, 8, 10], [3, 5, 5, 6, 9], [1, 1, 1, 2, 4]]",1.0,1,2,2,3,PP,"[[3, 2], [2, 3], [3, 1, 1], [3, 2]]",9,30,150,0.8,0.0044515,20,0.004378407262265682,0.08977890014648438,0.0942099073545351,OPTIMAL,8.2,,,0.0,1012.0,2.25,45,11.05,221,,8.2,8.2,,8.2,8.2,False,,,False,
12835621316930140213,1,20,4,"[5, 5, 5, 5]","[[1, 2, 2, 2, 2], [2, 3, 7, 8, 10], [3, 5, 5, 6, 9], [1, 1, 1, 2, 4]]",1.0,1,2,3,,CHP,"[[5], [2, 3], [5], [5]]",5,9,150,0.94,0.0041665,20,0.004377987235784531,0.013872146606445312,0.01831081485870266,OPTIMAL,8.2,,,0.0,53.0,3.75,75,34.2,684,,,,,8.2,,False,,,False,
12835621316930140213,1,20,4,"[5, 5, 5, 5]","[[1, 2, 2, 2, 2], [2, 3, 7, 8, 10], [3, 5, 5, 6, 9], [1, 1, 1, 2, 4]]",1.0,1,2,3,2,PP,"[[2, 2, 1], [2, 2, 1], [2, 2, 1], [2, 2, 1]]",12,54,150,0.64,0.004582,20,0.004417105577886105,0.3487110137939453,0.35317859694830844,OPTIMAL,8.2,,,0.0,3522.0,0.85,17,18.0,360,,8.2,8.2,,8.2,8.2,False,,,False,
12835621316930140213,1,20,4,"[5, 5, 5, 5]","[[1, 2, 2, 2, 2], [2, 3, 7, 8, 10], [3, 5, 5, 6, 9], [1, 1, 1, 2, 4]]",1.0,1,2,3,3,PP,"[[3, 2], [2, 3], [3, 2], [3, 2]]",8,24,150,0.84,0.004272,20,0.004678991623222828,0.061308860778808594,0.06603681950370979,OPTIMAL,8.2,,,0.0,710.0,3.75,75,23.4,468,,8.2,8.2,,8.2,8.2,False,,,False,
14771961737711289545,2,20,4,"[5, 5, 5, 5]","[[5, 7, 8, 10, 10], [1, 1, 2, 3, 4], [1, 3, 4, 5, 5], [2, 2, 3, 3, 4]]",1.0,1,2,,1,NP,"[[1, 1, 1, 1, 1], [1, 1, 1, 1, 1], [1, 1, 1, 1, 1], [1, 1, 1, 1, 1]]",20,150,150,0.0,0.003135,20,0.006616360507905483,5.000071048736572,5.006743048485944,TIME_LIMIT,8.25,,,0.5274853801169807,8715.0,0.0,0,0.0,0,,,,,,,False,,,False,
14771961737711289545,2,20,4,"[5, 5, 5, 5]","[[5, 7, 8, 10, 10], [1, 1, 2, 3, 4], [1, 3, 4, 5, 5], [2, 2, 3, 3, 4]]",1.0,1,2,2,,CHP,"[[5], [5], [5], [5]]",4,6,150,0.96,0.0041465,20,0.004570657387375832,0.007492780685424805,0.012113007037409782,OPTIMAL,7.85,,,0.0,30.0,2.45,49,16.15,323,,,,,7.85,,False,,,False,
14771961737711289545,2,20,4,"[5, 5, 5, 5]","[[5, 7, 8, 10, 10], [1, 1, 2, 3, 4], [1, 3, 4, 5, 5], [2, 2, 3, 3, 4]]",1.0,1,2,2,2,PP,"[[2, 2, 1], [2, 2, 1], [2, 2, 1], [2, 2, 1]]",12,54,150,0.64,0.0015875,20,0.004117874428629875,0.2939889430999756,0.2981541255164385,OPTIMAL,7.85,,,0.0,2653.0,2.45,49,8.5,170,,7.85,7.85,,7.85,7.85,False,,,False,
14771961737711289545,2,20,4,"[5, 5, 5, 5]","[[5, 7, 8, 10, 10], [1, 1, 2, 3, 4], [1, 3, 4, 5, 5], [2, 2, 3, 3, 4]]",1.0,1,2,2,3,PP,"[[3, 2], [3, 2], [3, 2], [3, 2]]",8,24,150,0.84,0.0047275,20,0.004656136967241764,0.05570387840270996,0.06040868732563496,OPTIMAL,7.85,,,0.0,392.0,1.7,34,11.05,221,,7.85,7.85,,7.85,7.85,False,,,False,
14771961737711289545,2,20,4,"[5, 5, 5, 5]","[[5, 7, 8, 10, 10], [1, 1, 2, 3, 4], [1, 3, 4, 5, 5], [2, 2, 3, 3, 4]]",1.0,1,2,3,,CHP,"[[5], [5], [5], [5]]",4,6,150,0.96,0.0041565,20,0.003516433760523796,0.007210969924926758,0.010775013834136963,OPTIMAL,7.85,,,0.0,30.0,2.45,49,34.2,684,,,,,7.85,,False,,,False,
14771961737711289545,2,20,4,"[5, 5, 5, 5]","[[5, 7, 8, 10, 10], [1, 1, 2, 3, 4], [1, 3, 4, 5, 5], [2, 2, 3, 3, 4]]",1.0,1,2,3,2,PP,"[[2, 2, 1], [2, 2, 1], [2, 2, 1], [2, 2, 1]]",12,54,150,0.64,0.0046265,20,0.004356933757662773,0.29465293884277344,0.29905865589766645,OPTIMAL,7.85,,,0.0,2653.0,2.45,49,18.0,360,,7.85,7.85,,7.85,7.85,False,,,False,
14771961737711289545,2,20,4,"[5, 5, 5, 5]","[[5, 7, 8, 10, 10], [1, 1, 2, 3, 4], [1, 3, 4, 5, 5], [2, 2, 3, 3, 4]]",1.0,1,2,3,3,PP,"[[3, 2], [3, 2], [3, 2], [3, 2]]",8,24,150,0.84,0.001478,20,0.004444235935807228,0.056282997131347656,0.060772582879677295,OPTIMAL,7.85,,,0.0,392.0,1.7,34,23.4,468,,7.85,7.85,,7.85,7.85,False,,,False,
