N,arrival_rate,threshold,max_platoon_size,cases,case_count,actual_gap_case_count,actual_gap_availability_rate,np_optimality_rate,pp_optimality_rate,violation_count,violation_rate,actual_equals_partition_bound_cases,partition_equals_rule_bound_cases,mean_actual_gap,median_actual_gap,mean_partition_specific_upper_bound,median_partition_specific_upper_bound,mean_rule_level_upper_bound,median_rule_level_upper_bound,mean_number_of_platoons,mean_ordering_variable_count,optimality_rate
8,0.4,1,2,3,3,3,1.0,1.0,1.0,0,0.0,3,3,0.0,0.0,0.0,0.0,0.0,0.0,6.0,13.333333333333334,1.0
8,0.4,1,3,3,3,3,1.0,1.0,1.0,0,0.0,3,3,0.0,0.0,0.0,0.0,0.0,0.0,6.0,13.333333333333334,1.0
8,0.4,1,4,3,3,3,1.0,1.0,1.0,0,0.0,3,3,0.0,0.0,0.0,0.0,0.0,0.0,6.0,13.333333333333334,1.0
8,0.4,1,5,3,3,3,1.0,1.0,1.0,0,0.0,3,3,0.0,0.0,0.0,0.0,0.0,0.0,6.0,13.333333333333334,1.0
8,0.4,2,2,3,3,3,1.0,1.0,1.0,0,0.0,2,0,0.0,0.0,0.20833333333333334,0.0,2.5,2.5,5.666666666666667,11.666666666666666,1.0
8,0.4,2,3,3,3,3,1.0,1.0,1.0,0,0.0,2,0,0.0,0.0,0.20833333333333334,0.0,3.125,3.125,5.666666666666667,11.666666666666666,1.0
8,0.4,2,4,3,3,3,1.0,1.0,1.0,0,0.0,2,0,0.0,0.0,0.20833333333333334,0.0,3.75,3.75,5.666666666666667,11.666666666666666,1.0
8,0.4,2,5,3,3,3,1.0,1.0,1.0,0,0.0,2,0,0.0,0.0,0.20833333333333334,0.0,3.75,3.75,5.666666666666667,11.666666666666666,1.0
8,0.4,3,2,3,3,3,1.0,1.0,1.0,0,0.0,1,0,0.041666666666666664,0.0,0.7083333333333334,0.625,6.0,6.0,5.333333333333333,10.333333333333334,1.0
8,0.4,3,3,3,3,3,1.0,1.0,1.0,0,0.0,1,0,0.041666666666666664,0.0,0.7083333333333334,0.625,7.5,7.5,5.333333333333333,10.333333333333334,1.0
8,0.4,3,4,3,3,3,1.0,1.0,1.0,0,0.0,1,0,0.041666666666666664,0.0,0.7083333333333334,0.625,9.0,9.0,5.333333333333333,10.333333333333334,1.0
8,0.4,3,5,3,3,3,1.0,1.0,1.0,0,0.0,1,0,0.041666666666666664,0.0,0.7083333333333334,0.625,9.0,9.0,5.333333333333333,10.333333333333334,1.0
8,0.4,4,2,3,3,3,1.0,1.0,1.0,0,0.0,0,0,0.16666666666666666,0.125,1.5,1.5,9.5,9.5,5.0,9.333333333333334,1.0
8,0.4,4,3,3,3,3,1.0,1.0,1.0,0,0.0,0,0,0.16666666666666666,0.125,1.5,1.5,11.875,11.875,5.0,9.333333333333334,1.0
8,0.4,4,4,3,3,3,1.0,1.0,1.0,0,0.0,0,0,0.16666666666666666,0.125,1.5,1.5,14.25,14.25,5.0,9.333333333333334,1.0
8,0.4,4,5,3,3,3,1.0,1.0,1.0,0,0.0,0,0,0.16666666666666666,0.125,1.5,1.5,14.25,14.25,5.0,9.333333333333334,1.0
8,0.7,1,2,3,3,3,1.0,1.0,1.0,0,0.0,3,3,0.0,0.0,0.0,0.0,0.0,0.0,6.0,14.0,1.0
8,0.7,1,3,3,3,3,1.0,1.0,1.0,0,0.0,3,3,0.0,0.0,0.0,0.0,0.0,0.0,6.0,14.0,1.0
8,0.7,1,4,3,3,3,1.0,1.0,1.0,0,0.0,3,3,0.0,0.0,0.0,0.0,0.0,0.0,6.0,14.0,1.0
8,0.7,1,5,3,3,3,1.0,1.0,1.0,0,0.0,3,3,0.0,0.0,0.0,0.0,0.0,0.0,6.0,14.0,1.0
8,0.7,2,2,3,3,3,1.0,1.0,1.0,0,0.0,1,0,0.0,0.0,0.4166666666666667,0.625,2.5,2.5,5.333333333333333,11.0,1.0
8,0.7,2,3,3,3,3,1.0,1.0,1.0,0,0.0,1,0,0.0,0.0,0.4166666666666667,0.625,3.125,3.125,5.333333333333333,11.0,1.0
8,0.7,2,4,3,3,3,1.0,1.0,1.0,0,0.0,1,0,0.0,0.0,0.4166666666666667,0.625,3.75,3.75,5.333333333333333,11.0,1.0
8,0.7,2,5,3,3,3,1.0,1.0,1.0,0,0.0,1,0,0.0,0.0,0.4166666666666667,0.625,3.75,3.75,5.333333333333333,11.0,1.0
8,0.7,3,2,3,3,3,1.0,1.0,1.0,0,0.0,1,0,0.3333333333333333,0.0,1.4166666666666667,0.625,6.0,6.0,4.666666666666667,8.0,1.0
8,0.7,3,3,3,3,3,1.0,1.0,1.0,0,0.0,1,0,0.3333333333333333,0.0,1.4166666666666667,0.625,7.5,7.5,4.666666666666667,8.0,1.0
8,0.7,3,4,3,3,3,1.0,1.0,1.0,0,0.0,1,0,0.3333333333333333,0.0,1.4166666666666667,0.625,9.0,9.0,4.666666666666667,8.0,1.0
8,0.7,3,5,3,3,3,1.0,1.0,1.0,0,0.0,1,0,0.3333333333333333,0.0,1.4166666666666667,0.625,9.0,9.0,4.666666666666667,8.0,1.0
8,0.7,4,2,3,3,3,1.0,1.0,1.0,0,0.0,0,0,0.4166666666666667,0.0,3.0,2.375,9.5,9.5,4.0,6.0,1.0
8,0.7,4,3,3,3,3,1.0,1.0,1.0,0,0.0,0,0,0.4166666666666667,0.0,3.0,2.375,11.875,11.875,4.0,6.0,1.0
8,0.7,4,4,3,3,3,1.0,1.0,1.0,0,0.0,0,0,0.4166666666666667,0.0,3.0,2.375,14.25,14.25,4.0,6.0,1.0
8,0.7,4,5,3,3,3,1.0,1.0,1.0,0,0.0,0,0,0.4166666666666667,0.0,3.0,2.375,14.25,14.25,4.0,6.0,1.0
8,1.0,1,2,3,3,3,1.0,1.0,1.0,0,0.0,3,3,0.0,0.0,0.0,0.0,0.0,0.0,4.666666666666667,8.0,1.0
8,1.0,1,3,3,3,3,1.0,1.0,1.0,0,0.0,3,3,0.0,0.0,0.0,0.0,0.0,0.0,4.666666666666667,8.0,1.0
8,1.0,1,4,3,3,3,1.0,1.0,1.0,0,0.0,3,3,0.0,0.0,0.0,0.0,0.0,0.0,4.666666666666667,8.0,1.0
8,1.0,1,5,3,3,3,1.0,1.0,1.0,0,0.0,3,3,0.0,0.0,0.0,0.0,0.0,0.0,4.666666666666667,8.0,1.0
8,1.0,2,2,3,3,3,1.0,1.0,1.0,0,0.0,1,0,0.125,0.0,0.4166666666666667,0.625,2.5,2.5,4.0,6.0,1.0
8,1.0,2,3,3,3,3,1.0,1.0,1.0,0,0.0,1,0,0.125,0.0,0.4166666666666667,0.625,3.125,3.125,4.0,6.0,1.0
8,1.0,2,4,3,3,3,1.0,1.0,1.0,0,0.0,1,0,0.125,0.0,0.4166666666666667,0.625,3.75,3.75,4.0,6.0,1.0
8,1.0,2,5,3,3,3,1.0,1.0,1.0,0,0.0,1,0,0.125,0.0,0.4166666666666667,0.625,3.75,3.75,4.0,6.0,1.0
8,1.0,3,2,3,3,3,1.0,1.0,1.0,0,0.0,1,0,0.125,0.0,0.4166666666666667,0.625,6.0,6.0,4.0,6.0,1.0
8,1.0,3,3,3,3,3,1.0,1.0,1.0,0,0.0,1,0,0.125,0.0,0.4166666666666667,0.625,7.5,7.5,4.0,6.0,1.0
8,1.0,3,4,3,3,3,1.0,1.0,1.0,0,0.0,1,0,0.125,0.0,0.4166666666666667,0.625,9.0,9.0,4.0,6.0,1.0
8,1.0,3,5,3,3,3,1.0,1.0,1.0,0,0.0,1,0,0.125,0.0,0.4166666666666667,0.625,9.0,9.0,4.0,6.0,1.0
8,1.0,4,2,3,3,3,1.0,1.0,1.0,0,0.0,1,0,0.125,0.0,0.4166666666666667,0.625,9.5,9.5,4.0,6.0,1.0
8,1.0,4,3,3,3,3,1.0,1.0,1.0,0,0.0,1,0,0.125,0.0,0.4166666666666667,0.625,11.875,11.875,4.0,6.0,1.0
8,1.0,4,4,3,3,3,1.0,1.0,1.0,0,0.0,1,0,0.125,0.0,0.4166666666666667,0.625,14.25,14.25,4.0,6.0,1.0
8,1.0,4,5,3,3,3,1.0,1.0,1.0,0,0.0,1,0,0.125,0.0,0.4166666666666667,0.625,14.25,14.25,4.0,6.0,1.0
12,0.4,1,2,3,3,3,1.0,1.0,1.0,0,0.0,3,3,0.0,0.0,0.0,0.0,0.0,0.0,9.666666666666666,34.666666666666664,1.0
12,0.4,1,3,3,3,3,1.0,1.0,1.0,0,0.0,3,3,0.0,0.0,0.0,0.0,0.0,0.0,9.0,29.333333333333332,1.0
12,0.4,1,4,3,3,3,1.0,1.0,1.0,0,0.0,3,3,0.0,0.0,0.0,0.0,0.0,0.0,9.0,29.333333333333332,1.0
12,0.4,1,5,3,3,3,1.0,1.0,1.0,0,0.0,3,3,0.0,0.0,0.0,0.0,0.0,0.0,9.0,29.333333333333332,1.0
12,0.4,2,2,3,3,3,1.0,1.0,1.0,0,0.0,0,0,0.0,0.0,1.0,0.75,4.5,4.5,8.666666666666666,28.0,1.0
12,0.4,2,3,3,3,3,1.0,1.0,1.0,0,0.0,0,0,0.0,0.0,1.0,0.75,6.0,6.0,7.666666666666667,21.333333333333332,1.0
12,0.4,2,4,3,3,3,1.0,1.0,1.0,0,0.0,0,0,0.0,0.0,1.0,0.75,6.75,6.75,7.666666666666667,21.333333333333332,1.0
12,0.4,2,5,3,3,3,1.0,1.0,1.0,0,0.0,0,0,0.0,0.0,1.0,0.75,6.75,6.75,7.666666666666667,21.333333333333332,1.0
12,0.4,3,2,3,3,3,1.0,1.0,1.0,0,0.0,0,0,0.027777777777777752,0.0,2.0555555555555554,2.25,10.0,10.0,8.0,24.0,1.0
12,0.4,3,3,3,3,3,1.0,1.0,1.0,0,0.0,0,0,0.027777777777777752,0.0,2.0555555555555554,2.25,13.333333333333334,13.333333333333334,7.0,18.0,1.0
12,0.4,3,4,3,3,3,1.0,1.0,1.0,0,0.0,0,0,0.027777777777777752,0.0,2.0555555555555554,2.25,15.0,15.0,7.0,18.0,1.0
12,0.4,3,5,3,3,3,1.0,1.0,1.0,0,0.0,0,0,0.027777777777777752,0.0,2.0555555555555554,2.25,15.0,15.0,7.0,18.0,1.0
12,0.4,4,2,3,3,3,1.0,1.0,1.0,0,0.0,0,0,0.027777777777777752,0.0,2.4166666666666665,2.4166666666666665,15.5,15.5,8.0,24.0,1.0
12,0.4,4,3,3,3,3,1.0,1.0,1.0,0,0.0,0,0,0.08333333333333326,0.08333333333333326,4.472222222222222,3.8333333333333335,20.666666666666668,20.666666666666668,6.0,13.333333333333334,1.0
12,0.4,4,4,3,3,3,1.0,1.0,1.0,0,0.0,0,0,0.08333333333333326,0.08333333333333326,4.472222222222222,3.8333333333333335,23.25,23.25,6.0,13.333333333333334,1.0
12,0.4,4,5,3,3,3,1.0,1.0,1.0,0,0.0,0,0,0.08333333333333326,0.08333333333333326,4.472222222222222,3.8333333333333335,23.25,23.25,6.0,13.333333333333334,1.0
12,0.7,1,2,3,3,3,1.0,1.0,1.0,0,0.0,3,3,0.0,0.0,0.0,0.0,0.0,0.0,8.333333333333334,26.0,1.0
12,0.7,1,3,3,3,3,1.0,1.0,1.0,0,0.0,3,3,0.0,0.0,0.0,0.0,0.0,0.0,6.333333333333333,14.333333333333334,1.0
12,0.7,1,4,3,3,3,1.0,1.0,1.0,0,0.0,3,3,0.0,0.0,0.0,0.0,0.0,0.0,6.333333333333333,14.333333333333334,1.0
12,0.7,1,5,3,3,3,1.0,1.0,1.0,0,0.0,3,3,0.0,0.0,0.0,0.0,0.0,0.0,6.333333333333333,14.333333333333334,1.0
12,0.7,2,2,3,3,3,1.0,1.0,1.0,0,0.0,2,0,0.0,0.0,0.2222222222222222,0.0,4.5,4.5,8.0,24.0,1.0
12,0.7,2,3,3,3,3,1.0,1.0,1.0,0,0.0,2,0,0.0,0.0,0.2222222222222222,0.0,6.0,6.0,6.0,13.0,1.0
12,0.7,2,4,3,3,3,1.0,1.0,1.0,0,0.0,2,0,0.0,0.0,0.2222222222222222,0.0,6.75,6.75,6.0,13.0,1.0
12,0.7,2,5,3,3,3,1.0,1.0,1.0,0,0.0,2,0,0.0,0.0,0.2222222222222222,0.0,6.75,6.75,6.0,13.0,1.0
12,0.7,3,2,3,3,3,1.0,1.0,1.0,0,0.0,2,0,0.44444444444444436,0.0,0.5555555555555556,0.0,10.0,10.0,8.0,24.0,1.0
12,0.7,3,3,3,3,3,1.0,1.0,1.0,0,0.0,1,0,0.44444444444444436,0.0,1.277777777777778,1.5,13.333333333333334,13.333333333333334,5.333333333333333,10.333333333333334,1.0
12,0.7,3,4,3,3,3,1.0,1.0,1.0,0,0.0,1,0,0.44444444444444436,0.0,1.277777777777778,1.5,15.0,15.0,5.333333333333333,10.333333333333334,1.0
12,0.7,3,5,3,3,3,1.0,1.0,1.0,0,0.0,1,0,0.44444444444444436,0.0,1.277777777777778,1.5,15.0,15.0,5.333333333333333,10.333333333333334,1.0
12,0.7,4,2,3,3,3,1.0,1.0,1.0,0,0.0,0,0,0.8888888888888888,1.333333333333333,4.0,4.25,15.5,15.5,8.0,24.0,1.0
12,0.7,4,3,3,3,3,1.0,1.0,1.0,0,0.0,0,0,0.8888888888888888,1.333333333333333,4.722222222222222,4.916666666666667,20.666666666666668,20.666666666666668,4.0,6.0,1.0
12,0.7,4,4,3,3,3,1.0,1.0,1.0,0,0.0,0,0,0.8888888888888888,1.333333333333333,4.722222222222222,4.916666666666667,23.25,23.25,4.0,6.0,1.0
12,0.7,4,5,3,3,3,1.0,1.0,1.0,0,0.0,0,0,0.8888888888888888,1.333333333333333,4.722222222222222,4.916666666666667,23.25,23.25,4.0,6.0,1.0
12,1.0,1,2,3,3,3,1.0,1.0,1.0,0,0.0,3,3,0.0,0.0,0.0,0.0,0.0,0.0,8.0,24.0,1.0
12,1.0,1,3,3,3,3,1.0,1.0,1.0,0,0.0,3,3,0.0,0.0,0.0,0.0,0.0,0.0,5.0,9.333333333333334,1.0
12,1.0,1,4,3,3,3,1.0,1.0,1.0,0,0.0,3,3,0.0,0.0,0.0,0.0,0.0,0.0,5.0,9.333333333333334,1.0
12,1.0,1,5,3,3,3,1.0,1.0,1.0,0,0.0,3,3,0.0,0.0,0.0,0.0,0.0,0.0,5.0,9.333333333333334,1.0
12,1.0,2,2,3,3,3,1.0,1.0,1.0,0,0.0,2,0,0.0,0.0,0.25,0.0,4.5,4.5,8.0,24.0,1.0
12,1.0,2,3,3,3,3,1.0,1.0,1.0,0,0.0,2,0,0.0,0.0,0.25,0.0,6.0,6.0,4.666666666666667,8.0,1.0
12,1.0,2,4,3,3,3,1.0,1.0,1.0,0,0.0,2,0,0.0,0.0,0.25,0.0,6.75,6.75,4.666666666666667,8.0,1.0
12,1.0,2,5,3,3,3,1.0,1.0,1.0,0,0.0,2,0,0.0,0.0,0.25,0.0,6.75,6.75,4.666666666666667,8.0,1.0
12,1.0,3,2,3,3,3,1.0,1.0,1.0,0,0.0,1,0,0.0,0.0,1.361111111111111,1.6666666666666667,10.0,10.0,8.0,24.0,1.0
12,1.0,3,3,3,3,3,1.0,1.0,1.0,0,0.0,1,0,0.0,0.0,1.361111111111111,1.6666666666666667,13.333333333333334,13.333333333333334,4.0,6.0,1.0
12,1.0,3,4,3,3,3,1.0,1.0,1.0,0,0.0,1,0,0.0,0.0,1.361111111111111,1.6666666666666667,15.0,15.0,4.0,6.0,1.0
12,1.0,3,5,3,3,3,1.0,1.0,1.0,0,0.0,1,0,0.0,0.0,1.361111111111111,1.6666666666666667,15.0,15.0,4.0,6.0,1.0
12,1.0,4,2,3,3,3,1.0,1.0,1.0,0,0.0,1,0,0.0,0.0,1.361111111111111,1.6666666666666667,15.5,15.5,8.0,24.0,1.0
12,1.0,4,3,3,3,3,1.0,1.0,1.0,0,0.0,1,0,0.0,0.0,1.361111111111111,1.6666666666666667,20.666666666666668,20.666666666666668,4.0,6.0,1.0
12,1.0,4,4,3,3,3,1.0,1.0,1.0,0,0.0,1,0,0.0,0.0,1.361111111111111,1.6666666666666667,23.25,23.25,4.0,6.0,1.0
12,1.0,4,5,3,3,3,1.0,1.0,1.0,0,0.0,1,0,0.0,0.0,1.361111111111111,1.6666666666666667,23.25,23.25,4.0,6.0,1.0
16,0.4,1,2,3,3,1,0.3333333333333333,0.3333333333333333,1.0,0,0.0,1,3,0.0,0.0,0.0,0.0,0.0,0.0,12.333333333333334,56.666666666666664,1.0
16,0.4,1,3,3,3,1,0.3333333333333333,0.3333333333333333,1.0,0,0.0,1,3,0.0,0.0,0.0,0.0,0.0,0.0,11.333333333333334,48.333333333333336,1.0
16,0.4,1,4,3,3,1,0.3333333333333333,0.3333333333333333,1.0,0,0.0,1,3,0.0,0.0,0.0,0.0,0.0,0.0,11.0,46.0,1.0
16,0.4,1,5,3,3,1,0.3333333333333333,0.3333333333333333,1.0,0,0.0,1,3,0.0,0.0,0.0,0.0,0.0,0.0,11.0,46.0,1.0
16,0.4,2,2,3,3,1,0.3333333333333333,0.3333333333333333,1.0,0,0.0,1,0,0.0,0.0,0.9791666666666666,0.75,6.5,6.5,11.0,45.0,1.0
16,0.4,2,3,3,3,1,0.3333333333333333,0.3333333333333333,1.0,0,0.0,1,0,0.0,0.0,1.2291666666666667,1.4375,8.125,8.125,9.666666666666666,34.333333333333336,1.0
16,0.4,2,4,3,3,1,0.3333333333333333,0.3333333333333333,1.0,0,0.0,1,0,0.0,0.0,1.4583333333333333,1.4375,9.75,9.75,9.0,29.333333333333332,1.0
16,0.4,2,5,3,3,1,0.3333333333333333,0.3333333333333333,1.0,0,0.0,1,0,0.0,0.0,1.4583333333333333,1.4375,9.75,9.75,9.0,29.333333333333332,1.0
16,0.4,3,2,3,3,1,0.3333333333333333,0.3333333333333333,1.0,0,0.0,0,0,0.0,0.0,2.1041666666666665,1.75,14.0,14.0,10.333333333333334,40.333333333333336,1.0
16,0.4,3,3,3,3,1,0.3333333333333333,0.3333333333333333,1.0,0,0.0,0,0,0.0,0.0,2.8958333333333335,1.75,17.5,17.5,9.0,30.333333333333332,1.0
16,0.4,3,4,3,3,1,0.3333333333333333,0.3333333333333333,1.0,0,0.0,0,0,0.0,0.0,3.125,1.75,21.0,21.0,8.0,24.0,1.0
16,0.4,3,5,3,3,1,0.3333333333333333,0.3333333333333333,1.0,0,0.0,0,0,0.0,0.0,3.125,1.75,21.0,21.0,8.0,24.0,1.0
16,0.4,4,2,3,3,1,0.3333333333333333,0.3333333333333333,1.0,0,0.0,0,0,0.1875,0.1875,5.666666666666667,5.75,21.5,21.5,9.333333333333334,33.0,1.0
16,0.4,4,3,3,3,1,0.3333333333333333,0.3333333333333333,1.0,0,0.0,0,0,0.0,0.0,5.291666666666667,4.125,26.875,26.875,8.333333333333334,26.0,1.0
16,0.4,4,4,3,3,1,0.3333333333333333,0.3333333333333333,1.0,0,0.0,0,0,1.1875,1.1875,8.0625,6.4375,32.25,32.25,6.0,13.666666666666666,1.0
16,0.4,4,5,3,3,1,0.3333333333333333,0.3333333333333333,1.0,0,0.0,0,0,1.1875,1.1875,8.0625,6.4375,32.25,32.25,6.0,13.666666666666666,1.0
16,0.7,1,2,3,3,1,0.3333333333333333,0.3333333333333333,1.0,0,0.0,1,3,0.0,0.0,0.0,0.0,0.0,0.0,10.666666666666666,42.333333333333336,1.0
16,0.7,1,3,3,3,1,0.3333333333333333,0.3333333333333333,1.0,0,0.0,1,3,0.0,0.0,0.0,0.0,0.0,0.0,9.333333333333334,32.333333333333336,1.0
16,0.7,1,4,3,3,1,0.3333333333333333,0.3333333333333333,1.0,0,0.0,1,3,0.0,0.0,0.0,0.0,0.0,0.0,8.0,23.0,1.0
16,0.7,1,5,3,3,1,0.3333333333333333,0.3333333333333333,1.0,0,0.0,1,3,0.0,0.0,0.0,0.0,0.0,0.0,8.0,23.0,1.0
16,0.7,2,2,3,3,1,0.3333333333333333,0.3333333333333333,1.0,0,0.0,0,0,0.0,0.0,1.7708333333333333,2.1875,6.5,6.5,9.333333333333334,32.666666666666664,1.0
16,0.7,2,3,3,3,1,0.3333333333333333,0.3333333333333333,1.0,0,0.0,0,0,0.0,0.0,1.0833333333333333,0.8125,8.125,8.125,8.333333333333334,26.0,1.0
16,0.7,2,4,3,3,1,0.3333333333333333,0.3333333333333333,1.0,0,0.0,0,0,0.0,0.0,1.7708333333333333,2.1875,9.75,9.75,5.666666666666667,12.0,1.0
16,0.7,2,5,3,3,1,0.3333333333333333,0.3333333333333333,1.0,0,0.0,0,0,0.0,0.0,1.7708333333333333,2.1875,9.75,9.75,5.666666666666667,12.0,1.0
16,0.7,3,2,3,3,1,0.3333333333333333,0.3333333333333333,1.0,0,0.0,0,0,0.0,0.0,2.7708333333333335,2.1875,14.0,14.0,8.666666666666666,28.333333333333332,1.0
16,0.7,3,3,3,3,1,0.3333333333333333,0.3333333333333333,1.0,0,0.0,0,0,0.0,0.0,1.0833333333333333,0.8125,17.5,17.5,8.333333333333334,26.0,1.0
16,0.7,3,4,3,3,1,0.3333333333333333,0.3333333333333333,1.0,0,0.0,0,0,0.0,0.0,2.7708333333333335,2.1875,21.0,21.0,5.0,9.666666666666666,1.0
16,0.7,3,5,3,3,1,0.3333333333333333,0.3333333333333333,1.0,0,0.0,0,0,0.0,0.0,2.7708333333333335,2.1875,21.0,21.0,5.0,9.666666666666666,1.0
16,0.7,4,2,3,3,1,0.3333333333333333,0.3333333333333333,1.0,0,0.0,0,0,0.0,0.0,4.5625,5.3125,21.5,21.5,8.333333333333334,26.0,1.0
16,0.7,4,3,3,3,1,0.3333333333333333,0.3333333333333333,1.0,0,0.0,0,0,0.0,0.0,2.875,1.625,26.875,26.875,8.0,24.0,1.0
16,0.7,4,4,3,3,1,0.3333333333333333,0.3333333333333333,1.0,0,0.0,0,0,0.0,0.0,4.5625,5.3125,32.25,32.25,4.333333333333333,7.0,1.0
16,0.7,4,5,3,3,1,0.3333333333333333,0.3333333333333333,1.0,0,0.0,0,0,0.0,0.0,4.5625,5.3125,32.25,32.25,4.333333333333333,7.0,1.0
16,1.0,1,2,3,3,1,0.3333333333333333,0.3333333333333333,1.0,0,0.0,1,3,0.0,0.0,0.0,0.0,0.0,0.0,9.333333333333334,32.666666666666664,1.0
16,1.0,1,3,3,3,1,0.3333333333333333,0.3333333333333333,1.0,0,0.0,1,3,0.0,0.0,0.0,0.0,0.0,0.0,9.333333333333334,32.666666666666664,1.0
16,1.0,1,4,3,3,1,0.3333333333333333,0.3333333333333333,1.0,0,0.0,1,3,0.0,0.0,0.0,0.0,0.0,0.0,7.0,17.666666666666668,1.0
16,1.0,1,5,3,3,1,0.3333333333333333,0.3333333333333333,1.0,0,0.0,1,3,0.0,0.0,0.0,0.0,0.0,0.0,7.0,17.666666666666668,1.0
16,1.0,2,2,3,3,1,0.3333333333333333,0.3333333333333333,1.0,0,0.0,1,0,0.0,0.0,1.0208333333333333,1.4375,6.5,6.5,8.666666666666666,28.0,1.0
16,1.0,2,3,3,3,1,0.3333333333333333,0.3333333333333333,1.0,0,0.0,1,0,0.0,0.0,1.2708333333333333,1.4375,8.125,8.125,8.0,24.0,1.0
16,1.0,2,4,3,3,1,0.3333333333333333,0.3333333333333333,1.0,0,0.0,1,0,0.0,0.0,1.2708333333333333,1.4375,9.75,9.75,5.333333333333333,10.333333333333334,1.0
16,1.0,2,5,3,3,1,0.3333333333333333,0.3333333333333333,1.0,0,0.0,1,0,0.0,0.0,1.2708333333333333,1.4375,9.75,9.75,5.333333333333333,10.333333333333334,1.0
16,1.0,3,2,3,3,1,0.3333333333333333,0.3333333333333333,1.0,0,0.0,1,0,0.0,0.0,1.8541666666666667,2.4375,14.0,14.0,8.0,24.0,1.0
16,1.0,3,3,3,3,1,0.3333333333333333,0.3333333333333333,1.0,0,0.0,0,0,0.0,0.0,2.7083333333333335,2.375,17.5,17.5,8.0,24.0,1.0
16,1.0,3,4,3,3,1,0.3333333333333333,0.3333333333333333,1.0,0,0.0,0,0,0.0,0.0,3.4375,3.875,21.0,21.0,4.0,6.0,1.0
16,1.0,3,5,3,3,1,0.3333333333333333,0.3333333333333333,1.0,0,0.0,0,0,0.0,0.0,3.4375,3.875,21.0,21.0,4.0,6.0,1.0
16,1.0,4,2,3,3,1,0.3333333333333333,0.3333333333333333,1.0,0,0.0,1,0,0.0,0.0,1.8541666666666667,2.4375,21.5,21.5,8.0,24.0,1.0
16,1.0,4,3,3,3,1,0.3333333333333333,0.3333333333333333,1.0,0,0.0,0,0,0.0,0.0,2.7083333333333335,2.375,26.875,26.875,8.0,24.0,1.0
16,1.0,4,4,3,3,1,0.3333333333333333,0.3333333333333333,1.0,0,0.0,0,0,0.0,0.0,3.4375,3.875,32.25,32.25,4.0,6.0,1.0
16,1.0,4,5,3,3,1,0.3333333333333333,0.3333333333333333,1.0,0,0.0,0,0,0.0,0.0,3.4375,3.875,32.25,32.25,4.0,6.0,1.0
20,0.4,1,2,3,3,0,0.0,0.0,0.6666666666666666,0,,0,3,,,0.0,0.0,0.0,0.0,14.333333333333334,77.0,0.6666666666666666
20,0.4,1,3,3,3,0,0.0,0.0,1.0,0,,0,3,,,0.0,0.0,0.0,0.0,13.333333333333334,67.33333333333333,1.0
20,0.4,1,4,3,3,0,0.0,0.0,1.0,0,,0,3,,,0.0,0.0,0.0,0.0,13.333333333333334,67.33333333333333,1.0
20,0.4,1,5,3,3,0,0.0,0.0,1.0,0,,0,3,,,0.0,0.0,0.0,0.0,13.333333333333334,67.33333333333333,1.0
20,0.4,2,2,3,3,0,0.0,0.0,0.6666666666666666,0,,0,0,,,1.3666666666666665,0.85,8.5,8.5,13.666666666666666,70.33333333333333,0.6666666666666666
20,0.4,2,3,3,3,0,0.0,0.0,1.0,0,,0,0,,,2.5833333333333335,2.4,11.050000000000002,11.05,10.333333333333334,39.666666666666664,1.0
20,0.4,2,4,3,3,0,0.0,0.0,1.0,0,,0,0,,,2.5833333333333335,2.4,12.75,12.75,10.0,37.666666666666664,1.0
20,0.4,2,5,3,3,0,0.0,0.0,1.0,0,,0,0,,,2.5833333333333335,2.4,13.6,13.6,10.0,37.666666666666664,1.0
20,0.4,3,2,3,3,0,0.0,0.0,1.0,0,,0,0,,,5.6499999999999995,6.5,18.0,18.0,12.333333333333334,57.0,1.0
20,0.4,3,3,3,3,0,0.0,0.0,1.0,0,,0,0,,,4.95,5.15,23.399999999999995,23.4,9.666666666666666,35.333333333333336,1.0
20,0.4,3,4,3,3,0,0.0,0.0,1.0,0,,0,0,,,8.316666666666666,8.6,27.0,27.0,8.333333333333334,26.0,1.0
20,0.4,3,5,3,3,0,0.0,0.0,1.0,0,,0,0,,,8.549999999999999,9.1,28.8,28.8,6.333333333333333,15.666666666666666,1.0
20,0.4,4,2,3,3,0,0.0,0.0,1.0,0,,0,0,,,6.316666666666666,6.5,27.5,27.5,12.333333333333334,57.0,1.0
20,0.4,4,3,3,3,0,0.0,0.0,1.0,0,,0,0,,,6.116666666666667,5.15,35.75,35.75,9.333333333333334,33.0,1.0
20,0.4,4,4,3,3,0,0.0,0.0,1.0,0,,0,0,,,8.733333333333333,9.1,41.25,41.25,8.333333333333334,26.0,1.0
20,0.4,4,5,3,3,0,0.0,0.0,1.0,0,,0,0,,,9.466666666666667,9.1,44.0,44.0,6.0,14.0,1.0
20,0.7,1,2,3,3,0,0.0,0.0,1.0,0,,0,3,,,0.0,0.0,0.0,0.0,14.0,73.0,1.0
20,0.7,1,3,3,3,0,0.0,0.0,1.0,0,,0,3,,,0.0,0.0,0.0,0.0,12.333333333333334,56.0,1.0
20,0.7,1,4,3,3,0,0.0,0.0,1.0,0,,0,3,,,0.0,0.0,0.0,0.0,11.666666666666666,49.333333333333336,1.0
20,0.7,1,5,3,3,0,0.0,0.0,1.0,0,,0,3,,,0.0,0.0,0.0,0.0,11.333333333333334,46.333333333333336,1.0
20,0.7,2,2,3,3,0,0.0,0.0,1.0,0,,0,0,,,1.3,1.5,8.5,8.5,12.666666666666666,60.0,1.0
20,0.7,2,3,3,3,0,0.0,0.0,1.0,0,,0,0,,,2.5500000000000003,3.0,11.050000000000002,11.05,10.0,37.333333333333336,1.0
20,0.7,2,4,3,3,0,0.0,0.0,1.0,0,,0,0,,,2.1,2.35,12.75,12.75,9.333333333333334,32.333333333333336,1.0
20,0.7,2,5,3,3,0,0.0,0.0,1.0,0,,0,0,,,2.8000000000000003,3.15,13.6,13.6,7.666666666666667,22.0,1.0
20,0.7,3,2,3,3,0,0.0,0.0,1.0,0,,0,0,,,2.733333333333333,3.05,18.0,18.0,12.0,54.0,1.0
20,0.7,3,3,3,3,0,0.0,0.0,1.0,0,,0,0,,,4.25,3.15,23.399999999999995,23.4,9.333333333333334,32.333333333333336,1.0
20,0.7,3,4,3,3,0,0.0,0.0,1.0,0,,0,0,,,3.8000000000000003,3.85,27.0,27.0,8.333333333333334,26.0,1.0
20,0.7,3,5,3,3,0,0.0,0.0,1.0,0,,0,0,,,5.0,5.25,28.8,28.8,6.333333333333333,14.333333333333334,1.0
20,0.7,4,2,3,3,0,0.0,0.0,1.0,0,,0,0,,,4.283333333333333,3.5,27.5,27.5,12.0,54.0,1.0
20,0.7,4,3,3,3,0,0.0,0.0,1.0,0,,0,0,,,6.533333333333334,6.6,35.75,35.75,8.666666666666666,28.0,1.0
20,0.7,4,4,3,3,0,0.0,0.0,1.0,0,,0,0,,,6.483333333333333,6.85,41.25,41.25,8.0,24.0,1.0
20,0.7,4,5,3,3,0,0.0,0.0,1.0,0,,0,0,,,8.416666666666666,8.2,44.0,44.0,5.0,9.333333333333334,1.0
20,1.0,1,2,3,3,0,0.0,0.0,1.0,0,,0,3,,,0.0,0.0,0.0,0.0,12.333333333333334,57.0,1.0
20,1.0,1,3,3,3,0,0.0,0.0,1.0,0,,0,3,,,0.0,0.0,0.0,0.0,10.666666666666666,42.333333333333336,1.0
20,1.0,1,4,3,3,0,0.0,0.0,1.0,0,,0,3,,,0.0,0.0,0.0,0.0,9.0,30.333333333333332,1.0
20,1.0,1,5,3,3,0,0.0,0.0,1.0,0,,0,3,,,0.0,0.0,0.0,0.0,8.0,23.333333333333332,1.0
20,1.0,2,2,3,3,0,0.0,0.0,1.0,0,,0,0,,,1.3499999999999999,0.85,8.5,8.5,12.0,54.0,1.0
20,1.0,2,3,3,3,0,0.0,0.0,1.0,0,,0,0,,,1.55,1.7,11.050000000000002,11.05,9.0,30.333333333333332,1.0
20,1.0,2,4,3,3,0,0.0,0.0,1.0,0,,0,0,,,1.5833333333333333,1.55,12.75,12.75,8.0,24.0,1.0
20,1.0,2,5,3,3,0,0.0,0.0,1.0,0,,0,0,,,2.0500000000000003,2.25,13.6,13.6,5.333333333333333,10.666666666666666,1.0
20,1.0,3,2,3,3,0,0.0,0.0,1.0,0,,0,0,,,1.95,2.45,18.0,18.0,12.0,54.0,1.0
20,1.0,3,3,3,3,0,0.0,0.0,1.0,0,,0,0,,,3.15,3.75,23.399999999999995,23.4,8.0,24.0,1.0
20,1.0,3,4,3,3,0,0.0,0.0,1.0,0,,0,0,,,2.183333333333333,2.45,27.0,27.0,8.0,24.0,1.0
20,1.0,3,5,3,3,0,0.0,0.0,1.0,0,,0,0,,,3.65,3.75,28.8,28.8,4.333333333333333,7.0,1.0
20,1.0,4,2,3,3,0,0.0,0.0,1.0,0,,0,0,,,1.95,2.45,27.5,27.5,12.0,54.0,1.0
20,1.0,4,3,3,3,0,0.0,0.0,1.0,0,,0,0,,,4.016666666666667,4.0,35.75,35.75,8.0,24.0,1.0
20,1.0,4,4,3,3,0,0.0,0.0,1.0,0,,0,0,,,2.8166666666666664,2.55,41.25,41.25,8.0,24.0,1.0
20,1.0,4,5,3,3,0,0.0,0.0,1.0,0,,0,0,,,4.516666666666667,4.75,44.0,44.0,4.0,6.0,1.0
