scenario,replication,target_dimension_reduction,target_ordering_budget,method_family,method_detail,N,L,counts,demand_pattern,arrival_mode,hF,hS,max_platoon_size,partition,total_platoons,platoons_by_approach,ordering_variables,vehicle_level_ordering_variables,dimension_reduction_fraction,scaled_indexed_bound,indexed_bound,actual_average_gap,actual_gap_le_indexed_bound,vehicle_level_average_delay,objective_average_delay,status,mip_gap,nodes,time_to_first_feasible,partition_time_seconds,partition_model_construction_seconds,partition_optimization_seconds,model_construction_seconds,downstream_optimization_seconds,end_to_end_seconds
N20_L4_unbalanced_bursty_hS2,0,0.25,105,proposed_bound_aware,min_Bidx_under_C_budget,20,4,"[8, 6, 4, 2]",unbalanced,bursty,1,2,4,"[[4, 1, 3], [2, 1, 3], [3, 1], [2]]",9,"[3, 3, 2, 1]",29,140,0.7928571428571428,0,0.0,0.0,True,0.8,0.8,OPTIMAL,0.0,1.0,2.5033950805664062e-05,0.003069225698709488,0.002307385206222534,0.0006878376007080078,0.0016888603568077087,0.0005600452423095703,0.005318131297826767
N20_L4_unbalanced_bursty_hS2,0,0.25,105,fixed_size_closest_dimension,fixed_size_1,20,4,"[8, 6, 4, 2]",unbalanced,bursty,1,2,4,"[[1, 1, 1, 1, 1, 1, 1, 1], [1, 1, 1, 1, 1, 1], [1, 1, 1, 1], [1, 1]]",20,"[8, 6, 4, 2]",140,140,0.0,0,0.0,0.0,True,0.8,0.8,OPTIMAL,0.0,1.0,0.0011539459228515625,0.0,0.0,0.0,0.00415587704628706,0.003793954849243164,0.007949831895530224
N20_L4_unbalanced_bursty_hS2,0,0.25,105,threshold_closest_dimension,release_gap_threshold_0,20,4,"[8, 6, 4, 2]",unbalanced,bursty,1,2,4,"[[1, 2, 2, 1, 1, 1], [2, 1, 1, 1, 1], [2, 1, 1], [1, 1]]",16,"[6, 5, 3, 2]",91,140,0.35,0,0.0,0.0,True,0.8,0.8,OPTIMAL,0.0,1.0,5.221366882324219e-05,0.0,0.0,0.0,0.0032347552478313446,0.0026412010192871094,0.005875956267118454
N20_L4_unbalanced_bursty_hS2,0,0.5,70,proposed_bound_aware,min_Bidx_under_C_budget,20,4,"[8, 6, 4, 2]",unbalanced,bursty,1,2,4,"[[4, 1, 3], [2, 1, 3], [3, 1], [2]]",9,"[3, 3, 2, 1]",29,140,0.7928571428571428,0,0.0,0.0,True,0.8,0.8,OPTIMAL,0.0,1.0,2.6941299438476562e-05,0.0050988513976335526,0.0022333823144435883,0.0027921199798583984,0.001962995156645775,0.0006449222564697266,0.007706768810749054
N20_L4_unbalanced_bursty_hS2,0,0.5,70,fixed_size_closest_dimension,fixed_size_2,20,4,"[8, 6, 4, 2]",unbalanced,bursty,1,2,4,"[[2, 2, 2, 2], [2, 2, 2], [2, 2], [2]]",10,"[4, 3, 2, 1]",35,140,0.75,526,26.3,1.9000000000000001,True,0.8,2.7,OPTIMAL,0.0,1.0,3.0994415283203125e-05,0.0,0.0,0.0,0.0019594095647335052,0.001077890396118164,0.0030372999608516693
N20_L4_unbalanced_bursty_hS2,0,0.5,70,threshold_closest_dimension,release_gap_threshold_0,20,4,"[8, 6, 4, 2]",unbalanced,bursty,1,2,4,"[[1, 2, 2, 1, 1, 1], [2, 1, 1, 1, 1], [2, 1, 1], [1, 1]]",16,"[6, 5, 3, 2]",91,140,0.35,0,0.0,0.0,True,0.8,0.8,OPTIMAL,0.0,1.0,4.601478576660156e-05,0.0,0.0,0.0,0.0029607703909277916,0.0026159286499023438,0.005576699040830135
N20_L4_unbalanced_bursty_hS2,0,0.75,35,proposed_bound_aware,min_Bidx_under_C_budget,20,4,"[8, 6, 4, 2]",unbalanced,bursty,1,2,4,"[[4, 1, 3], [2, 1, 3], [3, 1], [2]]",9,"[3, 3, 2, 1]",29,140,0.7928571428571428,0,0.0,0.0,True,0.8,0.8,OPTIMAL,0.0,1.0,2.3126602172851562e-05,0.004157808609306812,0.002249518409371376,0.001834869384765625,0.0017481809481978416,0.0005869865417480469,0.006492976099252701
N20_L4_unbalanced_bursty_hS2,0,0.75,35,fixed_size_closest_dimension,fixed_size_2,20,4,"[8, 6, 4, 2]",unbalanced,bursty,1,2,4,"[[2, 2, 2, 2], [2, 2, 2], [2, 2], [2]]",10,"[4, 3, 2, 1]",35,140,0.75,526,26.3,1.9000000000000001,True,0.8,2.7,OPTIMAL,0.0,1.0,3.0994415283203125e-05,0.0,0.0,0.0,0.0018128277733922005,0.001065969467163086,0.0028787972405552864
N20_L4_unbalanced_bursty_hS2,0,0.75,35,threshold_closest_dimension,release_gap_threshold_1,20,4,"[8, 6, 4, 2]",unbalanced,bursty,1,2,4,"[[4, 1, 3], [2, 1, 3], [3, 1], [2]]",9,"[3, 3, 2, 1]",29,140,0.7928571428571428,0,0.0,0.0,True,0.8,0.8,OPTIMAL,0.0,1.0,2.3126602172851562e-05,0.0,0.0,0.0,0.0016806675121188164,0.0005631446838378906,0.002243812195956707
N20_L4_unbalanced_bursty_hS2,0,0.9,14,proposed_bound_aware,min_Bidx_under_C_budget,20,4,"[8, 6, 4, 2]",unbalanced,bursty,1,2,4,"[[4, 4], [3, 3], [4], [2]]",6,"[2, 2, 1, 1]",13,140,0.9071428571428571,374,18.7,1.05,True,0.8,1.85,OPTIMAL,0.0,1.0,2.09808349609375e-05,0.004067573696374893,0.002235736697912216,0.0017559528350830078,0.001408376730978489,0.00043201446533203125,0.005907964892685413
N20_L4_unbalanced_bursty_hS2,0,0.9,14,fixed_size_closest_dimension,fixed_size_4,20,4,"[8, 6, 4, 2]",unbalanced,bursty,1,2,4,"[[4, 4], [4, 2], [4], [2]]",6,"[2, 2, 1, 1]",13,140,0.9071428571428571,542,27.1,3.3,True,0.8,4.1,OPTIMAL,0.0,1.0,1.9788742065429688e-05,0.0,0.0,0.0,0.0013462631031870842,0.00038886070251464844,0.0017351238057017326
N20_L4_unbalanced_bursty_hS2,0,0.9,14,threshold_closest_dimension,release_gap_threshold_24,20,4,"[8, 6, 4, 2]",unbalanced,bursty,1,2,4,"[[4, 4], [4, 2], [4], [2]]",6,"[2, 2, 1, 1]",13,140,0.9071428571428571,542,27.1,3.3,True,0.8,4.1,OPTIMAL,0.0,1.0,2.002716064453125e-05,0.0,0.0,0.0,0.0013601938262581825,0.00038695335388183594,0.0017471471801400185
N30_L4_unbalanced_bursty_hS2,0,0.25,236,proposed_bound_aware,min_Bidx_under_C_budget,30,4,"[12, 9, 6, 3]",unbalanced,bursty,1,2,4,"[[1, 2, 4, 1, 4], [4, 3, 2], [2, 4], [1, 2]]",12,"[5, 3, 2, 2]",51,315,0.8380952380952381,0,0.0,0.0,True,1.0333333333333334,1.0333333333333334,OPTIMAL,0.0,1.0,4.00543212890625e-05,0.00997228268533945,0.004595691338181496,0.0052149295806884766,0.0023137740790843964,0.0014271736145019531,0.0137132303789258
N30_L4_unbalanced_bursty_hS2,0,0.25,236,fixed_size_closest_dimension,fixed_size_1,30,4,"[12, 9, 6, 3]",unbalanced,bursty,1,2,4,"[[1, 1, 1, 1, 1, 1, 1, 1, 1, 1, 1, 1], [1, 1, 1, 1, 1, 1, 1, 1, 1], [1, 1, 1, 1, 1, 1], [1, 1, 1]]",30,"[12, 9, 6, 3]",315,315,0.0,0,0.0,0.0,True,1.0333333333333334,1.0333333333333334,OPTIMAL,0.0,23.0,0.00015401840209960938,0.0,0.0,0.0,0.007854183204472065,0.02923297882080078,0.037087162025272846
N30_L4_unbalanced_bursty_hS2,0,0.25,236,threshold_closest_dimension,release_gap_threshold_0,30,4,"[12, 9, 6, 3]",unbalanced,bursty,1,2,4,"[[1, 1, 1, 1, 1, 2, 1, 2, 2], [1, 1, 2, 1, 2, 2], [1, 1, 2, 2], [1, 2]]",21,"[9, 6, 4, 2]",152,315,0.5174603174603175,0,0.0,0.0,True,1.0333333333333334,1.0333333333333334,OPTIMAL,0.0,1.0,6.508827209472656e-05,0.0,0.0,0.0,0.004352944903075695,0.013470888137817383,0.017823833040893078
N30_L4_unbalanced_bursty_hS2,0,0.5,158,proposed_bound_aware,min_Bidx_under_C_budget,30,4,"[12, 9, 6, 3]",unbalanced,bursty,1,2,4,"[[1, 2, 4, 1, 4], [4, 3, 2], [2, 4], [1, 2]]",12,"[5, 3, 2, 2]",51,315,0.8380952380952381,0,0.0,0.0,True,1.0333333333333334,1.0333333333333334,OPTIMAL,0.0,1.0,3.600120544433594e-05,0.010041385889053345,0.0043944669887423515,0.005501985549926758,0.0022784406319260597,0.0014240741729736328,0.013743900693953037
N30_L4_unbalanced_bursty_hS2,0,0.5,158,fixed_size_closest_dimension,fixed_size_2,30,4,"[12, 9, 6, 3]",unbalanced,bursty,1,2,4,"[[2, 2, 2, 2, 2, 2], [2, 2, 2, 2, 1], [2, 2, 2], [2, 1]]",16,"[6, 5, 3, 2]",91,315,0.7111111111111111,1489,49.63333333333333,1.3,True,1.0333333333333334,2.3333333333333335,OPTIMAL,0.0,1.0,5.1975250244140625e-05,0.0,0.0,0.0,0.0030478332191705704,0.001085042953491211,0.004132876172661781
N30_L4_unbalanced_bursty_hS2,0,0.5,158,threshold_closest_dimension,release_gap_threshold_0,30,4,"[12, 9, 6, 3]",unbalanced,bursty,1,2,4,"[[1, 1, 1, 1, 1, 2, 1, 2, 2], [1, 1, 2, 1, 2, 2], [1, 1, 2, 2], [1, 2]]",21,"[9, 6, 4, 2]",152,315,0.5174603174603175,0,0.0,0.0,True,1.0333333333333334,1.0333333333333334,OPTIMAL,0.0,1.0,6.604194641113281e-05,0.0,0.0,0.0,0.004340745508670807,0.013409137725830078,0.017749883234500885
N30_L4_unbalanced_bursty_hS2,0,0.75,79,proposed_bound_aware,min_Bidx_under_C_budget,30,4,"[12, 9, 6, 3]",unbalanced,bursty,1,2,4,"[[1, 2, 4, 1, 4], [4, 3, 2], [2, 4], [1, 2]]",12,"[5, 3, 2, 2]",51,315,0.8380952380952381,0,0.0,0.0,True,1.0333333333333334,1.0333333333333334,OPTIMAL,0.0,1.0,3.409385681152344e-05,0.00987339299172163,0.00444614514708519,0.005285024642944336,0.002286604605615139,0.0014278888702392578,0.013587886467576027
N30_L4_unbalanced_bursty_hS2,0,0.75,79,fixed_size_closest_dimension,fixed_size_2,30,4,"[12, 9, 6, 3]",unbalanced,bursty,1,2,4,"[[2, 2, 2, 2, 2, 2], [2, 2, 2, 2, 1], [2, 2, 2], [2, 1]]",16,"[6, 5, 3, 2]",91,315,0.7111111111111111,1489,49.63333333333333,1.3,True,1.0333333333333334,2.3333333333333335,OPTIMAL,0.0,1.0,5.1975250244140625e-05,0.0,0.0,0.0,0.003107273019850254,0.0010828971862792969,0.004190170206129551
N30_L4_unbalanced_bursty_hS2,0,0.75,79,threshold_closest_dimension,release_gap_threshold_1,30,4,"[12, 9, 6, 3]",unbalanced,bursty,1,2,4,"[[1, 2, 4, 1, 4], [4, 3, 2], [4, 2], [1, 2]]",12,"[5, 3, 2, 2]",51,315,0.8380952380952381,0,0.0,0.0,True,1.0333333333333334,1.0333333333333334,OPTIMAL,0.0,1.0,4.601478576660156e-05,0.0,0.0,0.0,0.002351973205804825,0.0009801387786865234,0.0033321119844913483
N30_L4_unbalanced_bursty_hS2,0,0.9,31,proposed_bound_aware,min_Bidx_under_C_budget,30,4,"[12, 9, 6, 3]",unbalanced,bursty,1,2,4,"[[4, 4, 4], [4, 3, 2], [4, 2], [3]]",9,"[3, 3, 2, 1]",29,315,0.9079365079365079,1468,48.93333333333333,2.3,True,1.0333333333333334,3.3333333333333335,OPTIMAL,0.0,1.0,2.9087066650390625e-05,0.015182701870799065,0.004655572585761547,0.010384082794189453,0.0020547928288578987,0.0005691051483154297,0.017806599847972393
N30_L4_unbalanced_bursty_hS2,0,0.9,31,fixed_size_closest_dimension,fixed_size_4,30,4,"[12, 9, 6, 3]",unbalanced,bursty,1,2,4,"[[4, 4, 4], [4, 4, 1], [4, 2], [3]]",9,"[3, 3, 2, 1]",29,315,0.9079365079365079,1489,49.63333333333333,2.3,True,1.0333333333333334,3.3333333333333335,OPTIMAL,0.0,0.0,3.0040740966796875e-05,0.0,0.0,0.0,0.0019787894561886787,0.0003979206085205078,0.0023767100647091866
N30_L4_unbalanced_bursty_hS2,0,0.9,31,threshold_closest_dimension,release_gap_threshold_35,30,4,"[12, 9, 6, 3]",unbalanced,bursty,1,2,4,"[[4, 4, 4], [4, 4, 1], [4, 2], [3]]",9,"[3, 3, 2, 1]",29,315,0.9079365079365079,1489,49.63333333333333,2.3,True,1.0333333333333334,3.3333333333333335,OPTIMAL,0.0,0.0,2.8848648071289062e-05,0.0,0.0,0.0,0.0019526490941643715,0.0003960132598876953,0.002348662354052067
N40_L4_unbalanced_bursty_hS2,0,0.25,420,proposed_bound_aware,min_Bidx_under_C_budget,40,4,"[16, 12, 8, 4]",unbalanced,bursty,1,2,4,"[[1, 1, 1, 3, 2, 4, 4], [4, 1, 4, 3], [3, 1, 4], [1, 3]]",16,"[7, 4, 3, 2]",89,560,0.8410714285714286,0,0.0,0.0,True,5.25,5.25,OPTIMAL,0.0,58.0,6.890296936035156e-05,0.022255955263972282,0.007800632156431675,0.014206171035766602,0.0032996442168951035,0.05678606033325195,0.08234165981411934
N40_L4_unbalanced_bursty_hS2,0,0.25,420,fixed_size_closest_dimension,fixed_size_1,40,4,"[16, 12, 8, 4]",unbalanced,bursty,1,2,4,"[[1, 1, 1, 1, 1, 1, 1, 1, 1, 1, 1, 1, 1, 1, 1, 1], [1, 1, 1, 1, 1, 1, 1, 1, 1, 1, 1, 1], [1, 1, 1, 1, 1, 1, 1, 1], [1, 1, 1, 1]]",40,"[16, 12, 8, 4]",560,560,0.0,0,0.0,0.0,True,5.25,5.25,OPTIMAL,0.0,47695.0,0.0047991275787353516,0.0,0.0,0.0,0.01276207622140646,24.68962812423706,24.702390200458467
N40_L4_unbalanced_bursty_hS2,0,0.25,420,threshold_closest_dimension,release_gap_threshold_0,40,4,"[16, 12, 8, 4]",unbalanced,bursty,1,2,4,"[[1, 1, 1, 1, 1, 1, 3, 4, 1, 2], [2, 1, 1, 1, 1, 1, 2, 1, 2], [1, 1, 1, 4, 1], [1, 1, 1, 1]]",28,"[10, 9, 5, 4]",281,560,0.4982142857142857,0,0.0,0.0,True,5.25,5.25,OPTIMAL,0.0,3039.0,0.0021500587463378906,0.0,0.0,0.0,0.007383051328361034,0.9082009792327881,0.9155840305611491
N40_L4_unbalanced_bursty_hS2,0,0.5,280,proposed_bound_aware,min_Bidx_under_C_budget,40,4,"[16, 12, 8, 4]",unbalanced,bursty,1,2,4,"[[1, 1, 1, 3, 2, 4, 4], [4, 1, 4, 3], [3, 1, 4], [1, 3]]",16,"[7, 4, 3, 2]",89,560,0.8410714285714286,0,0.0,0.0,True,5.25,5.25,OPTIMAL,0.0,58.0,6.890296936035156e-05,0.02079189382493496,0.007817056961357594,0.012722015380859375,0.0031616846099495888,0.057630062103271484,0.08158364053815603
N40_L4_unbalanced_bursty_hS2,0,0.5,280,fixed_size_closest_dimension,fixed_size_2,40,4,"[16, 12, 8, 4]",unbalanced,bursty,1,2,4,"[[2, 2, 2, 2, 2, 2, 2, 2], [2, 2, 2, 2, 2, 2], [2, 2, 2, 2], [2, 2]]",20,"[8, 6, 4, 2]",140,560,0.75,2805,70.125,2.0999999999999996,True,5.25,7.35,OPTIMAL,0.0,1676.0,0.001035928726196289,0.0,0.0,0.0,0.0042055025696754456,0.29795384407043457,0.30215934664011
N40_L4_unbalanced_bursty_hS2,0,0.5,280,threshold_closest_dimension,release_gap_threshold_0,40,4,"[16, 12, 8, 4]",unbalanced,bursty,1,2,4,"[[1, 1, 1, 1, 1, 1, 3, 4, 1, 2], [2, 1, 1, 1, 1, 1, 2, 1, 2], [1, 1, 1, 4, 1], [1, 1, 1, 1]]",28,"[10, 9, 5, 4]",281,560,0.4982142857142857,0,0.0,0.0,True,5.25,5.25,OPTIMAL,0.0,3039.0,0.002050161361694336,0.0,0.0,0.0,0.007074334658682346,0.906156063079834,0.9132303977385163
N40_L4_unbalanced_bursty_hS2,0,0.75,140,proposed_bound_aware,min_Bidx_under_C_budget,40,4,"[16, 12, 8, 4]",unbalanced,bursty,1,2,4,"[[1, 1, 1, 3, 2, 4, 4], [4, 1, 4, 3], [3, 1, 4], [1, 3]]",16,"[7, 4, 3, 2]",89,560,0.8410714285714286,0,0.0,0.0,True,5.25,5.25,OPTIMAL,0.0,58.0,6.699562072753906e-05,0.020722038112580776,0.007657657377421856,0.012817144393920898,0.0031094560399651527,0.05690908432006836,0.08074057847261429
N40_L4_unbalanced_bursty_hS2,0,0.75,140,fixed_size_closest_dimension,fixed_size_2,40,4,"[16, 12, 8, 4]",unbalanced,bursty,1,2,4,"[[2, 2, 2, 2, 2, 2, 2, 2], [2, 2, 2, 2, 2, 2], [2, 2, 2, 2], [2, 2]]",20,"[8, 6, 4, 2]",140,560,0.75,2805,70.125,2.0999999999999996,True,5.25,7.35,OPTIMAL,0.0,1676.0,0.001035928726196289,0.0,0.0,0.0,0.004147052764892578,0.2997269630432129,0.30387401580810547
N40_L4_unbalanced_bursty_hS2,0,0.75,140,threshold_closest_dimension,release_gap_threshold_1,40,4,"[16, 12, 8, 4]",unbalanced,bursty,1,2,4,"[[1, 1, 1, 3, 4, 4, 2], [4, 4, 1, 3], [3, 4, 1], [1, 3]]",16,"[7, 4, 3, 2]",89,560,0.8410714285714286,0,0.0,0.0,True,5.25,5.25,OPTIMAL,0.0,81.0,7.104873657226562e-05,0.0,0.0,0.0,0.003163587301969528,0.07613205909729004,0.07929564639925957
N40_L4_unbalanced_bursty_hS2,0,0.9,56,proposed_bound_aware,min_Bidx_under_C_budget,40,4,"[16, 12, 8, 4]",unbalanced,bursty,1,2,4,"[[1, 4, 3, 4, 4], [4, 4, 4], [4, 4], [1, 3]]",12,"[5, 3, 2, 2]",51,560,0.9089285714285714,965,24.125,0.7750000000000004,True,5.25,6.025,OPTIMAL,0.0,31.0,5.1975250244140625e-05,0.07003439031541348,0.009522371925413609,0.060276031494140625,0.002650613896548748,0.03600502014160156,0.10869002435356379
N40_L4_unbalanced_bursty_hS2,0,0.9,56,fixed_size_closest_dimension,fixed_size_4,40,4,"[16, 12, 8, 4]",unbalanced,bursty,1,2,4,"[[4, 4, 4, 4], [4, 4, 4], [4, 4], [4]]",10,"[4, 3, 2, 1]",35,560,0.9375,2911,72.775,2.8499999999999996,True,5.25,8.1,OPTIMAL,0.0,45.0,3.910064697265625e-05,0.0,0.0,0.0,0.0019581476226449013,0.028302907943725586,0.030261055566370487
N40_L4_unbalanced_bursty_hS2,0,0.9,56,threshold_closest_dimension,release_gap_threshold_11,40,4,"[16, 12, 8, 4]",unbalanced,bursty,1,2,4,"[[1, 2, 4, 4, 4, 1], [4, 4, 4], [4, 4], [1, 3]]",13,"[6, 3, 2, 2]",58,560,0.8964285714285715,486,12.15,0.22499999999999964,True,5.25,5.475,OPTIMAL,0.0,34.0,5.602836608886719e-05,0.0,0.0,0.0,0.00240904837846756,0.03314685821533203,0.03555590659379959
