experiment_group,scenario,replication,method,counts,releases,hF,hS,N,partition,total_platoons,platoons_by_approach,ordering_variables,vehicle_level_ordering_variables,dimension_reduction_fraction,scaled_indexed_bound,indexed_bound,status,runtime_seconds,node_count,time_to_first_feasible,mip_gap,objective_average_delay,vehicle_level_average_delay,actual_average_gap,actual_gap_le_indexed_bound
comparison_runtime,balanced_uniform_L3,0,vehicle_level,"[5, 5, 5]","[[4, 6, 9, 12, 17], [2, 4, 11, 12, 16], [3, 3, 10, 17, 18]]",1,2,15,"[[1, 1, 1, 1, 1], [1, 1, 1, 1, 1], [1, 1, 1, 1, 1]]",15,"[5, 5, 5]",75,75,0,0,0.0,OPTIMAL,0.15814805030822754,5060.0,0.00016808509826660156,0.0,2.6666666666666665,2.6666666666666665,0.0,True
comparison_runtime,balanced_uniform_L3,0,fixed_size_2,"[5, 5, 5]","[[4, 6, 9, 12, 17], [2, 4, 11, 12, 16], [3, 3, 10, 17, 18]]",1,2,15,"[[2, 2, 1], [2, 2, 1], [2, 2, 1]]",9,"[3, 3, 3]",27,75,16/25,116,7.733333333333333,OPTIMAL,0.009911060333251953,1.0,0.00013208389282226562,0.0,2.7333333333333334,2.6666666666666665,0.06666666666666687,True
comparison_runtime,balanced_uniform_L3,0,fixed_size_3,"[5, 5, 5]","[[4, 6, 9, 12, 17], [2, 4, 11, 12, 16], [3, 3, 10, 17, 18]]",1,2,15,"[[3, 2], [3, 2], [3, 2]]",6,"[2, 2, 2]",12,75,21/25,273,18.2,OPTIMAL,0.008249044418334961,75.0,0.0001399517059326172,0.0,5.866666666666666,2.6666666666666665,3.1999999999999997,True
comparison_runtime,balanced_uniform_L3,0,fixed_size_4,"[5, 5, 5]","[[4, 6, 9, 12, 17], [2, 4, 11, 12, 16], [3, 3, 10, 17, 18]]",1,2,15,"[[4, 1], [4, 1], [4, 1]]",6,"[2, 2, 2]",12,75,21/25,292,19.466666666666665,OPTIMAL,0.0046999454498291016,1.0,0.00011992454528808594,0.0,6.733333333333333,2.6666666666666665,4.066666666666666,True
comparison_runtime,balanced_uniform_L3,0,release_gap_hF,"[5, 5, 5]","[[4, 6, 9, 12, 17], [2, 4, 11, 12, 16], [3, 3, 10, 17, 18]]",1,2,15,"[[1, 1, 1, 1, 1], [1, 1, 2, 1], [2, 1, 2]]",12,"[5, 4, 3]",47,75,28/75,0,0.0,OPTIMAL,0.0420069694519043,674.0,0.0001499652862548828,0.0,2.6666666666666665,2.6666666666666665,0.0,True
comparison_runtime,balanced_uniform_L3,0,release_gap_hS,"[5, 5, 5]","[[4, 6, 9, 12, 17], [2, 4, 11, 12, 16], [3, 3, 10, 17, 18]]",1,2,15,"[[2, 1, 1, 1], [2, 2, 1], [2, 1, 2]]",10,"[4, 3, 3]",33,75,14/25,24,1.6,OPTIMAL,0.024724960327148438,271.0,0.00014400482177734375,0.0,2.7333333333333334,2.6666666666666665,0.06666666666666687,True
comparison_runtime,balanced_uniform_L3,0,bound_aware_loss_budget,"[5, 5, 5]","[[4, 6, 9, 12, 17], [2, 4, 11, 12, 16], [3, 3, 10, 17, 18]]",1,2,15,"[[4, 1], [2, 3], [2, 1, 2]]",7,"[2, 2, 3]",16,75,59/75,101,6.733333333333333,OPTIMAL,0.0030100345611572266,1.0,0.00012111663818359375,0.0,2.7333333333333334,2.6666666666666665,0.06666666666666687,True
comparison_runtime,balanced_poisson_L3,1,vehicle_level,"[5, 5, 5]","[[2, 3, 3, 5, 6], [3, 5, 6, 6, 6], [1, 3, 4, 4, 4]]",1,2,15,"[[1, 1, 1, 1, 1], [1, 1, 1, 1, 1], [1, 1, 1, 1, 1]]",15,"[5, 5, 5]",75,75,0,0,0.0,OPTIMAL,0.2235870361328125,7106.0,0.0008189678192138672,0.0,5.733333333333333,5.733333333333333,0.0,True
comparison_runtime,balanced_poisson_L3,1,fixed_size_2,"[5, 5, 5]","[[2, 3, 3, 5, 6], [3, 5, 6, 6, 6], [1, 3, 4, 4, 4]]",1,2,15,"[[2, 2, 1], [2, 2, 1], [2, 2, 1]]",9,"[3, 3, 3]",27,75,16/25,34,2.2666666666666666,OPTIMAL,0.01995110511779785,146.0,0.00017309188842773438,0.0,5.866666666666666,5.733333333333333,0.13333333333333286,True
comparison_runtime,balanced_poisson_L3,1,fixed_size_3,"[5, 5, 5]","[[2, 3, 3, 5, 6], [3, 5, 6, 6, 6], [1, 3, 4, 4, 4]]",1,2,15,"[[3, 2], [3, 2], [3, 2]]",6,"[2, 2, 2]",12,75,21/25,24,1.6,OPTIMAL,0.006082057952880859,1.0,0.00014495849609375,0.0,5.866666666666666,5.733333333333333,0.13333333333333286,True
comparison_runtime,balanced_poisson_L3,1,fixed_size_4,"[5, 5, 5]","[[2, 3, 3, 5, 6], [3, 5, 6, 6, 6], [1, 3, 4, 4, 4]]",1,2,15,"[[4, 1], [4, 1], [4, 1]]",6,"[2, 2, 2]",12,75,21/25,34,2.2666666666666666,OPTIMAL,0.004084110260009766,1.0,0.00013589859008789062,0.0,5.866666666666666,5.733333333333333,0.13333333333333286,True
comparison_runtime,balanced_poisson_L3,1,release_gap_hF,"[5, 5, 5]","[[2, 3, 3, 5, 6], [3, 5, 6, 6, 6], [1, 3, 4, 4, 4]]",1,2,15,"[[3, 2], [1, 4], [1, 4]]",6,"[2, 2, 2]",12,75,21/25,0,0.0,OPTIMAL,0.004291057586669922,1.0,0.0001308917999267578,0.0,5.733333333333333,5.733333333333333,0.0,True
comparison_runtime,balanced_poisson_L3,1,release_gap_hS,"[5, 5, 5]","[[2, 3, 3, 5, 6], [3, 5, 6, 6, 6], [1, 3, 4, 4, 4]]",1,2,15,"[[4, 1], [4, 1], [4, 1]]",6,"[2, 2, 2]",12,75,21/25,34,2.2666666666666666,OPTIMAL,0.00416111946105957,1.0,0.0001361370086669922,0.0,5.866666666666666,5.733333333333333,0.13333333333333286,True
comparison_runtime,balanced_poisson_L3,1,bound_aware_loss_budget,"[5, 5, 5]","[[2, 3, 3, 5, 6], [3, 5, 6, 6, 6], [1, 3, 4, 4, 4]]",1,2,15,"[[3, 2], [1, 4], [1, 4]]",6,"[2, 2, 2]",12,75,21/25,0,0.0,OPTIMAL,0.004518032073974609,1.0,0.00013208389282226562,0.0,5.733333333333333,5.733333333333333,0.0,True
comparison_runtime,balanced_bursty_L3,2,vehicle_level,"[5, 5, 5]","[[3, 4, 4, 4, 14], [17, 17, 18, 18, 18], [7, 7, 9, 9, 10]]",1,2,15,"[[1, 1, 1, 1, 1], [1, 1, 1, 1, 1], [1, 1, 1, 1, 1]]",15,"[5, 5, 5]",75,75,0,0,0.0,OPTIMAL,0.001940011978149414,1.0,0.0001430511474609375,0.0,1.2,1.2,0.0,True
comparison_runtime,balanced_bursty_L3,2,fixed_size_2,"[5, 5, 5]","[[3, 4, 4, 4, 14], [17, 17, 18, 18, 18], [7, 7, 9, 9, 10]]",1,2,15,"[[2, 2, 1], [2, 2, 1], [2, 2, 1]]",9,"[3, 3, 3]",27,75,16/25,0,0.0,OPTIMAL,0.0006380081176757812,0.0,0.00013303756713867188,0.0,1.2,1.2,0.0,True
comparison_runtime,balanced_bursty_L3,2,fixed_size_3,"[5, 5, 5]","[[3, 4, 4, 4, 14], [17, 17, 18, 18, 18], [7, 7, 9, 9, 10]]",1,2,15,"[[3, 2], [3, 2], [3, 2]]",6,"[2, 2, 2]",12,75,21/25,108,7.2,OPTIMAL,0.0011761188507080078,1.0,0.00011610984802246094,0.0,1.3333333333333333,1.2,0.1333333333333333,True
comparison_runtime,balanced_bursty_L3,2,fixed_size_4,"[5, 5, 5]","[[3, 4, 4, 4, 14], [17, 17, 18, 18, 18], [7, 7, 9, 9, 10]]",1,2,15,"[[4, 1], [4, 1], [4, 1]]",6,"[2, 2, 2]",12,75,21/25,11,0.7333333333333333,OPTIMAL,0.0005049705505371094,0.0,0.00010991096496582031,0.0,1.2,1.2,0.0,True
comparison_runtime,balanced_bursty_L3,2,release_gap_hF,"[5, 5, 5]","[[3, 4, 4, 4, 14], [17, 17, 18, 18, 18], [7, 7, 9, 9, 10]]",1,2,15,"[[4, 1], [4, 1], [2, 3]]",6,"[2, 2, 2]",12,75,21/25,0,0.0,OPTIMAL,0.0004458427429199219,0.0,0.00010895729064941406,0.0,1.2,1.2,0.0,True
comparison_runtime,balanced_bursty_L3,2,release_gap_hS,"[5, 5, 5]","[[3, 4, 4, 4, 14], [17, 17, 18, 18, 18], [7, 7, 9, 9, 10]]",1,2,15,"[[4, 1], [4, 1], [4, 1]]",6,"[2, 2, 2]",12,75,21/25,11,0.7333333333333333,OPTIMAL,0.0004911422729492188,0.0,0.00011014938354492188,0.0,1.2,1.2,0.0,True
comparison_runtime,balanced_bursty_L3,2,bound_aware_loss_budget,"[5, 5, 5]","[[3, 4, 4, 4, 14], [17, 17, 18, 18, 18], [7, 7, 9, 9, 10]]",1,2,15,"[[4, 1], [4, 1], [2, 3]]",6,"[2, 2, 2]",12,75,21/25,0,0.0,OPTIMAL,0.0004448890686035156,0.0,0.00010895729064941406,0.0,1.2,1.2,0.0,True
comparison_runtime,unbalanced_uniform_L3,3,vehicle_level,"[8, 5, 3]","[[4, 4, 7, 9, 10, 16, 17, 17], [4, 6, 13, 14, 20], [2, 4, 10]]",1,2,16,"[[1, 1, 1, 1, 1, 1, 1, 1], [1, 1, 1, 1, 1], [1, 1, 1]]",16,"[8, 5, 3]",79,79,0,0,0.0,OPTIMAL,0.1350719928741455,1796.0,0.0008070468902587891,0.0,2.5625,2.5625,0.0,True
comparison_runtime,unbalanced_uniform_L3,3,fixed_size_2,"[8, 5, 3]","[[4, 4, 7, 9, 10, 16, 17, 17], [4, 6, 13, 14, 20], [2, 4, 10]]",1,2,16,"[[2, 2, 2, 2], [2, 2, 1], [2, 1]]",9,"[4, 3, 2]",26,79,53/79,90,5.625,OPTIMAL,0.008737802505493164,1.0,0.00015401840209960938,0.0,2.6875,2.5625,0.125,True
comparison_runtime,unbalanced_uniform_L3,3,fixed_size_3,"[8, 5, 3]","[[4, 4, 7, 9, 10, 16, 17, 17], [4, 6, 13, 14, 20], [2, 4, 10]]",1,2,16,"[[3, 3, 2], [3, 2], [3]]",6,"[3, 2, 1]",11,79,68/79,313,19.5625,OPTIMAL,0.0031440258026123047,1.0,0.00011992454528808594,0.0,4.5625,2.5625,2.0,True
comparison_runtime,unbalanced_uniform_L3,3,fixed_size_4,"[8, 5, 3]","[[4, 4, 7, 9, 10, 16, 17, 17], [4, 6, 13, 14, 20], [2, 4, 10]]",1,2,16,"[[4, 4], [4, 1], [3]]",5,"[2, 2, 1]",8,79,71/79,266,16.625,OPTIMAL,0.002248048782348633,1.0,0.000370025634765625,0.0,4.9375,2.5625,2.375,True
comparison_runtime,unbalanced_uniform_L3,3,release_gap_hF,"[8, 5, 3]","[[4, 4, 7, 9, 10, 16, 17, 17], [4, 6, 13, 14, 20], [2, 4, 10]]",1,2,16,"[[2, 1, 2, 3], [1, 1, 2, 1], [1, 1, 1]]",11,"[4, 4, 3]",40,79,39/79,0,0.0,OPTIMAL,0.025206804275512695,258.0,0.00013589859008789062,0.0,2.5625,2.5625,0.0,True
comparison_runtime,unbalanced_uniform_L3,3,release_gap_hS,"[8, 5, 3]","[[4, 4, 7, 9, 10, 16, 17, 17], [4, 6, 13, 14, 20], [2, 4, 10]]",1,2,16,"[[2, 3, 3], [2, 2, 1], [2, 1]]",8,"[3, 3, 2]",21,79,58/79,37,2.3125,OPTIMAL,0.005569934844970703,1.0,0.00013494491577148438,0.0,2.5625,2.5625,0.0,True
comparison_runtime,unbalanced_uniform_L3,3,bound_aware_loss_budget,"[8, 5, 3]","[[4, 4, 7, 9, 10, 16, 17, 17], [4, 6, 13, 14, 20], [2, 4, 10]]",1,2,16,"[[2, 3, 3], [2, 2, 1], [3]]",7,"[3, 3, 1]",15,79,64/79,105,6.5625,OPTIMAL,0.004920005798339844,1.0,0.00011682510375976562,0.0,4.0625,2.5625,1.5,True
comparison_runtime,balanced_uniform_L4,4,vehicle_level,"[4, 4, 4, 4]","[[6, 9, 10, 14], [1, 6, 10, 17], [1, 4, 10, 11], [4, 7, 7, 11]]",1,2,16,"[[1, 1, 1, 1], [1, 1, 1, 1], [1, 1, 1, 1], [1, 1, 1, 1]]",16,"[4, 4, 4, 4]",96,96,0,0,0.0,OPTIMAL,0.9180870056152344,12983.0,0.0009739398956298828,0.0,3.6875,3.6875,0.0,True
comparison_runtime,balanced_uniform_L4,4,fixed_size_2,"[4, 4, 4, 4]","[[6, 9, 10, 14], [1, 6, 10, 17], [1, 4, 10, 11], [4, 7, 7, 11]]",1,2,16,"[[2, 2], [2, 2], [2, 2], [2, 2]]",8,"[2, 2, 2, 2]",24,96,3/4,292,18.25,OPTIMAL,0.029893875122070312,354.0,0.00014400482177734375,0.0,4.875,3.6875,1.1875,True
comparison_runtime,balanced_uniform_L4,4,fixed_size_3,"[4, 4, 4, 4]","[[6, 9, 10, 14], [1, 6, 10, 17], [1, 4, 10, 11], [4, 7, 7, 11]]",1,2,16,"[[3, 1], [3, 1], [3, 1], [3, 1]]",8,"[2, 2, 2, 2]",24,96,3/4,250,15.625,OPTIMAL,0.02450084686279297,396.0,0.0006990432739257812,0.0,7.125,3.6875,3.4375,True
comparison_runtime,balanced_uniform_L4,4,fixed_size_4,"[4, 4, 4, 4]","[[6, 9, 10, 14], [1, 6, 10, 17], [1, 4, 10, 11], [4, 7, 7, 11]]",1,2,16,"[[4], [4], [4], [4]]",4,"[1, 1, 1, 1]",6,96,15/16,400,25.0,OPTIMAL,0.0031218528747558594,1.0,0.0003819465637207031,0.0,8.25,3.6875,4.5625,True
comparison_runtime,balanced_uniform_L4,4,release_gap_hF,"[4, 4, 4, 4]","[[6, 9, 10, 14], [1, 6, 10, 17], [1, 4, 10, 11], [4, 7, 7, 11]]",1,2,16,"[[1, 2, 1], [1, 1, 1, 1], [1, 1, 2], [1, 2, 1]]",13,"[3, 4, 3, 3]",63,96,11/32,0,0.0,OPTIMAL,0.10867905616760254,1961.0,0.0008490085601806641,0.0,3.6875,3.6875,0.0,True
comparison_runtime,balanced_uniform_L4,4,release_gap_hS,"[4, 4, 4, 4]","[[6, 9, 10, 14], [1, 6, 10, 17], [1, 4, 10, 11], [4, 7, 7, 11]]",1,2,16,"[[1, 2, 1], [1, 1, 1, 1], [1, 1, 2], [1, 2, 1]]",13,"[3, 4, 3, 3]",63,96,11/32,0,0.0,OPTIMAL,0.1079709529876709,1961.0,0.0008559226989746094,0.0,3.6875,3.6875,0.0,True
comparison_runtime,balanced_uniform_L4,4,bound_aware_loss_budget,"[4, 4, 4, 4]","[[6, 9, 10, 14], [1, 6, 10, 17], [1, 4, 10, 11], [4, 7, 7, 11]]",1,2,16,"[[4], [1, 2, 1], [2, 2], [4]]",7,"[1, 3, 2, 1]",17,96,79/96,198,12.375,OPTIMAL,0.004866123199462891,1.0,0.0001380443572998047,0.0,4.5,3.6875,0.8125,True
comparison_runtime,high_headway_bursty_L3,5,vehicle_level,"[5, 5, 5]","[[0, 1, 12, 12, 12], [15, 16, 16, 16, 17], [9, 10, 14, 14, 15]]",1,3,15,"[[1, 1, 1, 1, 1], [1, 1, 1, 1, 1], [1, 1, 1, 1, 1]]",15,"[5, 5, 5]",75,75,0,0,0.0,OPTIMAL,0.043443918228149414,133.0,0.0007970333099365234,0.0,4.066666666666666,4.066666666666666,0.0,True
comparison_runtime,high_headway_bursty_L3,5,fixed_size_2,"[5, 5, 5]","[[0, 1, 12, 12, 12], [15, 16, 16, 16, 17], [9, 10, 14, 14, 15]]",1,3,15,"[[2, 2, 1], [2, 2, 1], [2, 2, 1]]",9,"[3, 3, 3]",27,75,16/25,0,0.0,OPTIMAL,0.007525920867919922,1.0,0.00017189979553222656,0.0,4.066666666666666,4.066666666666666,0.0,True
comparison_runtime,high_headway_bursty_L3,5,fixed_size_3,"[5, 5, 5]","[[0, 1, 12, 12, 12], [15, 16, 16, 16, 17], [9, 10, 14, 14, 15]]",1,3,15,"[[3, 2], [3, 2], [3, 2]]",6,"[2, 2, 2]",12,75,21/25,161,10.733333333333333,OPTIMAL,0.0037050247192382812,1.0,0.0004711151123046875,0.0,5.733333333333333,4.066666666666666,1.666666666666667,True
comparison_runtime,high_headway_bursty_L3,5,fixed_size_4,"[5, 5, 5]","[[0, 1, 12, 12, 12], [15, 16, 16, 16, 17], [9, 10, 14, 14, 15]]",1,3,15,"[[4, 1], [4, 1], [4, 1]]",6,"[2, 2, 2]",12,75,21/25,161,10.733333333333333,OPTIMAL,0.0026459693908691406,1.0,0.00014495849609375,0.0,5.733333333333333,4.066666666666666,1.666666666666667,True
comparison_runtime,high_headway_bursty_L3,5,release_gap_hF,"[5, 5, 5]","[[0, 1, 12, 12, 12], [15, 16, 16, 16, 17], [9, 10, 14, 14, 15]]",1,3,15,"[[2, 3], [4, 1], [2, 3]]",6,"[2, 2, 2]",12,75,21/25,0,0.0,OPTIMAL,0.0023119449615478516,1.0,0.00015401840209960938,0.0,4.066666666666666,4.066666666666666,0.0,True
comparison_runtime,high_headway_bursty_L3,5,release_gap_hS,"[5, 5, 5]","[[0, 1, 12, 12, 12], [15, 16, 16, 16, 17], [9, 10, 14, 14, 15]]",1,3,15,"[[2, 3], [4, 1], [2, 3]]",6,"[2, 2, 2]",12,75,21/25,0,0.0,OPTIMAL,0.002768993377685547,1.0,0.0001709461212158203,0.0,4.066666666666666,4.066666666666666,0.0,True
comparison_runtime,high_headway_bursty_L3,5,bound_aware_loss_budget,"[5, 5, 5]","[[0, 1, 12, 12, 12], [15, 16, 16, 16, 17], [9, 10, 14, 14, 15]]",1,3,15,"[[2, 3], [2, 3], [2, 3]]",6,"[2, 2, 2]",12,75,21/25,0,0.0,OPTIMAL,0.0031769275665283203,1.0,0.00013303756713867188,0.0,4.066666666666666,4.066666666666666,0.0,True
comparison_runtime,balanced_uniform_L3,6,vehicle_level,"[5, 5, 5]","[[5, 9, 12, 13, 14], [8, 9, 9, 13, 14], [10, 12, 12, 13, 18]]",1,2,15,"[[1, 1, 1, 1, 1], [1, 1, 1, 1, 1], [1, 1, 1, 1, 1]]",15,"[5, 5, 5]",75,75,0,0,0.0,OPTIMAL,0.13414287567138672,2331.0,0.0007698535919189453,0.0,3.8,3.8,0.0,True
comparison_runtime,balanced_uniform_L3,6,fixed_size_2,"[5, 5, 5]","[[5, 9, 12, 13, 14], [8, 9, 9, 13, 14], [10, 12, 12, 13, 18]]",1,2,15,"[[2, 2, 1], [2, 2, 1], [2, 2, 1]]",9,"[3, 3, 3]",27,75,16/25,86,5.733333333333333,OPTIMAL,0.024851083755493164,178.0,0.0006659030914306641,0.0,5.0,3.8,1.2000000000000002,True
comparison_runtime,balanced_uniform_L3,6,fixed_size_3,"[5, 5, 5]","[[5, 9, 12, 13, 14], [8, 9, 9, 13, 14], [10, 12, 12, 13, 18]]",1,2,15,"[[3, 2], [3, 2], [3, 2]]",6,"[2, 2, 2]",12,75,21/25,118,7.866666666666666,OPTIMAL,0.0037078857421875,1.0,0.0001499652862548828,0.0,5.0,3.8,1.2000000000000002,True
comparison_runtime,balanced_uniform_L3,6,fixed_size_4,"[5, 5, 5]","[[5, 9, 12, 13, 14], [8, 9, 9, 13, 14], [10, 12, 12, 13, 18]]",1,2,15,"[[4, 1], [4, 1], [4, 1]]",6,"[2, 2, 2]",12,75,21/25,110,7.333333333333333,OPTIMAL,0.003164052963256836,1.0,0.00013017654418945312,0.0,6.133333333333334,3.8,2.333333333333334,True
comparison_runtime,balanced_uniform_L3,6,release_gap_hF,"[5, 5, 5]","[[5, 9, 12, 13, 14], [8, 9, 9, 13, 14], [10, 12, 12, 13, 18]]",1,2,15,"[[1, 1, 3], [3, 2], [1, 3, 1]]",8,"[3, 2, 3]",21,75,18/25,0,0.0,OPTIMAL,0.004937887191772461,1.0,0.00014901161193847656,0.0,3.8,3.8,0.0,True
comparison_runtime,balanced_uniform_L3,6,release_gap_hS,"[5, 5, 5]","[[5, 9, 12, 13, 14], [8, 9, 9, 13, 14], [10, 12, 12, 13, 18]]",1,2,15,"[[1, 1, 3], [3, 2], [4, 1]]",7,"[3, 2, 2]",16,75,59/75,12,0.8,OPTIMAL,0.003094196319580078,1.0,0.0001690387725830078,0.0,3.8,3.8,0.0,True
comparison_runtime,balanced_uniform_L3,6,bound_aware_loss_budget,"[5, 5, 5]","[[5, 9, 12, 13, 14], [8, 9, 9, 13, 14], [10, 12, 12, 13, 18]]",1,2,15,"[[1, 4], [3, 2], [4, 1]]",6,"[2, 2, 2]",12,75,21/25,36,2.4,OPTIMAL,0.0031130313873291016,1.0,0.00013899803161621094,0.0,3.8,3.8,0.0,True
comparison_runtime,balanced_poisson_L3,7,vehicle_level,"[5, 5, 5]","[[3, 5, 11, 13, 13], [2, 3, 3, 4, 4], [1, 5, 5, 6, 9]]",1,2,15,"[[1, 1, 1, 1, 1], [1, 1, 1, 1, 1], [1, 1, 1, 1, 1]]",15,"[5, 5, 5]",75,75,0,0,0.0,OPTIMAL,0.16022491455078125,3284.0,0.0008378028869628906,0.0,4.066666666666666,4.066666666666666,0.0,True
comparison_runtime,balanced_poisson_L3,7,fixed_size_2,"[5, 5, 5]","[[3, 5, 11, 13, 13], [2, 3, 3, 4, 4], [1, 5, 5, 6, 9]]",1,2,15,"[[2, 2, 1], [2, 2, 1], [2, 2, 1]]",9,"[3, 3, 3]",27,75,16/25,62,4.133333333333334,OPTIMAL,0.015282869338989258,85.0,0.00015807151794433594,0.0,4.2,4.066666666666666,0.13333333333333375,True
comparison_runtime,balanced_poisson_L3,7,fixed_size_3,"[5, 5, 5]","[[3, 5, 11, 13, 13], [2, 3, 3, 4, 4], [1, 5, 5, 6, 9]]",1,2,15,"[[3, 2], [3, 2], [3, 2]]",6,"[2, 2, 2]",12,75,21/25,135,9.0,OPTIMAL,0.0022280216217041016,1.0,0.00012302398681640625,0.0,4.2,4.066666666666666,0.13333333333333375,True
comparison_runtime,balanced_poisson_L3,7,fixed_size_4,"[5, 5, 5]","[[3, 5, 11, 13, 13], [2, 3, 3, 4, 4], [1, 5, 5, 6, 9]]",1,2,15,"[[4, 1], [4, 1], [4, 1]]",6,"[2, 2, 2]",12,75,21/25,125,8.333333333333334,OPTIMAL,0.001859903335571289,1.0,0.00013208389282226562,0.0,4.2,4.066666666666666,0.13333333333333375,True
comparison_runtime,balanced_poisson_L3,7,release_gap_hF,"[5, 5, 5]","[[3, 5, 11, 13, 13], [2, 3, 3, 4, 4], [1, 5, 5, 6, 9]]",1,2,15,"[[1, 1, 1, 2], [4, 1], [1, 3, 1]]",9,"[4, 2, 3]",26,75,49/75,0,0.0,OPTIMAL,0.01241922378540039,50.0,0.0001621246337890625,0.0,4.066666666666666,4.066666666666666,0.0,True
comparison_runtime,balanced_poisson_L3,7,release_gap_hS,"[5, 5, 5]","[[3, 5, 11, 13, 13], [2, 3, 3, 4, 4], [1, 5, 5, 6, 9]]",1,2,15,"[[2, 3], [4, 1], [1, 3, 1]]",7,"[2, 2, 3]",16,75,59/75,22,1.4666666666666666,OPTIMAL,0.005213022232055664,1.0,0.00013899803161621094,0.0,4.066666666666666,4.066666666666666,0.0,True
comparison_runtime,balanced_poisson_L3,7,bound_aware_loss_budget,"[5, 5, 5]","[[3, 5, 11, 13, 13], [2, 3, 3, 4, 4], [1, 5, 5, 6, 9]]",1,2,15,"[[2, 3], [1, 4], [1, 4]]",6,"[2, 2, 2]",12,75,21/25,42,2.8,OPTIMAL,0.002251148223876953,1.0,0.00013113021850585938,0.0,4.066666666666666,4.066666666666666,0.0,True
comparison_runtime,balanced_bursty_L3,8,vehicle_level,"[5, 5, 5]","[[4, 4, 4, 6, 10], [4, 4, 5, 16, 17], [17, 17, 17, 17, 18]]",1,2,15,"[[1, 1, 1, 1, 1], [1, 1, 1, 1, 1], [1, 1, 1, 1, 1]]",15,"[5, 5, 5]",75,75,0,0,0.0,OPTIMAL,0.0189359188079834,1.0,0.00017905235290527344,0.0,2.8666666666666667,2.8666666666666667,0.0,True
comparison_runtime,balanced_bursty_L3,8,fixed_size_2,"[5, 5, 5]","[[4, 4, 4, 6, 10], [4, 4, 5, 16, 17], [17, 17, 17, 17, 18]]",1,2,15,"[[2, 2, 1], [2, 2, 1], [2, 2, 1]]",9,"[3, 3, 3]",27,75,16/25,128,8.533333333333333,OPTIMAL,0.0032231807708740234,1.0,0.00013518333435058594,0.0,3.0,2.8666666666666667,0.1333333333333333,True
comparison_runtime,balanced_bursty_L3,8,fixed_size_3,"[5, 5, 5]","[[4, 4, 4, 6, 10], [4, 4, 5, 16, 17], [17, 17, 17, 17, 18]]",1,2,15,"[[3, 2], [3, 2], [3, 2]]",6,"[2, 2, 2]",12,75,21/25,31,2.066666666666667,OPTIMAL,0.002240896224975586,1.0,0.00011897087097167969,0.0,2.8666666666666667,2.8666666666666667,0.0,True
comparison_runtime,balanced_bursty_L3,8,fixed_size_4,"[5, 5, 5]","[[4, 4, 4, 6, 10], [4, 4, 5, 16, 17], [17, 17, 17, 17, 18]]",1,2,15,"[[4, 1], [4, 1], [4, 1]]",6,"[2, 2, 2]",12,75,21/25,128,8.533333333333333,OPTIMAL,0.0018851757049560547,1.0,0.0001239776611328125,0.0,3.2666666666666666,2.8666666666666667,0.3999999999999999,True
comparison_runtime,balanced_bursty_L3,8,release_gap_hF,"[5, 5, 5]","[[4, 4, 4, 6, 10], [4, 4, 5, 16, 17], [17, 17, 17, 17, 18]]",1,2,15,"[[3, 1, 1], [3, 2], [4, 1]]",7,"[3, 2, 2]",16,75,59/75,0,0.0,OPTIMAL,0.0028297901153564453,1.0,0.00011777877807617188,0.0,2.8666666666666667,2.8666666666666667,0.0,True
comparison_runtime,balanced_bursty_L3,8,release_gap_hS,"[5, 5, 5]","[[4, 4, 4, 6, 10], [4, 4, 5, 16, 17], [17, 17, 17, 17, 18]]",1,2,15,"[[4, 1], [3, 2], [4, 1]]",6,"[2, 2, 2]",12,75,21/25,10,0.6666666666666666,OPTIMAL,0.0016689300537109375,1.0,0.00011396408081054688,0.0,2.8666666666666667,2.8666666666666667,0.0,True
comparison_runtime,balanced_bursty_L3,8,bound_aware_loss_budget,"[5, 5, 5]","[[4, 4, 4, 6, 10], [4, 4, 5, 16, 17], [17, 17, 17, 17, 18]]",1,2,15,"[[4, 1], [3, 2], [1, 4]]",6,"[2, 2, 2]",12,75,21/25,10,0.6666666666666666,OPTIMAL,0.0017619132995605469,1.0,0.00011706352233886719,0.0,2.8666666666666667,2.8666666666666667,0.0,True
comparison_runtime,unbalanced_uniform_L3,9,vehicle_level,"[8, 5, 3]","[[1, 1, 10, 12, 12, 15, 17, 20], [0, 2, 6, 7, 18], [3, 4, 6]]",1,2,16,"[[1, 1, 1, 1, 1, 1, 1, 1], [1, 1, 1, 1, 1], [1, 1, 1]]",16,"[8, 5, 3]",79,79,0,0,0.0,OPTIMAL,0.07412385940551758,463.0,0.00015282630920410156,0.0,2.125,2.125,0.0,True
comparison_runtime,unbalanced_uniform_L3,9,fixed_size_2,"[8, 5, 3]","[[1, 1, 10, 12, 12, 15, 17, 20], [0, 2, 6, 7, 18], [3, 4, 6]]",1,2,16,"[[2, 2, 2, 2], [2, 2, 1], [2, 1]]",9,"[4, 3, 2]",26,79,53/79,60,3.75,OPTIMAL,0.00567317008972168,1.0,0.0001380443572998047,0.0,2.375,2.125,0.25,True
comparison_runtime,unbalanced_uniform_L3,9,fixed_size_3,"[8, 5, 3]","[[1, 1, 10, 12, 12, 15, 17, 20], [0, 2, 6, 7, 18], [3, 4, 6]]",1,2,16,"[[3, 3, 2], [3, 2], [3]]",6,"[3, 2, 1]",11,79,68/79,329,20.5625,OPTIMAL,0.003504037857055664,1.0,0.0001239776611328125,0.0,4.4375,2.125,2.3125,True
comparison_runtime,unbalanced_uniform_L3,9,fixed_size_4,"[8, 5, 3]","[[1, 1, 10, 12, 12, 15, 17, 20], [0, 2, 6, 7, 18], [3, 4, 6]]",1,2,16,"[[4, 4], [4, 1], [3]]",5,"[2, 2, 1]",8,79,71/79,230,14.375,OPTIMAL,0.001786947250366211,1.0,0.0003750324249267578,0.0,4.0625,2.125,1.9375,True
comparison_runtime,unbalanced_uniform_L3,9,release_gap_hF,"[8, 5, 3]","[[1, 1, 10, 12, 12, 15, 17, 20], [0, 2, 6, 7, 18], [3, 4, 6]]",1,2,16,"[[2, 1, 2, 1, 1, 1], [1, 1, 2, 1], [2, 1]]",12,"[6, 4, 2]",44,79,35/79,0,0.0,OPTIMAL,0.013881921768188477,62.0,0.00014901161193847656,0.0,2.125,2.125,0.0,True
comparison_runtime,unbalanced_uniform_L3,9,release_gap_hS,"[8, 5, 3]","[[1, 1, 10, 12, 12, 15, 17, 20], [0, 2, 6, 7, 18], [3, 4, 6]]",1,2,16,"[[2, 3, 2, 1], [2, 2, 1], [3]]",8,"[4, 3, 1]",19,79,60/79,44,2.75,OPTIMAL,0.0033609867095947266,1.0,0.00011897087097167969,0.0,2.25,2.125,0.125,True
comparison_runtime,unbalanced_uniform_L3,9,bound_aware_loss_budget,"[8, 5, 3]","[[1, 1, 10, 12, 12, 15, 17, 20], [0, 2, 6, 7, 18], [3, 4, 6]]",1,2,16,"[[2, 3, 3], [4, 1], [3]]",6,"[3, 2, 1]",11,79,68/79,100,6.25,OPTIMAL,0.0020411014556884766,1.0,0.00011205673217773438,0.0,2.375,2.125,0.25,True
comparison_runtime,balanced_uniform_L4,10,vehicle_level,"[4, 4, 4, 4]","[[2, 5, 6, 15], [8, 9, 16, 16], [1, 2, 4, 17], [3, 8, 15, 18]]",1,2,16,"[[1, 1, 1, 1], [1, 1, 1, 1], [1, 1, 1, 1], [1, 1, 1, 1]]",16,"[4, 4, 4, 4]",96,96,0,0,0.0,OPTIMAL,0.41589903831481934,10298.0,0.0009679794311523438,0.0,2.75,2.75,0.0,True
comparison_runtime,balanced_uniform_L4,10,fixed_size_2,"[4, 4, 4, 4]","[[2, 5, 6, 15], [8, 9, 16, 16], [1, 2, 4, 17], [3, 8, 15, 18]]",1,2,16,"[[2, 2], [2, 2], [2, 2], [2, 2]]",8,"[2, 2, 2, 2]",24,96,3/4,366,22.875,OPTIMAL,0.005706071853637695,1.0,0.00013208389282226562,0.0,3.375,2.75,0.625,True
comparison_runtime,balanced_uniform_L4,10,fixed_size_3,"[4, 4, 4, 4]","[[2, 5, 6, 15], [8, 9, 16, 16], [1, 2, 4, 17], [3, 8, 15, 18]]",1,2,16,"[[3, 1], [3, 1], [3, 1], [3, 1]]",8,"[2, 2, 2, 2]",24,96,3/4,262,16.375,OPTIMAL,0.0117340087890625,50.0,0.00015091896057128906,0.0,4.0625,2.75,1.3125,True
comparison_runtime,balanced_uniform_L4,10,fixed_size_4,"[4, 4, 4, 4]","[[2, 5, 6, 15], [8, 9, 16, 16], [1, 2, 4, 17], [3, 8, 15, 18]]",1,2,16,"[[4], [4], [4], [4]]",4,"[1, 1, 1, 1]",6,96,15/16,542,33.875,OPTIMAL,0.0033490657806396484,1.0,0.0005700588226318359,0.0,10.3125,2.75,7.5625,True
comparison_runtime,balanced_uniform_L4,10,release_gap_hF,"[4, 4, 4, 4]","[[2, 5, 6, 15], [8, 9, 16, 16], [1, 2, 4, 17], [3, 8, 15, 18]]",1,2,16,"[[1, 2, 1], [2, 2], [2, 1, 1], [1, 1, 1, 1]]",12,"[3, 2, 3, 4]",53,96,43/96,0,0.0,OPTIMAL,0.07290291786193848,1373.0,0.0001628398895263672,0.0,2.75,2.75,0.0,True
comparison_runtime,balanced_uniform_L4,10,release_gap_hS,"[4, 4, 4, 4]","[[2, 5, 6, 15], [8, 9, 16, 16], [1, 2, 4, 17], [3, 8, 15, 18]]",1,2,16,"[[1, 2, 1], [2, 2], [3, 1], [1, 1, 1, 1]]",11,"[3, 2, 2, 4]",44,96,13/24,12,0.75,OPTIMAL,0.03959298133850098,391.0,0.00017499923706054688,0.0,2.9375,2.75,0.1875,True
comparison_runtime,balanced_uniform_L4,10,bound_aware_loss_budget,"[4, 4, 4, 4]","[[2, 5, 6, 15], [8, 9, 16, 16], [1, 2, 4, 17], [3, 8, 15, 18]]",1,2,16,"[[4], [4], [3, 1], [1, 1, 2]]",7,"[1, 1, 2, 3]",17,96,79/96,248,15.5,OPTIMAL,0.0037751197814941406,1.0,0.00013113021850585938,0.0,4.25,2.75,1.5,True
comparison_runtime,high_headway_bursty_L3,11,vehicle_level,"[5, 5, 5]","[[4, 5, 5, 5, 18], [3, 4, 6, 7, 7], [15, 16, 16, 16, 17]]",1,3,15,"[[1, 1, 1, 1, 1], [1, 1, 1, 1, 1], [1, 1, 1, 1, 1]]",15,"[5, 5, 5]",75,75,0,0,0.0,OPTIMAL,0.027662992477416992,63.0,0.00015807151794433594,0.0,3.533333333333333,3.533333333333333,0.0,True
comparison_runtime,high_headway_bursty_L3,11,fixed_size_2,"[5, 5, 5]","[[4, 5, 5, 5, 18], [3, 4, 6, 7, 7], [15, 16, 16, 16, 17]]",1,3,15,"[[2, 2, 1], [2, 2, 1], [2, 2, 1]]",9,"[3, 3, 3]",27,75,16/25,0,0.0,OPTIMAL,0.004533052444458008,1.0,0.0001468658447265625,0.0,3.533333333333333,3.533333333333333,0.0,True
comparison_runtime,high_headway_bursty_L3,11,fixed_size_3,"[5, 5, 5]","[[4, 5, 5, 5, 18], [3, 4, 6, 7, 7], [15, 16, 16, 16, 17]]",1,3,15,"[[3, 2], [3, 2], [3, 2]]",6,"[2, 2, 2]",12,75,21/25,137,9.133333333333333,OPTIMAL,0.0026869773864746094,1.0,0.00011801719665527344,0.0,3.8,3.533333333333333,0.2666666666666666,True
comparison_runtime,high_headway_bursty_L3,11,fixed_size_4,"[5, 5, 5]","[[4, 5, 5, 5, 18], [3, 4, 6, 7, 7], [15, 16, 16, 16, 17]]",1,3,15,"[[4, 1], [4, 1], [4, 1]]",6,"[2, 2, 2]",12,75,21/25,9,0.6,OPTIMAL,0.002474069595336914,1.0,0.00011801719665527344,0.0,3.533333333333333,3.533333333333333,0.0,True
comparison_runtime,high_headway_bursty_L3,11,release_gap_hF,"[5, 5, 5]","[[4, 5, 5, 5, 18], [3, 4, 6, 7, 7], [15, 16, 16, 16, 17]]",1,3,15,"[[4, 1], [2, 3], [4, 1]]",6,"[2, 2, 2]",12,75,21/25,0,0.0,OPTIMAL,0.0024042129516601562,1.0,0.0001251697540283203,0.0,3.533333333333333,3.533333333333333,0.0,True
comparison_runtime,high_headway_bursty_L3,11,release_gap_hS,"[5, 5, 5]","[[4, 5, 5, 5, 18], [3, 4, 6, 7, 7], [15, 16, 16, 16, 17]]",1,3,15,"[[4, 1], [4, 1], [4, 1]]",6,"[2, 2, 2]",12,75,21/25,9,0.6,OPTIMAL,0.002023935317993164,1.0,0.00016498565673828125,0.0,3.533333333333333,3.533333333333333,0.0,True
comparison_runtime,high_headway_bursty_L3,11,bound_aware_loss_budget,"[5, 5, 5]","[[4, 5, 5, 5, 18], [3, 4, 6, 7, 7], [15, 16, 16, 16, 17]]",1,3,15,"[[4, 1], [2, 3], [4, 1]]",6,"[2, 2, 2]",12,75,21/25,0,0.0,OPTIMAL,0.002393007278442383,1.0,0.00012493133544921875,0.0,3.533333333333333,3.533333333333333,0.0,True
comparison_runtime,balanced_uniform_L3,12,vehicle_level,"[5, 5, 5]","[[4, 5, 13, 15, 17], [8, 9, 15, 15, 15], [2, 4, 12, 14, 16]]",1,2,15,"[[1, 1, 1, 1, 1], [1, 1, 1, 1, 1], [1, 1, 1, 1, 1]]",15,"[5, 5, 5]",75,75,0,0,0.0,OPTIMAL,0.07929205894470215,218.0,0.00015997886657714844,0.0,2.3333333333333335,2.3333333333333335,0.0,True
comparison_runtime,balanced_uniform_L3,12,fixed_size_2,"[5, 5, 5]","[[4, 5, 13, 15, 17], [8, 9, 15, 15, 15], [2, 4, 12, 14, 16]]",1,2,15,"[[2, 2, 1], [2, 2, 1], [2, 2, 1]]",9,"[3, 3, 3]",27,75,16/25,32,2.1333333333333333,OPTIMAL,0.008353948593139648,1.0,0.0001499652862548828,0.0,2.533333333333333,2.3333333333333335,0.19999999999999973,True
comparison_runtime,balanced_uniform_L3,12,fixed_size_3,"[5, 5, 5]","[[4, 5, 13, 15, 17], [8, 9, 15, 15, 15], [2, 4, 12, 14, 16]]",1,2,15,"[[3, 2], [3, 2], [3, 2]]",6,"[2, 2, 2]",12,75,21/25,271,18.066666666666666,OPTIMAL,0.003777027130126953,1.0,0.00012302398681640625,0.0,6.466666666666667,2.3333333333333335,4.133333333333333,True
comparison_runtime,balanced_uniform_L3,12,fixed_size_4,"[5, 5, 5]","[[4, 5, 13, 15, 17], [8, 9, 15, 15, 15], [2, 4, 12, 14, 16]]",1,2,15,"[[4, 1], [4, 1], [4, 1]]",6,"[2, 2, 2]",12,75,21/25,273,18.2,OPTIMAL,0.004762887954711914,1.0,0.0001327991485595703,0.0,7.066666666666666,2.3333333333333335,4.7333333333333325,True
comparison_runtime,balanced_uniform_L3,12,release_gap_hF,"[5, 5, 5]","[[4, 5, 13, 15, 17], [8, 9, 15, 15, 15], [2, 4, 12, 14, 16]]",1,2,15,"[[2, 1, 1, 1], [2, 3], [1, 1, 1, 1, 1]]",11,"[4, 2, 5]",38,75,37/75,0,0.0,OPTIMAL,0.015421867370605469,50.0,0.00013303756713867188,0.0,2.3333333333333335,2.3333333333333335,0.0,True
comparison_runtime,balanced_uniform_L3,12,release_gap_hS,"[5, 5, 5]","[[4, 5, 13, 15, 17], [8, 9, 15, 15, 15], [2, 4, 12, 14, 16]]",1,2,15,"[[2, 3], [2, 3], [2, 3]]",6,"[2, 2, 2]",12,75,21/25,50,3.3333333333333335,OPTIMAL,0.0027968883514404297,1.0,0.0001518726348876953,0.0,2.8,2.3333333333333335,0.46666666666666634,True
comparison_runtime,balanced_uniform_L3,12,bound_aware_loss_budget,"[5, 5, 5]","[[4, 5, 13, 15, 17], [8, 9, 15, 15, 15], [2, 4, 12, 14, 16]]",1,2,15,"[[2, 3], [2, 3], [2, 3]]",6,"[2, 2, 2]",12,75,21/25,50,3.3333333333333335,OPTIMAL,0.002635955810546875,1.0,0.0001571178436279297,0.0,2.8,2.3333333333333335,0.46666666666666634,True
comparison_runtime,balanced_poisson_L3,13,vehicle_level,"[5, 5, 5]","[[1, 3, 4, 5, 6], [3, 3, 4, 6, 8], [3, 4, 5, 5, 5]]",1,2,15,"[[1, 1, 1, 1, 1], [1, 1, 1, 1, 1], [1, 1, 1, 1, 1]]",15,"[5, 5, 5]",75,75,0,0,0.0,OPTIMAL,0.14209890365600586,2476.0,0.0009129047393798828,0.0,5.466666666666667,5.466666666666667,0.0,True
comparison_runtime,balanced_poisson_L3,13,fixed_size_2,"[5, 5, 5]","[[1, 3, 4, 5, 6], [3, 3, 4, 6, 8], [3, 4, 5, 5, 5]]",1,2,15,"[[2, 2, 1], [2, 2, 1], [2, 2, 1]]",9,"[3, 3, 3]",27,75,16/25,22,1.4666666666666666,OPTIMAL,0.019192934036254883,133.0,0.0006349086761474609,0.0,5.6,5.466666666666667,0.13333333333333286,True
comparison_runtime,balanced_poisson_L3,13,fixed_size_3,"[5, 5, 5]","[[1, 3, 4, 5, 6], [3, 3, 4, 6, 8], [3, 4, 5, 5, 5]]",1,2,15,"[[3, 2], [3, 2], [3, 2]]",6,"[2, 2, 2]",12,75,21/25,21,1.4,OPTIMAL,0.006118059158325195,1.0,0.0001380443572998047,0.0,5.6,5.466666666666667,0.13333333333333286,True
comparison_runtime,balanced_poisson_L3,13,fixed_size_4,"[5, 5, 5]","[[1, 3, 4, 5, 6], [3, 3, 4, 6, 8], [3, 4, 5, 5, 5]]",1,2,15,"[[4, 1], [4, 1], [4, 1]]",6,"[2, 2, 2]",12,75,21/25,22,1.4666666666666666,OPTIMAL,0.005294084548950195,1.0,0.00013113021850585938,0.0,5.6,5.466666666666667,0.13333333333333286,True
comparison_runtime,balanced_poisson_L3,13,release_gap_hF,"[5, 5, 5]","[[1, 3, 4, 5, 6], [3, 3, 4, 6, 8], [3, 4, 5, 5, 5]]",1,2,15,"[[1, 4], [3, 1, 1], [4, 1]]",7,"[2, 3, 2]",16,75,59/75,0,0.0,OPTIMAL,0.005484104156494141,1.0,0.00018310546875,0.0,5.466666666666667,5.466666666666667,0.0,True
comparison_runtime,balanced_poisson_L3,13,release_gap_hS,"[5, 5, 5]","[[1, 3, 4, 5, 6], [3, 3, 4, 6, 8], [3, 4, 5, 5, 5]]",1,2,15,"[[4, 1], [4, 1], [4, 1]]",6,"[2, 2, 2]",12,75,21/25,22,1.4666666666666666,OPTIMAL,0.005315065383911133,1.0,0.0001518726348876953,0.0,5.6,5.466666666666667,0.13333333333333286,True
comparison_runtime,balanced_poisson_L3,13,bound_aware_loss_budget,"[5, 5, 5]","[[1, 3, 4, 5, 6], [3, 3, 4, 6, 8], [3, 4, 5, 5, 5]]",1,2,15,"[[1, 4], [3, 2], [4, 1]]",6,"[2, 2, 2]",12,75,21/25,9,0.6,OPTIMAL,0.004358053207397461,1.0,0.00015306472778320312,0.0,5.466666666666667,5.466666666666667,0.0,True
comparison_runtime,balanced_bursty_L3,14,vehicle_level,"[5, 5, 5]","[[3, 5, 5, 11, 12], [3, 3, 16, 17, 18], [1, 2, 13, 14, 14]]",1,2,15,"[[1, 1, 1, 1, 1], [1, 1, 1, 1, 1], [1, 1, 1, 1, 1]]",15,"[5, 5, 5]",75,75,0,0,0.0,OPTIMAL,0.023628950119018555,1.0,0.00014209747314453125,0.0,1.5333333333333334,1.5333333333333334,0.0,True
comparison_runtime,balanced_bursty_L3,14,fixed_size_2,"[5, 5, 5]","[[3, 5, 5, 11, 12], [3, 3, 16, 17, 18], [1, 2, 13, 14, 14]]",1,2,15,"[[2, 2, 1], [2, 2, 1], [2, 2, 1]]",9,"[3, 3, 3]",27,75,16/25,70,4.666666666666667,OPTIMAL,0.003186941146850586,1.0,0.0001399517059326172,0.0,1.6,1.5333333333333334,0.06666666666666665,True
comparison_runtime,balanced_bursty_L3,14,fixed_size_3,"[5, 5, 5]","[[3, 5, 5, 11, 12], [3, 3, 16, 17, 18], [1, 2, 13, 14, 14]]",1,2,15,"[[3, 2], [3, 2], [3, 2]]",6,"[2, 2, 2]",12,75,21/25,294,19.6,OPTIMAL,0.0025370121002197266,1.0,0.00011897087097167969,0.0,5.2,1.5333333333333334,3.666666666666667,True
comparison_runtime,balanced_bursty_L3,14,fixed_size_4,"[5, 5, 5]","[[3, 5, 5, 11, 12], [3, 3, 16, 17, 18], [1, 2, 13, 14, 14]]",1,2,15,"[[4, 1], [4, 1], [4, 1]]",6,"[2, 2, 2]",12,75,21/25,352,23.466666666666665,OPTIMAL,0.0032510757446289062,1.0,0.00012803077697753906,0.0,6.0,1.5333333333333334,4.466666666666667,True
comparison_runtime,balanced_bursty_L3,14,release_gap_hF,"[5, 5, 5]","[[3, 5, 5, 11, 12], [3, 3, 16, 17, 18], [1, 2, 13, 14, 14]]",1,2,15,"[[1, 2, 2], [2, 3], [2, 3]]",7,"[3, 2, 2]",16,75,59/75,0,0.0,OPTIMAL,0.0025589466094970703,1.0,0.00011587142944335938,0.0,1.5333333333333334,1.5333333333333334,0.0,True
comparison_runtime,balanced_bursty_L3,14,release_gap_hS,"[5, 5, 5]","[[3, 5, 5, 11, 12], [3, 3, 16, 17, 18], [1, 2, 13, 14, 14]]",1,2,15,"[[3, 2], [2, 3], [2, 3]]",6,"[2, 2, 2]",12,75,21/25,12,0.8,OPTIMAL,0.0016150474548339844,1.0,0.00011086463928222656,0.0,1.5333333333333334,1.5333333333333334,0.0,True
comparison_runtime,balanced_bursty_L3,14,bound_aware_loss_budget,"[5, 5, 5]","[[3, 5, 5, 11, 12], [3, 3, 16, 17, 18], [1, 2, 13, 14, 14]]",1,2,15,"[[3, 2], [2, 3], [2, 3]]",6,"[2, 2, 2]",12,75,21/25,12,0.8,OPTIMAL,0.0018420219421386719,1.0,0.00011587142944335938,0.0,1.5333333333333334,1.5333333333333334,0.0,True
comparison_runtime,unbalanced_uniform_L3,15,vehicle_level,"[8, 5, 3]","[[1, 3, 6, 9, 12, 12, 19, 20], [1, 6, 16, 17, 20], [13, 14, 17]]",1,2,16,"[[1, 1, 1, 1, 1, 1, 1, 1], [1, 1, 1, 1, 1], [1, 1, 1]]",16,"[8, 5, 3]",79,79,0,0,0.0,OPTIMAL,0.04017806053161621,63.0,0.00016808509826660156,0.0,1.5625,1.5625,0.0,True
comparison_runtime,unbalanced_uniform_L3,15,fixed_size_2,"[8, 5, 3]","[[1, 3, 6, 9, 12, 12, 19, 20], [1, 6, 16, 17, 20], [13, 14, 17]]",1,2,16,"[[2, 2, 2, 2], [2, 2, 1], [2, 1]]",9,"[4, 3, 2]",26,79,53/79,95,5.9375,OPTIMAL,0.0030100345611572266,1.0,0.00012087821960449219,0.0,1.625,1.5625,0.0625,True
comparison_runtime,unbalanced_uniform_L3,15,fixed_size_3,"[8, 5, 3]","[[1, 3, 6, 9, 12, 12, 19, 20], [1, 6, 16, 17, 20], [13, 14, 17]]",1,2,16,"[[3, 3, 2], [3, 2], [3]]",6,"[3, 2, 1]",11,79,68/79,291,18.1875,OPTIMAL,0.0021719932556152344,1.0,0.00011491775512695312,0.0,3.875,1.5625,2.3125,True
comparison_runtime,unbalanced_uniform_L3,15,fixed_size_4,"[8, 5, 3]","[[1, 3, 6, 9, 12, 12, 19, 20], [1, 6, 16, 17, 20], [13, 14, 17]]",1,2,16,"[[4, 4], [4, 1], [3]]",5,"[2, 2, 1]",8,79,71/79,329,20.5625,OPTIMAL,0.002640962600708008,1.0,0.00039005279541015625,0.0,4.625,1.5625,3.0625,True
comparison_runtime,unbalanced_uniform_L3,15,release_gap_hF,"[8, 5, 3]","[[1, 3, 6, 9, 12, 12, 19, 20], [1, 6, 16, 17, 20], [13, 14, 17]]",1,2,16,"[[1, 1, 1, 1, 2, 2], [1, 1, 2, 1], [2, 1]]",12,"[6, 4, 2]",44,79,35/79,0,0.0,OPTIMAL,0.0068628787994384766,1.0,0.00016188621520996094,0.0,1.5625,1.5625,0.0,True
comparison_runtime,unbalanced_uniform_L3,15,release_gap_hS,"[8, 5, 3]","[[1, 3, 6, 9, 12, 12, 19, 20], [1, 6, 16, 17, 20], [13, 14, 17]]",1,2,16,"[[2, 1, 1, 2, 2], [1, 1, 2, 1], [2, 1]]",11,"[5, 4, 2]",38,79,41/79,13,0.8125,OPTIMAL,0.005002021789550781,1.0,0.00012683868408203125,0.0,1.5625,1.5625,0.0,True
comparison_runtime,unbalanced_uniform_L3,15,bound_aware_loss_budget,"[8, 5, 3]","[[1, 3, 6, 9, 12, 12, 19, 20], [1, 6, 16, 17, 20], [13, 14, 17]]",1,2,16,"[[2, 1, 3, 2], [2, 3], [3]]",7,"[4, 2, 1]",14,79,65/79,141,8.8125,OPTIMAL,0.0016701221466064453,1.0,0.00010991096496582031,0.0,1.625,1.5625,0.0625,True
comparison_runtime,balanced_uniform_L4,16,vehicle_level,"[4, 4, 4, 4]","[[3, 4, 12, 13], [1, 1, 2, 14], [3, 6, 10, 12], [7, 9, 15, 16]]",1,2,16,"[[1, 1, 1, 1], [1, 1, 1, 1], [1, 1, 1, 1], [1, 1, 1, 1]]",16,"[4, 4, 4, 4]",96,96,0,0,0.0,OPTIMAL,1.0233078002929688,15540.0,0.0009999275207519531,0.0,3.0625,3.0625,0.0,True
comparison_runtime,balanced_uniform_L4,16,fixed_size_2,"[4, 4, 4, 4]","[[3, 4, 12, 13], [1, 1, 2, 14], [3, 6, 10, 12], [7, 9, 15, 16]]",1,2,16,"[[2, 2], [2, 2], [2, 2], [2, 2]]",8,"[2, 2, 2, 2]",24,96,3/4,193,12.0625,OPTIMAL,0.016543149948120117,173.0,0.00015115737915039062,0.0,4.0,3.0625,0.9375,True
comparison_runtime,balanced_uniform_L4,16,fixed_size_3,"[4, 4, 4, 4]","[[3, 4, 12, 13], [1, 1, 2, 14], [3, 6, 10, 12], [7, 9, 15, 16]]",1,2,16,"[[3, 1], [3, 1], [3, 1], [3, 1]]",8,"[2, 2, 2, 2]",24,96,3/4,245,15.3125,OPTIMAL,0.01201486587524414,50.0,0.0001518726348876953,0.0,4.5625,3.0625,1.5,True
comparison_runtime,balanced_uniform_L4,16,fixed_size_4,"[4, 4, 4, 4]","[[3, 4, 12, 13], [1, 1, 2, 14], [3, 6, 10, 12], [7, 9, 15, 16]]",1,2,16,"[[4], [4], [4], [4]]",4,"[1, 1, 1, 1]",6,96,15/16,397,24.8125,OPTIMAL,0.003197908401489258,1.0,0.0003669261932373047,0.0,9.3125,3.0625,6.25,True
comparison_runtime,balanced_uniform_L4,16,release_gap_hF,"[4, 4, 4, 4]","[[3, 4, 12, 13], [1, 1, 2, 14], [3, 6, 10, 12], [7, 9, 15, 16]]",1,2,16,"[[2, 2], [3, 1], [1, 1, 1, 1], [1, 1, 2]]",11,"[2, 2, 4, 3]",44,96,13/24,0,0.0,OPTIMAL,0.052445173263549805,954.0,0.000141143798828125,0.0,3.0625,3.0625,0.0,True
comparison_runtime,balanced_uniform_L4,16,release_gap_hS,"[4, 4, 4, 4]","[[3, 4, 12, 13], [1, 1, 2, 14], [3, 6, 10, 12], [7, 9, 15, 16]]",1,2,16,"[[2, 2], [3, 1], [1, 1, 2], [2, 2]]",9,"[2, 2, 3, 2]",30,96,11/16,24,1.5,OPTIMAL,0.029710054397583008,272.0,0.00015497207641601562,0.0,3.125,3.0625,0.0625,True
comparison_runtime,balanced_uniform_L4,16,bound_aware_loss_budget,"[4, 4, 4, 4]","[[3, 4, 12, 13], [1, 1, 2, 14], [3, 6, 10, 12], [7, 9, 15, 16]]",1,2,16,"[[2, 2], [3, 1], [4], [4]]",6,"[2, 2, 1, 1]",13,96,83/96,160,10.0,OPTIMAL,0.0035190582275390625,1.0,0.00012803077697753906,0.0,3.1875,3.0625,0.125,True
comparison_runtime,high_headway_bursty_L3,17,vehicle_level,"[5, 5, 5]","[[0, 1, 12, 13, 14], [2, 4, 4, 9, 10], [15, 15, 15, 15, 16]]",1,3,15,"[[1, 1, 1, 1, 1], [1, 1, 1, 1, 1], [1, 1, 1, 1, 1]]",15,"[5, 5, 5]",75,75,0,0,0.0,OPTIMAL,0.0058841705322265625,1.0,0.00015401840209960938,0.0,2.1333333333333333,2.1333333333333333,0.0,True
comparison_runtime,high_headway_bursty_L3,17,fixed_size_2,"[5, 5, 5]","[[0, 1, 12, 13, 14], [2, 4, 4, 9, 10], [15, 15, 15, 15, 16]]",1,3,15,"[[2, 2, 1], [2, 2, 1], [2, 2, 1]]",9,"[3, 3, 3]",27,75,16/25,54,3.6,OPTIMAL,0.0024449825286865234,1.0,0.0005650520324707031,0.0,2.1333333333333333,2.1333333333333333,0.0,True
comparison_runtime,high_headway_bursty_L3,17,fixed_size_3,"[5, 5, 5]","[[0, 1, 12, 13, 14], [2, 4, 4, 9, 10], [15, 15, 15, 15, 16]]",1,3,15,"[[3, 2], [3, 2], [3, 2]]",6,"[2, 2, 2]",12,75,21/25,136,9.066666666666666,OPTIMAL,0.0027740001678466797,1.0,0.000125885009765625,0.0,4.4,2.1333333333333333,2.266666666666667,True
comparison_runtime,high_headway_bursty_L3,17,fixed_size_4,"[5, 5, 5]","[[0, 1, 12, 13, 14], [2, 4, 4, 9, 10], [15, 15, 15, 15, 16]]",1,3,15,"[[4, 1], [4, 1], [4, 1]]",6,"[2, 2, 2]",12,75,21/25,180,12.0,OPTIMAL,0.0024421215057373047,1.0,0.00015807151794433594,0.0,4.666666666666667,2.1333333333333333,2.5333333333333337,True
comparison_runtime,high_headway_bursty_L3,17,release_gap_hF,"[5, 5, 5]","[[0, 1, 12, 13, 14], [2, 4, 4, 9, 10], [15, 15, 15, 15, 16]]",1,3,15,"[[2, 3], [1, 2, 2], [4, 1]]",7,"[2, 3, 2]",16,75,59/75,0,0.0,OPTIMAL,0.001847982406616211,1.0,0.00013017654418945312,0.0,2.1333333333333333,2.1333333333333333,0.0,True
comparison_runtime,high_headway_bursty_L3,17,release_gap_hS,"[5, 5, 5]","[[0, 1, 12, 13, 14], [2, 4, 4, 9, 10], [15, 15, 15, 15, 16]]",1,3,15,"[[2, 3], [3, 2], [4, 1]]",6,"[2, 2, 2]",12,75,21/25,10,0.6666666666666666,OPTIMAL,0.0016520023345947266,1.0,0.00012612342834472656,0.0,2.1333333333333333,2.1333333333333333,0.0,True
comparison_runtime,high_headway_bursty_L3,17,bound_aware_loss_budget,"[5, 5, 5]","[[0, 1, 12, 13, 14], [2, 4, 4, 9, 10], [15, 15, 15, 15, 16]]",1,3,15,"[[2, 3], [3, 2], [4, 1]]",6,"[2, 2, 2]",12,75,21/25,10,0.6666666666666666,OPTIMAL,0.0017130374908447266,1.0,0.00012493133544921875,0.0,2.1333333333333333,2.1333333333333333,0.0,True
comparison_runtime,balanced_uniform_L3,18,vehicle_level,"[5, 5, 5]","[[1, 3, 11, 15, 17], [7, 7, 11, 16, 18], [4, 6, 8, 13, 14]]",1,2,15,"[[1, 1, 1, 1, 1], [1, 1, 1, 1, 1], [1, 1, 1, 1, 1]]",15,"[5, 5, 5]",75,75,0,0,0.0,OPTIMAL,0.06104779243469238,671.0,0.00014495849609375,0.0,2.066666666666667,2.066666666666667,0.0,True
comparison_runtime,balanced_uniform_L3,18,fixed_size_2,"[5, 5, 5]","[[1, 3, 11, 15, 17], [7, 7, 11, 16, 18], [4, 6, 8, 13, 14]]",1,2,15,"[[2, 2, 1], [2, 2, 1], [2, 2, 1]]",9,"[3, 3, 3]",27,75,16/25,150,10.0,OPTIMAL,0.003879070281982422,1.0,0.0001201629638671875,0.0,2.2,2.066666666666667,0.1333333333333333,True
comparison_runtime,balanced_uniform_L3,18,fixed_size_3,"[5, 5, 5]","[[1, 3, 11, 15, 17], [7, 7, 11, 16, 18], [4, 6, 8, 13, 14]]",1,2,15,"[[3, 2], [3, 2], [3, 2]]",6,"[2, 2, 2]",12,75,21/25,179,11.933333333333334,OPTIMAL,0.0057408809661865234,1.0,0.00014400482177734375,0.0,4.533333333333333,2.066666666666667,2.4666666666666663,True
comparison_runtime,balanced_uniform_L3,18,fixed_size_4,"[5, 5, 5]","[[1, 3, 11, 15, 17], [7, 7, 11, 16, 18], [4, 6, 8, 13, 14]]",1,2,15,"[[4, 1], [4, 1], [4, 1]]",6,"[2, 2, 2]",12,75,21/25,287,19.133333333333333,OPTIMAL,0.0032501220703125,1.0,0.00013017654418945312,0.0,6.933333333333334,2.066666666666667,4.866666666666667,True
comparison_runtime,balanced_uniform_L3,18,release_gap_hF,"[5, 5, 5]","[[1, 3, 11, 15, 17], [7, 7, 11, 16, 18], [4, 6, 8, 13, 14]]",1,2,15,"[[1, 1, 1, 1, 1], [2, 1, 1, 1], [1, 1, 1, 2]]",13,"[5, 4, 4]",56,75,19/75,0,0.0,OPTIMAL,0.029043197631835938,151.0,0.00016307830810546875,0.0,2.066666666666667,2.066666666666667,0.0,True
comparison_runtime,balanced_uniform_L3,18,release_gap_hS,"[5, 5, 5]","[[1, 3, 11, 15, 17], [7, 7, 11, 16, 18], [4, 6, 8, 13, 14]]",1,2,15,"[[2, 1, 2], [2, 1, 2], [3, 2]]",8,"[3, 3, 2]",21,75,18/25,53,3.533333333333333,OPTIMAL,0.0046749114990234375,1.0,0.0001277923583984375,0.0,2.066666666666667,2.066666666666667,0.0,True
comparison_runtime,balanced_uniform_L3,18,bound_aware_loss_budget,"[5, 5, 5]","[[1, 3, 11, 15, 17], [7, 7, 11, 16, 18], [4, 6, 8, 13, 14]]",1,2,15,"[[2, 3], [3, 2], [3, 2]]",6,"[2, 2, 2]",12,75,21/25,124,8.266666666666667,OPTIMAL,0.002544879913330078,1.0,0.00012493133544921875,0.0,2.066666666666667,2.066666666666667,0.0,True
comparison_runtime,balanced_poisson_L3,19,vehicle_level,"[5, 5, 5]","[[3, 4, 6, 8, 10], [4, 6, 7, 7, 11], [2, 2, 2, 3, 3]]",1,2,15,"[[1, 1, 1, 1, 1], [1, 1, 1, 1, 1], [1, 1, 1, 1, 1]]",15,"[5, 5, 5]",75,75,0,0,0.0,OPTIMAL,0.12511110305786133,1703.0,0.0008740425109863281,0.0,4.8,4.8,0.0,True
comparison_runtime,balanced_poisson_L3,19,fixed_size_2,"[5, 5, 5]","[[3, 4, 6, 8, 10], [4, 6, 7, 7, 11], [2, 2, 2, 3, 3]]",1,2,15,"[[2, 2, 1], [2, 2, 1], [2, 2, 1]]",9,"[3, 3, 3]",27,75,16/25,22,1.4666666666666666,OPTIMAL,0.016291141510009766,109.0,0.00014209747314453125,0.0,4.8,4.8,0.0,True
comparison_runtime,balanced_poisson_L3,19,fixed_size_3,"[5, 5, 5]","[[3, 4, 6, 8, 10], [4, 6, 7, 7, 11], [2, 2, 2, 3, 3]]",1,2,15,"[[3, 2], [3, 2], [3, 2]]",6,"[2, 2, 2]",12,75,21/25,63,4.2,OPTIMAL,0.0037848949432373047,1.0,0.000125885009765625,0.0,4.8,4.8,0.0,True
comparison_runtime,balanced_poisson_L3,19,fixed_size_4,"[5, 5, 5]","[[3, 4, 6, 8, 10], [4, 6, 7, 7, 11], [2, 2, 2, 3, 3]]",1,2,15,"[[4, 1], [4, 1], [4, 1]]",6,"[2, 2, 2]",12,75,21/25,33,2.2,OPTIMAL,0.003908872604370117,1.0,0.00014090538024902344,0.0,4.8,4.8,0.0,True
comparison_runtime,balanced_poisson_L3,19,release_gap_hF,"[5, 5, 5]","[[3, 4, 6, 8, 10], [4, 6, 7, 7, 11], [2, 2, 2, 3, 3]]",1,2,15,"[[2, 1, 1, 1], [1, 3, 1], [4, 1]]",9,"[4, 3, 2]",26,75,49/75,0,0.0,OPTIMAL,0.016203880310058594,108.0,0.00017499923706054688,0.0,4.8,4.8,0.0,True
comparison_runtime,balanced_poisson_L3,19,release_gap_hS,"[5, 5, 5]","[[3, 4, 6, 8, 10], [4, 6, 7, 7, 11], [2, 2, 2, 3, 3]]",1,2,15,"[[4, 1], [4, 1], [4, 1]]",6,"[2, 2, 2]",12,75,21/25,33,2.2,OPTIMAL,0.0033919811248779297,1.0,0.00015807151794433594,0.0,4.8,4.8,0.0,True
comparison_runtime,balanced_poisson_L3,19,bound_aware_loss_budget,"[5, 5, 5]","[[3, 4, 6, 8, 10], [4, 6, 7, 7, 11], [2, 2, 2, 3, 3]]",1,2,15,"[[2, 1, 1, 1], [4, 1], [4, 1]]",8,"[4, 2, 2]",20,75,11/15,12,0.8,OPTIMAL,0.004705905914306641,1.0,0.00014591217041015625,0.0,4.8,4.8,0.0,True
comparison_runtime,balanced_bursty_L3,20,vehicle_level,"[5, 5, 5]","[[6, 8, 9, 9, 10], [10, 14, 14, 15, 16], [0, 15, 17, 17, 17]]",1,2,15,"[[1, 1, 1, 1, 1], [1, 1, 1, 1, 1], [1, 1, 1, 1, 1]]",15,"[5, 5, 5]",75,75,0,0,0.0,OPTIMAL,0.007889986038208008,1.0,0.00016999244689941406,0.0,1.6,1.6,0.0,True
comparison_runtime,balanced_bursty_L3,20,fixed_size_2,"[5, 5, 5]","[[6, 8, 9, 9, 10], [10, 14, 14, 15, 16], [0, 15, 17, 17, 17]]",1,2,15,"[[2, 2, 1], [2, 2, 1], [2, 2, 1]]",9,"[3, 3, 3]",27,75,16/25,246,16.4,OPTIMAL,0.0026450157165527344,1.0,0.00015211105346679688,0.0,3.1333333333333333,1.6,1.5333333333333332,True
comparison_runtime,balanced_bursty_L3,20,fixed_size_3,"[5, 5, 5]","[[6, 8, 9, 9, 10], [10, 14, 14, 15, 16], [0, 15, 17, 17, 17]]",1,2,15,"[[3, 2], [3, 2], [3, 2]]",6,"[2, 2, 2]",12,75,21/25,257,17.133333333333333,OPTIMAL,0.0023369789123535156,1.0,0.00013303756713867188,0.0,3.1333333333333333,1.6,1.5333333333333332,True
comparison_runtime,balanced_bursty_L3,20,fixed_size_4,"[5, 5, 5]","[[6, 8, 9, 9, 10], [10, 14, 14, 15, 16], [0, 15, 17, 17, 17]]",1,2,15,"[[4, 1], [4, 1], [4, 1]]",6,"[2, 2, 2]",12,75,21/25,257,17.133333333333333,OPTIMAL,0.001828908920288086,1.0,0.00012087821960449219,0.0,3.1333333333333333,1.6,1.5333333333333332,True
comparison_runtime,balanced_bursty_L3,20,release_gap_hF,"[5, 5, 5]","[[6, 8, 9, 9, 10], [10, 14, 14, 15, 16], [0, 15, 17, 17, 17]]",1,2,15,"[[1, 4], [1, 4], [1, 1, 3]]",7,"[2, 2, 3]",16,75,59/75,0,0.0,OPTIMAL,0.0006058216094970703,0.0,0.00012183189392089844,0.0,1.6,1.6,0.0,True
comparison_runtime,balanced_bursty_L3,20,release_gap_hS,"[5, 5, 5]","[[6, 8, 9, 9, 10], [10, 14, 14, 15, 16], [0, 15, 17, 17, 17]]",1,2,15,"[[4, 1], [1, 4], [1, 4]]",6,"[2, 2, 2]",12,75,21/25,23,1.5333333333333334,OPTIMAL,0.0005791187286376953,0.0,0.00011992454528808594,0.0,1.6,1.6,0.0,True
comparison_runtime,balanced_bursty_L3,20,bound_aware_loss_budget,"[5, 5, 5]","[[6, 8, 9, 9, 10], [10, 14, 14, 15, 16], [0, 15, 17, 17, 17]]",1,2,15,"[[1, 4], [1, 4], [1, 4]]",6,"[2, 2, 2]",12,75,21/25,11,0.7333333333333333,OPTIMAL,0.0005190372467041016,0.0,0.00011491775512695312,0.0,1.6,1.6,0.0,True
comparison_runtime,unbalanced_uniform_L3,21,vehicle_level,"[8, 5, 3]","[[0, 0, 1, 3, 8, 11, 13, 20], [4, 4, 14, 15, 16], [1, 4, 18]]",1,2,16,"[[1, 1, 1, 1, 1, 1, 1, 1], [1, 1, 1, 1, 1], [1, 1, 1]]",16,"[8, 5, 3]",79,79,0,0,0.0,OPTIMAL,0.045675039291381836,72.0,0.00017309188842773438,0.0,1.625,1.625,0.0,True
comparison_runtime,unbalanced_uniform_L3,21,fixed_size_2,"[8, 5, 3]","[[0, 0, 1, 3, 8, 11, 13, 20], [4, 4, 14, 15, 16], [1, 4, 18]]",1,2,16,"[[2, 2, 2, 2], [2, 2, 1], [2, 1]]",9,"[4, 3, 2]",26,79,53/79,111,6.9375,OPTIMAL,0.003954887390136719,1.0,0.00012302398681640625,0.0,1.8125,1.625,0.1875,True
comparison_runtime,unbalanced_uniform_L3,21,fixed_size_3,"[8, 5, 3]","[[0, 0, 1, 3, 8, 11, 13, 20], [4, 4, 14, 15, 16], [1, 4, 18]]",1,2,16,"[[3, 3, 2], [3, 2], [3]]",6,"[3, 2, 1]",11,79,68/79,450,28.125,OPTIMAL,0.002927064895629883,1.0,0.0001270771026611328,0.0,4.6875,1.625,3.0625,True
comparison_runtime,unbalanced_uniform_L3,21,fixed_size_4,"[8, 5, 3]","[[0, 0, 1, 3, 8, 11, 13, 20], [4, 4, 14, 15, 16], [1, 4, 18]]",1,2,16,"[[4, 4], [4, 1], [3]]",5,"[2, 2, 1]",8,79,71/79,423,26.4375,OPTIMAL,0.002028942108154297,1.0,0.0004420280456542969,0.0,5.0,1.625,3.375,True
comparison_runtime,unbalanced_uniform_L3,21,release_gap_hF,"[8, 5, 3]","[[0, 0, 1, 3, 8, 11, 13, 20], [4, 4, 14, 15, 16], [1, 4, 18]]",1,2,16,"[[3, 1, 1, 1, 1, 1], [2, 3], [1, 1, 1]]",11,"[6, 2, 3]",36,79,43/79,0,0.0,OPTIMAL,0.0054929256439208984,1.0,0.00012612342834472656,0.0,1.625,1.625,0.0,True
comparison_runtime,unbalanced_uniform_L3,21,release_gap_hS,"[8, 5, 3]","[[0, 0, 1, 3, 8, 11, 13, 20], [4, 4, 14, 15, 16], [1, 4, 18]]",1,2,16,"[[4, 1, 2, 1], [2, 3], [1, 1, 1]]",9,"[4, 2, 3]",26,79,53/79,19,1.1875,OPTIMAL,0.003172159194946289,1.0,0.0001251697540283203,0.0,1.625,1.625,0.0,True
comparison_runtime,unbalanced_uniform_L3,21,bound_aware_loss_budget,"[8, 5, 3]","[[0, 0, 1, 3, 8, 11, 13, 20], [4, 4, 14, 15, 16], [1, 4, 18]]",1,2,16,"[[4, 4], [2, 3], [2, 1]]",6,"[2, 2, 2]",12,79,67/79,119,7.4375,OPTIMAL,0.002775907516479492,1.0,0.00012087821960449219,0.0,3.0,1.625,1.375,True
comparison_runtime,balanced_uniform_L4,22,vehicle_level,"[4, 4, 4, 4]","[[1, 13, 13, 18], [0, 3, 8, 17], [1, 7, 13, 14], [2, 2, 10, 12]]",1,2,16,"[[1, 1, 1, 1], [1, 1, 1, 1], [1, 1, 1, 1], [1, 1, 1, 1]]",16,"[4, 4, 4, 4]",96,96,0,0,0.0,OPTIMAL,3.468564033508301,50560.0,0.0009570121765136719,0.0,3.3125,3.3125,0.0,True
comparison_runtime,balanced_uniform_L4,22,fixed_size_2,"[4, 4, 4, 4]","[[1, 13, 13, 18], [0, 3, 8, 17], [1, 7, 13, 14], [2, 2, 10, 12]]",1,2,16,"[[2, 2], [2, 2], [2, 2], [2, 2]]",8,"[2, 2, 2, 2]",24,96,3/4,427,26.6875,OPTIMAL,0.010879993438720703,1.0,0.00013709068298339844,0.0,4.25,3.3125,0.9375,True
comparison_runtime,balanced_uniform_L4,22,fixed_size_3,"[4, 4, 4, 4]","[[1, 13, 13, 18], [0, 3, 8, 17], [1, 7, 13, 14], [2, 2, 10, 12]]",1,2,16,"[[3, 1], [3, 1], [3, 1], [3, 1]]",8,"[2, 2, 2, 2]",24,96,3/4,482,30.125,OPTIMAL,0.008829832077026367,1.0,0.00013685226440429688,0.0,6.25,3.3125,2.9375,True
comparison_runtime,balanced_uniform_L4,22,fixed_size_4,"[4, 4, 4, 4]","[[1, 13, 13, 18], [0, 3, 8, 17], [1, 7, 13, 14], [2, 2, 10, 12]]",1,2,16,"[[4], [4], [4], [4]]",4,"[1, 1, 1, 1]",6,96,15/16,645,40.3125,OPTIMAL,0.00226593017578125,1.0,0.0004029273986816406,0.0,8.6875,3.3125,5.375,True
comparison_runtime,balanced_uniform_L4,22,release_gap_hF,"[4, 4, 4, 4]","[[1, 13, 13, 18], [0, 3, 8, 17], [1, 7, 13, 14], [2, 2, 10, 12]]",1,2,16,"[[1, 2, 1], [1, 1, 1, 1], [1, 1, 2], [2, 1, 1]]",13,"[3, 4, 3, 3]",63,96,11/32,0,0.0,OPTIMAL,0.23929595947265625,8809.0,0.0001609325408935547,0.0,3.3125,3.3125,0.0,True
comparison_runtime,balanced_uniform_L4,22,release_gap_hS,"[4, 4, 4, 4]","[[1, 13, 13, 18], [0, 3, 8, 17], [1, 7, 13, 14], [2, 2, 10, 12]]",1,2,16,"[[1, 2, 1], [1, 1, 1, 1], [1, 1, 2], [2, 2]]",12,"[3, 4, 3, 2]",53,96,43/96,11,0.6875,OPTIMAL,0.1556549072265625,4922.0,0.00014090538024902344,0.0,3.3125,3.3125,0.0,True
comparison_runtime,balanced_uniform_L4,22,bound_aware_loss_budget,"[4, 4, 4, 4]","[[1, 13, 13, 18], [0, 3, 8, 17], [1, 7, 13, 14], [2, 2, 10, 12]]",1,2,16,"[[1, 3], [3, 1], [4], [2, 2]]",7,"[2, 2, 1, 2]",18,96,13/16,284,17.75,OPTIMAL,0.004119157791137695,1.0,0.0001220703125,0.0,3.625,3.3125,0.3125,True
comparison_runtime,high_headway_bursty_L3,23,vehicle_level,"[5, 5, 5]","[[16, 16, 17, 17, 18], [6, 8, 15, 15, 15], [5, 17, 17, 18, 18]]",1,3,15,"[[1, 1, 1, 1, 1], [1, 1, 1, 1, 1], [1, 1, 1, 1, 1]]",15,"[5, 5, 5]",75,75,0,0,0.0,OPTIMAL,0.05077385902404785,188.0,0.00017380714416503906,0.0,5.066666666666666,5.066666666666666,0.0,True
comparison_runtime,high_headway_bursty_L3,23,fixed_size_2,"[5, 5, 5]","[[16, 16, 17, 17, 18], [6, 8, 15, 15, 15], [5, 17, 17, 18, 18]]",1,3,15,"[[2, 2, 1], [2, 2, 1], [2, 2, 1]]",9,"[3, 3, 3]",27,75,16/25,160,10.666666666666666,OPTIMAL,0.017989158630371094,73.0,0.00015115737915039062,0.0,6.6,5.066666666666666,1.5333333333333332,True
comparison_runtime,high_headway_bursty_L3,23,fixed_size_3,"[5, 5, 5]","[[16, 16, 17, 17, 18], [6, 8, 15, 15, 15], [5, 17, 17, 18, 18]]",1,3,15,"[[3, 2], [3, 2], [3, 2]]",6,"[2, 2, 2]",12,75,21/25,234,15.6,OPTIMAL,0.0036859512329101562,1.0,0.00013303756713867188,0.0,6.6,5.066666666666666,1.5333333333333332,True
comparison_runtime,high_headway_bursty_L3,23,fixed_size_4,"[5, 5, 5]","[[16, 16, 17, 17, 18], [6, 8, 15, 15, 15], [5, 17, 17, 18, 18]]",1,3,15,"[[4, 1], [4, 1], [4, 1]]",6,"[2, 2, 2]",12,75,21/25,234,15.6,OPTIMAL,0.00395512580871582,1.0,0.00013113021850585938,0.0,6.6,5.066666666666666,1.5333333333333332,True
comparison_runtime,high_headway_bursty_L3,23,release_gap_hF,"[5, 5, 5]","[[16, 16, 17, 17, 18], [6, 8, 15, 15, 15], [5, 17, 17, 18, 18]]",1,3,15,"[[4, 1], [1, 1, 3], [1, 4]]",7,"[2, 3, 2]",16,75,59/75,0,0.0,OPTIMAL,0.002171039581298828,1.0,0.00011897087097167969,0.0,5.066666666666666,5.066666666666666,0.0,True
comparison_runtime,high_headway_bursty_L3,23,release_gap_hS,"[5, 5, 5]","[[16, 16, 17, 17, 18], [6, 8, 15, 15, 15], [5, 17, 17, 18, 18]]",1,3,15,"[[4, 1], [2, 3], [1, 4]]",6,"[2, 2, 2]",12,75,21/25,10,0.6666666666666666,OPTIMAL,0.0032460689544677734,1.0,0.00011706352233886719,0.0,5.066666666666666,5.066666666666666,0.0,True
comparison_runtime,high_headway_bursty_L3,23,bound_aware_loss_budget,"[5, 5, 5]","[[16, 16, 17, 17, 18], [6, 8, 15, 15, 15], [5, 17, 17, 18, 18]]",1,3,15,"[[1, 4], [2, 3], [1, 4]]",6,"[2, 2, 2]",12,75,21/25,10,0.6666666666666666,OPTIMAL,0.00257110595703125,1.0,0.00012302398681640625,0.0,5.066666666666666,5.066666666666666,0.0,True
comparison_runtime,balanced_uniform_L3,24,vehicle_level,"[5, 5, 5]","[[4, 5, 9, 10, 14], [0, 1, 2, 5, 11], [0, 2, 2, 4, 14]]",1,2,15,"[[1, 1, 1, 1, 1], [1, 1, 1, 1, 1], [1, 1, 1, 1, 1]]",15,"[5, 5, 5]",75,75,0,0,0.0,OPTIMAL,0.10463905334472656,1862.0,0.00016498565673828125,0.0,3.2666666666666666,3.2666666666666666,0.0,True
comparison_runtime,balanced_uniform_L3,24,fixed_size_2,"[5, 5, 5]","[[4, 5, 9, 10, 14], [0, 1, 2, 5, 11], [0, 2, 2, 4, 14]]",1,2,15,"[[2, 2, 1], [2, 2, 1], [2, 2, 1]]",9,"[3, 3, 3]",27,75,16/25,44,2.933333333333333,OPTIMAL,0.013683795928955078,78.0,0.00012683868408203125,0.0,3.466666666666667,3.2666666666666666,0.20000000000000018,True
comparison_runtime,balanced_uniform_L3,24,fixed_size_3,"[5, 5, 5]","[[4, 5, 9, 10, 14], [0, 1, 2, 5, 11], [0, 2, 2, 4, 14]]",1,2,15,"[[3, 2], [3, 2], [3, 2]]",6,"[2, 2, 2]",12,75,21/25,230,15.333333333333334,OPTIMAL,0.002671957015991211,1.0,0.0001239776611328125,0.0,3.6666666666666665,3.2666666666666666,0.3999999999999999,True
comparison_runtime,balanced_uniform_L3,24,fixed_size_4,"[5, 5, 5]","[[4, 5, 9, 10, 14], [0, 1, 2, 5, 11], [0, 2, 2, 4, 14]]",1,2,15,"[[4, 1], [4, 1], [4, 1]]",6,"[2, 2, 2]",12,75,21/25,81,5.4,OPTIMAL,0.0032219886779785156,1.0,0.00011897087097167969,0.0,3.8,3.2666666666666666,0.5333333333333332,True
comparison_runtime,balanced_uniform_L3,24,release_gap_hF,"[5, 5, 5]","[[4, 5, 9, 10, 14], [0, 1, 2, 5, 11], [0, 2, 2, 4, 14]]",1,2,15,"[[2, 2, 1], [3, 1, 1], [1, 2, 1, 1]]",10,"[3, 3, 4]",33,75,14/25,0,0.0,OPTIMAL,0.015996932983398438,148.0,0.00013399124145507812,0.0,3.2666666666666666,3.2666666666666666,0.0,True
comparison_runtime,balanced_uniform_L3,24,release_gap_hS,"[5, 5, 5]","[[4, 5, 9, 10, 14], [0, 1, 2, 5, 11], [0, 2, 2, 4, 14]]",1,2,15,"[[2, 2, 1], [3, 1, 1], [4, 1]]",8,"[3, 3, 2]",21,75,18/25,22,1.4666666666666666,OPTIMAL,0.0046579837799072266,1.0,0.0001430511474609375,0.0,3.2666666666666666,3.2666666666666666,0.0,True
comparison_runtime,balanced_uniform_L3,24,bound_aware_loss_budget,"[5, 5, 5]","[[4, 5, 9, 10, 14], [0, 1, 2, 5, 11], [0, 2, 2, 4, 14]]",1,2,15,"[[2, 2, 1], [3, 1, 1], [4, 1]]",8,"[3, 3, 2]",21,75,18/25,22,1.4666666666666666,OPTIMAL,0.005243062973022461,1.0,0.00014209747314453125,0.0,3.2666666666666666,3.2666666666666666,0.0,True
comparison_runtime,balanced_poisson_L3,25,vehicle_level,"[5, 5, 5]","[[4, 4, 5, 7, 8], [1, 2, 2, 7, 9], [3, 4, 5, 5, 5]]",1,2,15,"[[1, 1, 1, 1, 1], [1, 1, 1, 1, 1], [1, 1, 1, 1, 1]]",15,"[5, 5, 5]",75,75,0,0,0.0,OPTIMAL,0.12566709518432617,2149.0,0.0008220672607421875,0.0,4.666666666666667,4.666666666666667,0.0,True
comparison_runtime,balanced_poisson_L3,25,fixed_size_2,"[5, 5, 5]","[[4, 4, 5, 7, 8], [1, 2, 2, 7, 9], [3, 4, 5, 5, 5]]",1,2,15,"[[2, 2, 1], [2, 2, 1], [2, 2, 1]]",9,"[3, 3, 3]",27,75,16/25,56,3.7333333333333334,OPTIMAL,0.021421194076538086,147.0,0.00017309188842773438,0.0,4.866666666666666,4.666666666666667,0.1999999999999993,True
comparison_runtime,balanced_poisson_L3,25,fixed_size_3,"[5, 5, 5]","[[4, 4, 5, 7, 8], [1, 2, 2, 7, 9], [3, 4, 5, 5, 5]]",1,2,15,"[[3, 2], [3, 2], [3, 2]]",6,"[2, 2, 2]",12,75,21/25,9,0.6,OPTIMAL,0.0034890174865722656,1.0,0.00013589859008789062,0.0,4.666666666666667,4.666666666666667,0.0,True
comparison_runtime,balanced_poisson_L3,25,fixed_size_4,"[5, 5, 5]","[[4, 4, 5, 7, 8], [1, 2, 2, 7, 9], [3, 4, 5, 5, 5]]",1,2,15,"[[4, 1], [4, 1], [4, 1]]",6,"[2, 2, 2]",12,75,21/25,56,3.7333333333333334,OPTIMAL,0.004118919372558594,1.0,0.00012993812561035156,0.0,6.266666666666667,4.666666666666667,1.5999999999999996,True
comparison_runtime,balanced_poisson_L3,25,release_gap_hF,"[5, 5, 5]","[[4, 4, 5, 7, 8], [1, 2, 2, 7, 9], [3, 4, 5, 5, 5]]",1,2,15,"[[3, 2], [3, 1, 1], [4, 1]]",7,"[2, 3, 2]",16,75,59/75,0,0.0,OPTIMAL,0.004701137542724609,1.0,0.0001380443572998047,0.0,4.666666666666667,4.666666666666667,0.0,True
comparison_runtime,balanced_poisson_L3,25,release_gap_hS,"[5, 5, 5]","[[4, 4, 5, 7, 8], [1, 2, 2, 7, 9], [3, 4, 5, 5, 5]]",1,2,15,"[[4, 1], [3, 2], [4, 1]]",6,"[2, 2, 2]",12,75,21/25,19,1.2666666666666666,OPTIMAL,0.0036458969116210938,1.0,0.00012183189392089844,0.0,4.666666666666667,4.666666666666667,0.0,True
comparison_runtime,balanced_poisson_L3,25,bound_aware_loss_budget,"[5, 5, 5]","[[4, 4, 5, 7, 8], [1, 2, 2, 7, 9], [3, 4, 5, 5, 5]]",1,2,15,"[[3, 2], [3, 2], [4, 1]]",6,"[2, 2, 2]",12,75,21/25,9,0.6,OPTIMAL,0.004057168960571289,1.0,0.00013899803161621094,0.0,4.666666666666667,4.666666666666667,0.0,True
comparison_runtime,balanced_bursty_L3,26,vehicle_level,"[5, 5, 5]","[[9, 11, 12, 13, 14], [3, 3, 3, 5, 11], [11, 11, 12, 12, 13]]",1,2,15,"[[1, 1, 1, 1, 1], [1, 1, 1, 1, 1], [1, 1, 1, 1, 1]]",15,"[5, 5, 5]",75,75,0,0,0.0,OPTIMAL,0.041554927825927734,126.0,0.0001850128173828125,0.0,3.0,3.0,0.0,True
comparison_runtime,balanced_bursty_L3,26,fixed_size_2,"[5, 5, 5]","[[9, 11, 12, 13, 14], [3, 3, 3, 5, 11], [11, 11, 12, 12, 13]]",1,2,15,"[[2, 2, 1], [2, 2, 1], [2, 2, 1]]",9,"[3, 3, 3]",27,75,16/25,22,1.4666666666666666,OPTIMAL,0.004807949066162109,1.0,0.0001308917999267578,0.0,3.066666666666667,3.0,0.06666666666666687,True
comparison_runtime,balanced_bursty_L3,26,fixed_size_3,"[5, 5, 5]","[[9, 11, 12, 13, 14], [3, 3, 3, 5, 11], [11, 11, 12, 12, 13]]",1,2,15,"[[3, 2], [3, 2], [3, 2]]",6,"[2, 2, 2]",12,75,21/25,65,4.333333333333333,OPTIMAL,0.0029268264770507812,1.0,0.0001239776611328125,0.0,4.2,3.0,1.2000000000000002,True
comparison_runtime,balanced_bursty_L3,26,fixed_size_4,"[5, 5, 5]","[[9, 11, 12, 13, 14], [3, 3, 3, 5, 11], [11, 11, 12, 12, 13]]",1,2,15,"[[4, 1], [4, 1], [4, 1]]",6,"[2, 2, 2]",12,75,21/25,22,1.4666666666666666,OPTIMAL,0.003523111343383789,1.0,0.00011897087097167969,0.0,3.066666666666667,3.0,0.06666666666666687,True
comparison_runtime,balanced_bursty_L3,26,release_gap_hF,"[5, 5, 5]","[[9, 11, 12, 13, 14], [3, 3, 3, 5, 11], [11, 11, 12, 12, 13]]",1,2,15,"[[1, 4], [3, 1, 1], [4, 1]]",7,"[2, 3, 2]",16,75,59/75,0,0.0,OPTIMAL,0.002798795700073242,1.0,0.00013399124145507812,0.0,3.0,3.0,0.0,True
comparison_runtime,balanced_bursty_L3,26,release_gap_hS,"[5, 5, 5]","[[9, 11, 12, 13, 14], [3, 3, 3, 5, 11], [11, 11, 12, 12, 13]]",1,2,15,"[[4, 1], [4, 1], [4, 1]]",6,"[2, 2, 2]",12,75,21/25,22,1.4666666666666666,OPTIMAL,0.0033750534057617188,1.0,0.00011801719665527344,0.0,3.066666666666667,3.0,0.06666666666666687,True
comparison_runtime,balanced_bursty_L3,26,bound_aware_loss_budget,"[5, 5, 5]","[[9, 11, 12, 13, 14], [3, 3, 3, 5, 11], [11, 11, 12, 12, 13]]",1,2,15,"[[1, 4], [4, 1], [4, 1]]",6,"[2, 2, 2]",12,75,21/25,10,0.6666666666666666,OPTIMAL,0.0020380020141601562,1.0,0.0001220703125,0.0,3.0,3.0,0.0,True
comparison_runtime,unbalanced_uniform_L3,27,vehicle_level,"[8, 5, 3]","[[2, 3, 5, 10, 11, 14, 16, 18], [2, 4, 6, 15, 18], [2, 13, 17]]",1,2,16,"[[1, 1, 1, 1, 1, 1, 1, 1], [1, 1, 1, 1, 1], [1, 1, 1]]",16,"[8, 5, 3]",79,79,0,0,0.0,OPTIMAL,0.15299701690673828,3377.0,0.0001678466796875,0.0,2.4375,2.4375,0.0,True
comparison_runtime,unbalanced_uniform_L3,27,fixed_size_2,"[8, 5, 3]","[[2, 3, 5, 10, 11, 14, 16, 18], [2, 4, 6, 15, 18], [2, 13, 17]]",1,2,16,"[[2, 2, 2, 2], [2, 2, 1], [2, 1]]",9,"[4, 3, 2]",26,79,53/79,340,21.25,OPTIMAL,0.009746074676513672,1.0,0.0001399517059326172,0.0,3.5,2.4375,1.0625,True
comparison_runtime,unbalanced_uniform_L3,27,fixed_size_3,"[8, 5, 3]","[[2, 3, 5, 10, 11, 14, 16, 18], [2, 4, 6, 15, 18], [2, 13, 17]]",1,2,16,"[[3, 3, 2], [3, 2], [3]]",6,"[3, 2, 1]",11,79,68/79,274,17.125,OPTIMAL,0.0030961036682128906,1.0,0.00011610984802246094,0.0,3.375,2.4375,0.9375,True
comparison_runtime,unbalanced_uniform_L3,27,fixed_size_4,"[8, 5, 3]","[[2, 3, 5, 10, 11, 14, 16, 18], [2, 4, 6, 15, 18], [2, 13, 17]]",1,2,16,"[[4, 4], [4, 1], [3]]",5,"[2, 2, 1]",8,79,71/79,412,25.75,OPTIMAL,0.002380847930908203,1.0,0.0003819465637207031,0.0,5.4375,2.4375,3.0,True
comparison_runtime,unbalanced_uniform_L3,27,release_gap_hF,"[8, 5, 3]","[[2, 3, 5, 10, 11, 14, 16, 18], [2, 4, 6, 15, 18], [2, 13, 17]]",1,2,16,"[[2, 1, 2, 1, 1, 1], [1, 1, 1, 1, 1], [1, 1, 1]]",14,"[6, 5, 3]",63,79,16/79,0,0.0,OPTIMAL,0.1030890941619873,1874.0,0.0001671314239501953,0.0,2.4375,2.4375,0.0,True
comparison_runtime,unbalanced_uniform_L3,27,release_gap_hS,"[8, 5, 3]","[[2, 3, 5, 10, 11, 14, 16, 18], [2, 4, 6, 15, 18], [2, 13, 17]]",1,2,16,"[[3, 2, 3], [3, 1, 1], [1, 1, 1]]",9,"[3, 3, 3]",27,79,52/79,52,3.25,OPTIMAL,0.0058040618896484375,1.0,0.00013899803161621094,0.0,2.5,2.4375,0.0625,True
comparison_runtime,unbalanced_uniform_L3,27,bound_aware_loss_budget,"[8, 5, 3]","[[2, 3, 5, 10, 11, 14, 16, 18], [2, 4, 6, 15, 18], [2, 13, 17]]",1,2,16,"[[4, 4], [3, 2], [1, 2]]",6,"[2, 2, 2]",12,79,67/79,184,11.5,OPTIMAL,0.002780914306640625,1.0,0.00010895729064941406,0.0,2.9375,2.4375,0.5,True
comparison_runtime,balanced_uniform_L4,28,vehicle_level,"[4, 4, 4, 4]","[[8, 9, 11, 17], [1, 3, 6, 17], [1, 1, 13, 13], [1, 3, 8, 9]]",1,2,16,"[[1, 1, 1, 1], [1, 1, 1, 1], [1, 1, 1, 1], [1, 1, 1, 1]]",16,"[4, 4, 4, 4]",96,96,0,0,0.0,OPTIMAL,0.6862461566925049,10451.0,0.0010080337524414062,0.0,3.3125,3.3125,0.0,True
comparison_runtime,balanced_uniform_L4,28,fixed_size_2,"[4, 4, 4, 4]","[[8, 9, 11, 17], [1, 3, 6, 17], [1, 1, 13, 13], [1, 3, 8, 9]]",1,2,16,"[[2, 2], [2, 2], [2, 2], [2, 2]]",8,"[2, 2, 2, 2]",24,96,3/4,217,13.5625,OPTIMAL,0.013276815414428711,120.0,0.00015091896057128906,0.0,3.8125,3.3125,0.5,True
comparison_runtime,balanced_uniform_L4,28,fixed_size_3,"[4, 4, 4, 4]","[[8, 9, 11, 17], [1, 3, 6, 17], [1, 1, 13, 13], [1, 3, 8, 9]]",1,2,16,"[[3, 1], [3, 1], [3, 1], [3, 1]]",8,"[2, 2, 2, 2]",24,96,3/4,270,16.875,OPTIMAL,0.010010957717895508,61.0,0.00013184547424316406,0.0,5.375,3.3125,2.0625,True
comparison_runtime,balanced_uniform_L4,28,fixed_size_4,"[4, 4, 4, 4]","[[8, 9, 11, 17], [1, 3, 6, 17], [1, 1, 13, 13], [1, 3, 8, 9]]",1,2,16,"[[4], [4], [4], [4]]",4,"[1, 1, 1, 1]",6,96,15/16,461,28.8125,OPTIMAL,0.0020558834075927734,1.0,0.0003619194030761719,0.0,6.875,3.3125,3.5625,True
comparison_runtime,balanced_uniform_L4,28,release_gap_hF,"[4, 4, 4, 4]","[[8, 9, 11, 17], [1, 3, 6, 17], [1, 1, 13, 13], [1, 3, 8, 9]]",1,2,16,"[[2, 1, 1], [1, 1, 1, 1], [2, 2], [1, 1, 2]]",12,"[3, 4, 2, 3]",53,96,43/96,0,0.0,OPTIMAL,0.07644796371459961,1546.0,0.00017499923706054688,0.0,3.3125,3.3125,0.0,True
comparison_runtime,balanced_uniform_L4,28,release_gap_hS,"[4, 4, 4, 4]","[[8, 9, 11, 17], [1, 3, 6, 17], [1, 1, 13, 13], [1, 3, 8, 9]]",1,2,16,"[[3, 1], [2, 1, 1], [2, 2], [2, 2]]",9,"[2, 3, 2, 2]",30,96,11/16,38,2.375,OPTIMAL,0.01665019989013672,148.0,0.0001461505889892578,0.0,3.3125,3.3125,0.0,True
comparison_runtime,balanced_uniform_L4,28,bound_aware_loss_budget,"[4, 4, 4, 4]","[[8, 9, 11, 17], [1, 3, 6, 17], [1, 1, 13, 13], [1, 3, 8, 9]]",1,2,16,"[[4], [3, 1], [2, 2], [4]]",6,"[1, 2, 2, 1]",13,96,83/96,181,11.3125,OPTIMAL,0.0020051002502441406,1.0,0.00011205673217773438,0.0,3.3125,3.3125,0.0,True
comparison_runtime,high_headway_bursty_L3,29,vehicle_level,"[5, 5, 5]","[[1, 3, 3, 9, 10], [6, 7, 7, 8, 16], [16, 16, 17, 18, 18]]",1,3,15,"[[1, 1, 1, 1, 1], [1, 1, 1, 1, 1], [1, 1, 1, 1, 1]]",15,"[5, 5, 5]",75,75,0,0,0.0,OPTIMAL,0.007471799850463867,1.0,0.0007867813110351562,0.0,2.2,2.2,0.0,True
comparison_runtime,high_headway_bursty_L3,29,fixed_size_2,"[5, 5, 5]","[[1, 3, 3, 9, 10], [6, 7, 7, 8, 16], [16, 16, 17, 18, 18]]",1,3,15,"[[2, 2, 1], [2, 2, 1], [2, 2, 1]]",9,"[3, 3, 3]",27,75,16/25,66,4.4,OPTIMAL,0.0027740001678466797,1.0,0.00015282630920410156,0.0,2.466666666666667,2.2,0.2666666666666666,True
comparison_runtime,high_headway_bursty_L3,29,fixed_size_3,"[5, 5, 5]","[[1, 3, 3, 9, 10], [6, 7, 7, 8, 16], [16, 16, 17, 18, 18]]",1,3,15,"[[3, 2], [3, 2], [3, 2]]",6,"[2, 2, 2]",12,75,21/25,83,5.533333333333333,OPTIMAL,0.001074075698852539,1.0,0.00011396408081054688,0.0,2.6,2.2,0.3999999999999999,True
comparison_runtime,high_headway_bursty_L3,29,fixed_size_4,"[5, 5, 5]","[[1, 3, 3, 9, 10], [6, 7, 7, 8, 16], [16, 16, 17, 18, 18]]",1,3,15,"[[4, 1], [4, 1], [4, 1]]",6,"[2, 2, 2]",12,75,21/25,66,4.4,OPTIMAL,0.0021049976348876953,1.0,0.00014901161193847656,0.0,3.8,2.2,1.5999999999999996,True
comparison_runtime,high_headway_bursty_L3,29,release_gap_hF,"[5, 5, 5]","[[1, 3, 3, 9, 10], [6, 7, 7, 8, 16], [16, 16, 17, 18, 18]]",1,3,15,"[[1, 2, 2], [4, 1], [4, 1]]",7,"[3, 2, 2]",16,75,59/75,0,0.0,OPTIMAL,0.0006511211395263672,0.0,0.00013113021850585938,0.0,2.2,2.2,0.0,True
comparison_runtime,high_headway_bursty_L3,29,release_gap_hS,"[5, 5, 5]","[[1, 3, 3, 9, 10], [6, 7, 7, 8, 16], [16, 16, 17, 18, 18]]",1,3,15,"[[3, 2], [4, 1], [4, 1]]",6,"[2, 2, 2]",12,75,21/25,10,0.6666666666666666,OPTIMAL,0.0006210803985595703,0.0,0.00013113021850585938,0.0,2.2,2.2,0.0,True
comparison_runtime,high_headway_bursty_L3,29,bound_aware_loss_budget,"[5, 5, 5]","[[1, 3, 3, 9, 10], [6, 7, 7, 8, 16], [16, 16, 17, 18, 18]]",1,3,15,"[[3, 2], [4, 1], [4, 1]]",6,"[2, 2, 2]",12,75,21/25,10,0.6666666666666666,OPTIMAL,0.0006098747253417969,0.0,0.000125885009765625,0.0,2.2,2.2,0.0,True
