N,lambda,arrival_rate,total_arrival_rate,per_approach_arrival_rate,method,threshold,delta,max_platoon_size,Pmax,case_count,optimality_rate,mean_average_delay_or_incumbent,median_average_delay_or_incumbent,mean_terminal_mip_gap,mean_solve_time_s,mean_end_to_end_time_s,mean_model_construction_time_s,mean_node_count,mean_number_of_platoons,mean_ordering_variable_count,mean_dimension_reduction_ratio,delay_order_check_case_count,delay_order_failure_count
20,0.5,0.5,0.5,0.125,CHP,2,2,NA,NA,10,1.0,2.21,2.1,0.0,0.06362385749816894,0.07049388720504365,0.006805971078574657,1005.6,16.6,102.7,0.31533333333333335,0,0
20,0.5,0.5,0.5,0.125,CHP,4,4,NA,NA,10,1.0,2.225,2.15,0.0,0.03012247085571289,0.036584423790905665,0.006392293702811002,223.5,14.1,74.3,0.5046666666666667,0,0
20,0.5,0.5,0.5,0.125,CHP,6,6,NA,NA,10,1.0,2.67,2.5,0.0,0.020311880111694335,0.026253467059368752,0.0058758314698934555,58.2,12.1,54.7,0.6353333333333333,0,0
20,0.5,0.5,0.5,0.125,CHP,8,8,NA,NA,10,1.0,3.5,3.175,0.0,0.00552978515625,0.01060628329098587,0.005015981663018465,16.5,9.6,33.8,0.7746666666666667,0,0
20,0.5,0.5,0.5,0.125,NP,NA,NA,1,1,10,1.0,2.21,2.1,0.0,0.23675138950347902,0.25138960467230204,0.014565666299313306,3014.1,20.0,150.0,0.0,0,0
20,0.5,0.5,0.5,0.125,PP,2,2,2,2,10,1.0,2.21,2.1,0.0,0.09598696231842041,0.10246272043872137,0.006413206551223993,1878.0,17.2,110.5,0.2633333333333333,10,0
20,0.5,0.5,0.5,0.125,PP,2,2,4,4,10,1.0,2.21,2.1,0.0,0.06362676620483398,0.07013496607653161,0.006443861965090036,1005.6,16.6,102.7,0.31533333333333335,10,0
20,0.5,0.5,0.5,0.125,PP,2,2,6,6,10,1.0,2.21,2.1,0.0,0.06618278026580811,0.07302771356785526,0.0067773709073662754,1005.6,16.6,102.7,0.31533333333333335,10,0
20,0.5,0.5,0.5,0.125,PP,2,2,8,8,10,1.0,2.21,2.1,0.0,0.06743319034576416,0.07474547123628464,0.00724156778305769,1005.6,16.6,102.7,0.31533333333333335,10,0
20,0.5,0.5,0.5,0.125,PP,4,4,2,2,10,1.0,2.21,2.1,0.0,0.059824895858764646,0.06691992286330142,0.007023518905043602,604.4,15.5,90.1,0.3993333333333333,10,0
20,0.5,0.5,0.5,0.125,PP,4,4,4,4,10,1.0,2.225,2.15,0.0,0.03169100284576416,0.03825119737542067,0.00649209376424551,223.5,14.2,75.2,0.49866666666666665,10,0
20,0.5,0.5,0.5,0.125,PP,4,4,6,6,10,1.0,2.225,2.15,0.0,0.03131461143493652,0.03749061529708719,0.006109679024666548,223.5,14.1,74.3,0.5046666666666667,10,0
20,0.5,0.5,0.5,0.125,PP,4,4,8,8,10,1.0,2.225,2.15,0.0,0.03027935028076172,0.03701850065824204,0.006667705066502094,223.5,14.1,74.3,0.5046666666666667,10,0
20,0.5,0.5,0.5,0.125,PP,6,6,2,2,10,1.0,2.375,2.3499999999999996,0.0,0.04579484462738037,0.05217945438822861,0.006310170330107212,197.4,14.2,75.6,0.496,10,0
20,0.5,0.5,0.5,0.125,PP,6,6,4,4,10,1.0,2.57,2.5,0.0,0.022791504859924316,0.028888250633717583,0.006025469489395618,81.3,12.4,57.6,0.616,10,0
20,0.5,0.5,0.5,0.125,PP,6,6,6,6,10,1.0,2.67,2.5,0.0,0.018950676918029784,0.024649288765586374,0.005634621437638998,58.2,12.1,54.7,0.6353333333333333,10,0
20,0.5,0.5,0.5,0.125,PP,6,6,8,8,10,1.0,2.67,2.5,0.0,0.019905591011047365,0.0253498166289834,0.005381752271205187,58.2,12.1,54.7,0.6353333333333333,10,0
20,0.5,0.5,0.5,0.125,PP,8,8,2,2,10,1.0,2.7299994863478094,2.4,0.0,0.025597667694091795,0.03120725429697533,0.005547665432095528,127.5,12.8,61.3,0.5913333333333334,10,0
20,0.5,0.5,0.5,0.125,PP,8,8,4,4,10,1.0,3.29,3.0,0.0,0.006566834449768066,0.011852723096075154,0.00522512448951602,16.5,10.1,37.7,0.7486666666666666,10,0
20,0.5,0.5,0.5,0.125,PP,8,8,6,6,10,1.0,3.5,3.175,0.0,0.00554664134979248,0.010367149168296145,0.004755171108990907,16.5,9.6,33.8,0.7746666666666667,10,0
20,0.5,0.5,0.5,0.125,PP,8,8,8,8,10,1.0,3.5,3.175,0.0,0.005626893043518067,0.010595869331929826,0.004910553153604269,16.5,9.6,33.8,0.7746666666666667,10,0
20,1.0,1.0,1.0,0.25,CHP,2,2,NA,NA,10,1.0,5.01,4.6,0.0,0.11711933612823486,0.1240786762454873,0.006877236906439066,2041.5,12.5,57.9,0.614,0,0
20,1.0,1.0,1.0,0.25,CHP,4,4,NA,NA,10,1.0,5.13,4.6,0.0,0.017069911956787108,0.02234054122371893,0.005205156654119492,94.4,8.4,25.7,0.8286666666666667,0,0
20,1.0,1.0,1.0,0.25,CHP,6,6,NA,NA,10,1.0,5.7,5.65,0.0,0.006527328491210937,0.011426002652102137,0.004834592435508966,12.7,6.8,17.3,0.8846666666666667,0,0
20,1.0,1.0,1.0,0.25,CHP,8,8,NA,NA,10,1.0,6.975,6.025,0.0,0.0027428865432739258,0.007047549211613512,0.004248364269733429,1.0,5.2,10.4,0.9306666666666666,0,0
20,1.0,1.0,1.0,0.25,NP,NA,NA,1,1,10,1.0,5.0,4.55,0.0,2.961624765396118,2.9697927352806888,0.008093074429780245,32834.4,20.0,150.0,0.0,0,0
20,1.0,1.0,1.0,0.25,PP,2,2,2,2,10,1.0,5.01,4.6,0.0,0.24775090217590331,0.2549849775651136,0.007155301980674267,4923.8,14.6,80.0,0.4666666666666667,10,0
20,1.0,1.0,1.0,0.25,PP,2,2,4,4,10,1.0,5.01,4.6,0.0,0.10864090919494629,0.1150282851836412,0.006313188094645738,2057.8,12.7,59.7,0.602,10,0
20,1.0,1.0,1.0,0.25,PP,2,2,6,6,10,1.0,5.01,4.6,0.0,0.10415782928466796,0.11018064246488446,0.005951205175369978,2041.5,12.5,57.9,0.614,10,0
20,1.0,1.0,1.0,0.25,PP,2,2,8,8,10,1.0,5.01,4.6,0.0,0.10259819030761719,0.10874123961657119,0.006067480705678463,2041.5,12.5,57.9,0.614,10,0
20,1.0,1.0,1.0,0.25,PP,4,4,2,2,10,1.0,5.13,4.6,0.0,0.10870437622070313,0.11464411457705134,0.005871038977056741,1638.0,13.0,63.3,0.5780000000000001,10,0
20,1.0,1.0,1.0,0.25,PP,4,4,4,4,10,1.0,5.13,4.6,0.0,0.026789641380310057,0.032279496155306384,0.005423660948872566,144.7,9.7,34.9,0.7673333333333333,10,0
20,1.0,1.0,1.0,0.25,PP,4,4,6,6,10,1.0,5.13,4.6,0.0,0.017156457901000975,0.022515938479853486,0.005291228741407394,94.4,8.4,25.7,0.8286666666666667,10,0
20,1.0,1.0,1.0,0.25,PP,4,4,8,8,10,1.0,5.13,4.6,0.0,0.016710710525512696,0.022395500010167692,0.005614734441041947,94.4,8.4,25.7,0.8286666666666667,10,0
20,1.0,1.0,1.0,0.25,PP,6,6,2,2,10,1.0,5.175,4.6,0.0,0.08299310207366943,0.08897176920318693,0.005908234044909477,1170.4,12.6,59.5,0.6033333333333333,10,0
20,1.0,1.0,1.0,0.25,PP,6,6,4,4,10,1.0,5.6,5.65,0.0,0.016044306755065917,0.02141886305467372,0.005313131492584944,56.1,8.7,28.4,0.8106666666666668,10,0
20,1.0,1.0,1.0,0.25,PP,6,6,6,6,10,1.0,5.7,5.65,0.0,0.006538105010986328,0.011201594474023819,0.004606167320162058,12.7,6.8,17.3,0.8846666666666667,10,0
20,1.0,1.0,1.0,0.25,PP,6,6,8,8,10,1.0,5.7,5.65,0.0,0.006402945518493653,0.01094148763408823,0.004481543879956007,12.7,6.8,17.3,0.8846666666666667,10,0
20,1.0,1.0,1.0,0.25,PP,8,8,2,2,10,1.0,5.4799999999999995,4.775,0.0,0.07115192413330078,0.07642224188104324,0.005207730457186699,1108.1,12.0,54.0,0.64,10,0
20,1.0,1.0,1.0,0.25,PP,8,8,4,4,10,1.0,6.375,5.75,0.0,0.014281225204467774,0.01963872498865223,0.0052900310605764386,58.6,8.1,24.6,0.836,10,0
20,1.0,1.0,1.0,0.25,PP,8,8,6,6,10,1.0,6.975,6.025,0.0,0.0029384613037109373,0.007851486063488101,0.004846015479415655,1.0,5.2,10.4,0.9306666666666666,10,0
20,1.0,1.0,1.0,0.25,PP,8,8,8,8,10,1.0,6.975,6.025,0.0,0.0027931928634643555,0.007434181963695335,0.004580617416650057,1.0,5.2,10.4,0.9306666666666666,10,0
20,1.5,1.5,1.5,0.375,CHP,2,2,NA,NA,10,1.0,7.710000000000001,8.3,0.0,0.03709056377410889,0.04194752978827572,0.004802277591079473,706.7,9.1,31.9,0.7873333333333333,0,0
20,1.5,1.5,1.5,0.375,CHP,4,4,NA,NA,10,1.0,8.535,8.975000000000001,0.0,0.006987810134887695,0.010886521504127646,0.00384805491194129,33.4,5.7,12.4,0.9173333333333333,0,0
20,1.5,1.5,1.5,0.375,CHP,6,6,NA,NA,10,1.0,8.665000000000001,9.075,0.0,0.0034549951553344725,0.00735782607997775,0.003851690236479044,1.0,4.7,8.2,0.9453333333333334,0,0
20,1.5,1.5,1.5,0.375,CHP,8,8,NA,NA,10,1.0,8.665000000000001,9.075,0.0,0.0030452489852905275,0.006762128306910467,0.0036666223779320715,1.0,4.4,7.3,0.9513333333333334,0,0
20,1.5,1.5,1.5,0.375,NP,NA,NA,1,1,10,1.0,7.58,8.05,0.0,4.929040789604187,4.936084336821854,0.006986465491354466,66375.5,20.0,150.0,0.0,0,0
20,1.5,1.5,1.5,0.375,PP,2,2,2,2,10,1.0,7.69,8.3,0.0,0.13932371139526367,0.14440098351705724,0.005023092683404684,3816.1,12.9,62.2,0.5853333333333334,10,0
20,1.5,1.5,1.5,0.375,PP,2,2,4,4,10,1.0,7.69,8.3,0.0,0.042787718772888186,0.047350541650513125,0.004508712980896235,836.9,10.1,38.7,0.742,10,0
20,1.5,1.5,1.5,0.375,PP,2,2,6,6,10,1.0,7.710000000000001,8.3,0.0,0.035561990737915036,0.039967101465268426,0.004352463036775589,706.7,9.1,31.9,0.7873333333333333,10,0
20,1.5,1.5,1.5,0.375,PP,2,2,8,8,10,1.0,7.710000000000001,8.3,0.0,0.03506672382354736,0.0394926822629498,0.004373370856046677,706.7,9.1,31.9,0.7873333333333333,10,0
20,1.5,1.5,1.5,0.375,PP,4,4,2,2,10,1.0,7.779999999999999,8.375,0.0,0.08894994258880615,0.09375044019476367,0.004748742748051882,2224.2,12.2,55.8,0.628,10,0
20,1.5,1.5,1.5,0.375,PP,4,4,4,4,10,1.0,8.434999999999999,8.875,0.0,0.02263619899749756,0.026813971183356284,0.004125688318163156,192.9,8.4,26.4,0.8240000000000001,10,0
20,1.5,1.5,1.5,0.375,PP,4,4,6,6,10,1.0,8.535,8.975000000000001,0.0,0.00696408748626709,0.01077344112392845,0.0037574918009340764,33.4,5.7,12.4,0.9173333333333333,10,0
20,1.5,1.5,1.5,0.375,PP,4,4,8,8,10,1.0,8.535,8.975000000000001,0.0,0.006704401969909668,0.010641434803436375,0.003886109124869108,33.4,5.7,12.4,0.9173333333333333,10,0
20,1.5,1.5,1.5,0.375,PP,6,6,2,2,10,1.0,7.8,8.375,0.0,0.08939058780670166,0.09391257815428519,0.00447255140170455,2086.8,12.0,54.0,0.64,10,0
20,1.5,1.5,1.5,0.375,PP,6,6,4,4,10,1.0,8.525,8.875,0.0,0.020537424087524413,0.02461984152077017,0.004030500259250403,153.9,8.0,24.0,0.8400000000000001,10,0
20,1.5,1.5,1.5,0.375,PP,6,6,6,6,10,1.0,8.665000000000001,9.075,0.0,0.0035467624664306642,0.0072699391940180295,0.003672473505139351,1.0,4.7,8.2,0.9453333333333334,10,0
20,1.5,1.5,1.5,0.375,PP,6,6,8,8,10,1.0,8.665000000000001,9.075,0.0,0.003438305854797363,0.0072049879302345755,0.0037161985412240027,1.0,4.7,8.2,0.9453333333333334,10,0
20,1.5,1.5,1.5,0.375,PP,8,8,2,2,10,1.0,7.8,8.375,0.0,0.09015629291534424,0.09479446569805021,0.004586992599070072,2065.1,12.0,54.0,0.64,10,0
20,1.5,1.5,1.5,0.375,PP,8,8,4,4,10,1.0,8.525,8.875,0.0,0.020037913322448732,0.0243014065709384,0.004210935160517693,143.8,8.0,24.0,0.8400000000000001,10,0
20,1.5,1.5,1.5,0.375,PP,8,8,6,6,10,1.0,8.665000000000001,9.075,0.0,0.003102827072143555,0.006876920708623601,0.0037229196168482304,1.0,4.4,7.3,0.9513333333333334,10,0
20,1.5,1.5,1.5,0.375,PP,8,8,8,8,10,1.0,8.665000000000001,9.075,0.0,0.0031969547271728516,0.007057080313131142,0.003810075018554926,1.0,4.4,7.3,0.9513333333333334,10,0
20,2.0,2.0,2.0,0.5,CHP,2,2,NA,NA,10,1.0,8.52,8.2,0.0,0.04566969871520996,0.05105756348496775,0.0053173800930380825,755.0,9.4,32.4,0.784,0,0
20,2.0,2.0,2.0,0.5,CHP,4,4,NA,NA,10,1.0,9.045,8.675,0.0,0.004623126983642578,0.00887532341996174,0.004196653235703706,9.2,5.0,9.1,0.9393333333333332,0,0
20,2.0,2.0,2.0,0.5,CHP,6,6,NA,NA,10,1.0,9.425,9.425,0.0,0.003255915641784668,0.007465483909507941,0.0041534919291734695,1.0,4.3,6.9,0.954,0,0
20,2.0,2.0,2.0,0.5,CHP,8,8,NA,NA,10,1.0,9.65,9.425,0.0,0.002769184112548828,0.007021263300479604,0.004195781704038381,1.0,4.0,6.0,0.96,0,0
20,2.0,2.0,2.0,0.5,NP,NA,NA,1,1,10,1.0,8.465,8.2,0.0,6.0738361120224,6.081706678648997,0.007802762370556593,67792.6,20.0,150.0,0.0,0,0
20,2.0,2.0,2.0,0.5,PP,2,2,2,2,10,1.0,8.5,8.2,0.0,0.19340126514434813,0.19970662018357907,0.006235061399638653,5410.2,13.3,66.3,0.558,10,0
20,2.0,2.0,2.0,0.5,PP,2,2,4,4,10,1.0,8.52,8.2,0.0,0.059243273735046384,0.06438420436458783,0.005079535488039255,1044.2,10.1,37.9,0.7473333333333333,10,0
20,2.0,2.0,2.0,0.5,PP,2,2,6,6,10,1.0,8.52,8.2,0.0,0.041142511367797854,0.04611374216513772,0.004912015236914158,755.0,9.4,32.4,0.784,10,0
20,2.0,2.0,2.0,0.5,PP,2,2,8,8,10,1.0,8.52,8.2,0.0,0.04287528991699219,0.04805537915474582,0.005118654668331146,755.0,9.4,32.4,0.784,10,0
20,2.0,2.0,2.0,0.5,PP,4,4,2,2,10,1.0,8.620000000000001,8.2,0.0,0.10529301166534424,0.11038470482268706,0.005031747277826071,2460.5,12.0,54.0,0.64,10,0
20,2.0,2.0,2.0,0.5,PP,4,4,4,4,10,1.0,8.945,8.675,0.0,0.025197982788085938,0.030147501319440557,0.004887344501912594,204.3,8.1,24.6,0.836,10,0
20,2.0,2.0,2.0,0.5,PP,4,4,6,6,10,1.0,9.045,8.675,0.0,0.004679822921752929,0.0091942529529974,0.00445524575188756,9.2,5.0,9.1,0.9393333333333332,10,0
20,2.0,2.0,2.0,0.5,PP,4,4,8,8,10,1.0,9.045,8.675,0.0,0.0046275615692138675,0.008857998249244357,0.004175436031073332,9.2,5.0,9.1,0.9393333333333332,10,0
20,2.0,2.0,2.0,0.5,PP,6,6,2,2,10,1.0,8.760000000000002,8.575,0.0,0.10777840614318848,0.11320047547074652,0.005357887130230665,2283.4,12.0,54.0,0.64,10,0
20,2.0,2.0,2.0,0.5,PP,6,6,4,4,10,1.0,9.325,9.425,0.0,0.021726059913635253,0.026748787269371792,0.004958527442067861,160.2,8.0,24.0,0.8400000000000001,10,0
20,2.0,2.0,2.0,0.5,PP,6,6,6,6,10,1.0,9.425,9.425,0.0,0.003212571144104004,0.007464052188167572,0.004196340683847666,1.0,4.3,6.9,0.954,10,0
20,2.0,2.0,2.0,0.5,PP,6,6,8,8,10,1.0,9.425,9.425,0.0,0.0031364917755126952,0.007406154477917098,0.004212901461869478,1.0,4.3,6.9,0.954,10,0
20,2.0,2.0,2.0,0.5,PP,8,8,2,2,10,1.0,8.8,8.725000000000001,0.0,0.10614528656005859,0.1115546733105143,0.005342279747128487,2430.7,12.0,54.0,0.64,10,0
20,2.0,2.0,2.0,0.5,PP,8,8,4,4,10,1.0,9.415000000000001,9.425,0.0,0.021738219261169433,0.026804953538283445,0.005000827461481094,156.7,8.0,24.0,0.8400000000000001,10,0
20,2.0,2.0,2.0,0.5,PP,8,8,6,6,10,1.0,9.65,9.425,0.0,0.002856278419494629,0.007189757366578818,0.004276199173182249,1.0,4.0,6.0,0.96,10,0
20,2.0,2.0,2.0,0.5,PP,8,8,8,8,10,1.0,9.65,9.425,0.0,0.002781391143798828,0.006975056228237009,0.004136793594807386,1.0,4.0,6.0,0.96,10,0
20,2.5,2.5,2.5,0.625,CHP,2,2,NA,NA,10,1.0,9.065000000000001,8.725,0.0,0.021941494941711426,0.026717991705579903,0.004721655137836933,293.3,6.9,18.5,0.8766666666666666,0,0
20,2.5,2.5,2.5,0.625,CHP,4,4,NA,NA,10,1.0,9.235,9.15,0.0,0.004540681838989258,0.008400591093244314,0.0038094189949333668,11.3,4.8,8.7,0.942,0,0
20,2.5,2.5,2.5,0.625,CHP,6,6,NA,NA,10,1.0,9.690000000000001,9.825,0.0,0.002835536003112793,0.006534025422970724,0.003650022204965353,1.0,4.1,6.3,0.958,0,0
20,2.5,2.5,2.5,0.625,CHP,8,8,NA,NA,10,1.0,9.690000000000001,9.825,0.0,0.0029183626174926758,0.006613523657873106,0.0036459921859204767,1.0,4.0,6.0,0.96,0,0
20,2.5,2.5,2.5,0.625,NP,NA,NA,1,1,10,1.0,8.98,8.725,0.0,4.628884625434876,4.635067421804557,0.006127600558102131,58835.0,20.0,150.0,0.0,0,0
20,2.5,2.5,2.5,0.625,PP,2,2,2,2,10,1.0,9.015,8.725,0.0,0.11900057792663574,0.1239575995383555,0.00490337386727333,2940.9,12.3,56.7,0.6220000000000001,10,0
20,2.5,2.5,2.5,0.625,PP,2,2,4,4,10,1.0,9.065000000000001,8.725,0.0,0.03435347080230713,0.03878546066271868,0.004378856997936964,478.9,8.7,28.6,0.8093333333333333,10,0
20,2.5,2.5,2.5,0.625,PP,2,2,6,6,10,1.0,9.065000000000001,8.725,0.0,0.0209531307220459,0.02518182311225195,0.004176818672567606,293.3,6.9,18.5,0.8766666666666666,10,0
20,2.5,2.5,2.5,0.625,PP,2,2,8,8,10,1.0,9.065000000000001,8.725,0.0,0.020768213272094726,0.024827111674365188,0.004006915632635355,293.3,6.9,18.5,0.8766666666666666,10,0
20,2.5,2.5,2.5,0.625,PP,4,4,2,2,10,1.0,9.015,8.725,0.0,0.10009372234344482,0.10476999232208475,0.004624210391193628,2077.2,12.0,54.0,0.64,10,0
20,2.5,2.5,2.5,0.625,PP,4,4,4,4,10,1.0,9.235,9.15,0.0,0.02302727699279785,0.027149388549089288,0.004070413485169411,165.8,8.0,24.0,0.8400000000000001,10,0
20,2.5,2.5,2.5,0.625,PP,4,4,6,6,10,1.0,9.235,9.15,0.0,0.0043514490127563475,0.008274072634068633,0.0038704055361449717,11.3,4.8,8.7,0.942,10,0
20,2.5,2.5,2.5,0.625,PP,4,4,8,8,10,1.0,9.235,9.15,0.0,0.004330992698669434,0.008196861641470718,0.003814570978283882,11.3,4.8,8.7,0.942,10,0
20,2.5,2.5,2.5,0.625,PP,6,6,2,2,10,1.0,9.015,8.725,0.0,0.0945131778717041,0.09915171839864641,0.004587237536907196,1762.9,12.0,54.0,0.64,10,0
20,2.5,2.5,2.5,0.625,PP,6,6,4,4,10,1.0,9.305,9.15,0.0,0.02194850444793701,0.026140601924895,0.004140322376042604,168.0,8.0,24.0,0.8400000000000001,10,0
20,2.5,2.5,2.5,0.625,PP,6,6,6,6,10,1.0,9.690000000000001,9.825,0.0,0.003059720993041992,0.0069518313056004515,0.003839181177318096,1.0,4.1,6.3,0.958,10,0
20,2.5,2.5,2.5,0.625,PP,6,6,8,8,10,1.0,9.690000000000001,9.825,0.0,0.0028629064559936523,0.006694251051925516,0.003780665807425976,1.0,4.1,6.3,0.958,10,0
20,2.5,2.5,2.5,0.625,PP,8,8,2,2,10,1.0,9.015,8.725,0.0,0.09426758289337159,0.0987831463463151,0.004466308653354645,1762.9,12.0,54.0,0.64,10,0
20,2.5,2.5,2.5,0.625,PP,8,8,4,4,10,1.0,9.305,9.15,0.0,0.021587228775024413,0.025846118690152027,0.0042049577459692955,168.0,8.0,24.0,0.8400000000000001,10,0
20,2.5,2.5,2.5,0.625,PP,8,8,6,6,10,1.0,9.690000000000001,9.825,0.0,0.0028401613235473633,0.006683496810229159,0.0037916463799774645,1.0,4.0,6.0,0.96,10,0
20,2.5,2.5,2.5,0.625,PP,8,8,8,8,10,1.0,9.690000000000001,9.825,0.0,0.002882075309753418,0.006538604423210191,0.0036064665764570236,1.0,4.0,6.0,0.96,10,0
40,0.5,0.5,0.5,0.125,CHP,2,2,NA,NA,10,1.0,2.5375,2.4125,0.0,11.237479567527771,11.252157181204296,0.01459743371233344,107144.2,30.9,356.4,0.40599999999999997,0,0
40,0.5,0.5,0.5,0.125,CHP,4,4,NA,NA,10,1.0,2.7600000000000002,2.575,0.0,0.6264801979064941,0.6382408954189133,0.011675453651696444,8548.6,24.5,224.8,0.6253333333333334,0,0
40,0.5,0.5,0.5,0.125,CHP,6,6,NA,NA,10,1.0,3.3225000000000002,2.9625,0.0,0.06446270942687989,0.07356898420200034,0.009031860809773206,113.4,20.2,153.4,0.7443333333333333,0,0
40,0.5,0.5,0.5,0.125,CHP,8,8,NA,NA,10,1.0,5.1475,4.1625,3.253579112695973e-14,0.036676788330078126,0.04481322458855128,0.00805757213383913,141.4,16.8,104.8,0.8253333333333334,0,0
40,0.5,0.5,0.5,0.125,NP,NA,NA,1,1,10,0.9,2.5374999962499896,2.4125,0.005168896506204878,65.72464063167573,65.74610760699726,0.021382632665336132,347835.5,40.0,600.0,0.0,0,0
40,0.5,0.5,0.5,0.125,PP,2,2,2,2,10,0.9,2.537499926190711,2.4124996309535565,0.014319457434560801,61.14984664916992,61.16419598117311,0.014269999787211418,750799.6,32.7,401.1,0.3315,9,0
40,0.5,0.5,0.5,0.125,PP,2,2,4,4,10,1.0,2.5374999959999354,2.4125,0.0,12.195528483390808,12.20957561330918,0.013965166918933392,106801.6,31.0,359.3,0.40116666666666667,9,0
40,0.5,0.5,0.5,0.125,PP,2,2,6,6,10,1.0,2.5375,2.4125,0.0,11.730570197105408,11.744724561075682,0.014070581272244453,107144.2,30.9,356.4,0.40599999999999997,9,0
40,0.5,0.5,0.5,0.125,PP,2,2,8,8,10,1.0,2.5375,2.4125,0.0,11.85068645477295,11.865441762656186,0.014667109958827496,107144.2,30.9,356.4,0.40599999999999997,9,0
40,0.5,0.5,0.5,0.125,PP,4,4,2,2,10,1.0,2.6149999987499837,2.575,0.0,7.866292190551758,7.878925925908436,0.012553016562014819,72325.5,28.9,313.6,0.47733333333333333,9,0
40,0.5,0.5,0.5,0.125,PP,4,4,4,4,10,1.0,2.7525,2.575,0.0,1.6739831924438477,1.6844817155965077,0.010423756949603558,28736.3,25.2,239.0,0.6016666666666667,9,0
40,0.5,0.5,0.5,0.125,PP,4,4,6,6,10,1.0,2.7600000000000002,2.575,0.0,0.6415205955505371,0.6524874814977779,0.01088967164978385,8754.2,24.6,226.6,0.6223333333333334,9,0
40,0.5,0.5,0.5,0.125,PP,4,4,8,8,10,1.0,2.7600000000000002,2.575,0.0,0.6052103996276855,0.6159134119461472,0.010620102286338806,8548.6,24.5,224.8,0.6253333333333334,9,0
40,0.5,0.5,0.5,0.125,PP,6,6,2,2,10,1.0,2.62749991417578,2.5749995708789015,0.0,0.5980211973190308,0.6096097328277894,0.011507538240402937,7203.1,27.1,276.1,0.5398333333333334,9,0
40,0.5,0.5,0.5,0.125,PP,6,6,4,4,10,1.0,2.9675000000000002,2.8375,0.0,0.08822259902954102,0.09750429325956286,0.009203801676630975,578.8,21.5,174.6,0.709,9,0
40,0.5,0.5,0.5,0.125,PP,6,6,6,6,10,1.0,3.0975,2.8375,0.0,0.068367600440979,0.07775129367751593,0.009308086428791284,142.2,20.6,159.8,0.7336666666666667,9,0
40,0.5,0.5,0.5,0.125,PP,6,6,8,8,10,1.0,3.2674999999999996,2.9625,0.0,0.06964612007141113,0.07848790770810546,0.00876405518501997,124.7,20.3,154.9,0.7418333333333333,9,0
40,0.5,0.5,0.5,0.125,PP,8,8,2,2,10,1.0,2.8174999733332635,2.9,0.0,0.3063668727874756,0.317893211421499,0.011445306055247784,3334.4,25.2,237.8,0.6036666666666666,9,0
40,0.5,0.5,0.5,0.125,PP,8,8,4,4,10,1.0,3.4325,3.0625,0.0,0.06293480396270752,0.07137116155868654,0.008359485957771539,247.3,19.3,139.2,0.768,9,0
40,0.5,0.5,0.5,0.125,PP,8,8,6,6,10,1.0,3.925,3.6500000000000004,4.986935234511225e-14,0.0341489315032959,0.04159495000367589,0.007377367839217186,105.2,17.5,114.1,0.8098333333333333,9,0
40,0.5,0.5,0.5,0.125,PP,8,8,8,8,10,1.0,4.76,4.1625,0.0,0.03770360946655273,0.045414816376367996,0.007637898717075586,142.7,17.0,107.1,0.8215,9,0
40,1.0,1.0,1.0,0.25,CHP,2,2,NA,NA,10,1.0,7.9275,7.5125,0.0,10.572444844245911,10.582108885785141,0.009572803601622581,87319.9,22.4,188.8,0.6853333333333333,0,0
40,1.0,1.0,1.0,0.25,CHP,4,4,NA,NA,10,1.0,8.4175,7.875,0.0,0.28121585845947267,0.28862639701875736,0.007326813414692879,5187.2,15.0,84.3,0.8595,0,0
40,1.0,1.0,1.0,0.25,CHP,6,6,NA,NA,10,1.0,9.577499999999999,9.0375,0.0,0.06394782066345214,0.07078177444138785,0.006754176970571279,726.4,11.4,49.4,0.9176666666666666,0,0
40,1.0,1.0,1.0,0.25,CHP,8,8,NA,NA,10,1.0,10.3325,10.35,0.0,0.03410489559173584,0.04015457361157231,0.0059663508087396625,342.0,9.3,33.7,0.9438333333333333,0,0
40,1.0,1.0,1.0,0.25,NP,NA,NA,1,1,10,0.2,7.95,7.3375,0.30660744612738206,548.6251140832901,548.6476636208008,0.022461479995399714,2164964.4,40.0,600.0,0.0,0,0
40,1.0,1.0,1.0,0.25,PP,2,2,2,2,10,1.0,7.8775,7.5125,0.0,126.79413039684296,126.80741387240792,0.01318321293219924,947612.2,27.7,287.7,0.5205,2,0
40,1.0,1.0,1.0,0.25,PP,2,2,4,4,10,1.0,7.9275,7.5125,0.0,12.322211194038392,12.331988384986847,0.009689222648739814,121822.5,23.2,202.4,0.6626666666666667,2,0
40,1.0,1.0,1.0,0.25,PP,2,2,6,6,10,1.0,7.9275,7.5125,0.0,11.33266716003418,11.342197964107608,0.009444393403828143,92340.4,22.5,190.5,0.6825,2,0
40,1.0,1.0,1.0,0.25,PP,2,2,8,8,10,1.0,7.9275,7.5125,0.0,10.766666722297668,10.775885657425977,0.009135257825255394,87319.9,22.4,188.8,0.6853333333333333,2,0
40,1.0,1.0,1.0,0.25,PP,4,4,2,2,10,1.0,8.0625,7.7625,0.0,49.05701990127564,49.0689232025576,0.011813377682119607,483566.1,24.5,225.4,0.6243333333333333,2,0
40,1.0,1.0,1.0,0.25,PP,4,4,4,4,10,1.0,8.345,7.8374999999999995,0.0,0.9295779943466187,0.9371826843747583,0.007521866634488106,18272.8,17.3,112.5,0.8125,2,0
40,1.0,1.0,1.0,0.25,PP,4,4,6,6,10,1.0,8.4175,7.875,0.0,0.38880746364593505,0.396843716266888,0.007951856404542924,7065.1,15.8,93.4,0.8443333333333334,2,0
40,1.0,1.0,1.0,0.25,PP,4,4,8,8,10,1.0,8.41,7.875,0.0,0.29162638187408446,0.2993243456839278,0.007612776849418879,6061.3,15.4,89.0,0.8516666666666668,2,0
40,1.0,1.0,1.0,0.25,PP,6,6,2,2,10,1.0,8.2075,8.15,0.0,22.378993415832518,22.38898987979129,0.009913574252277613,245309.9,23.3,204.0,0.6599999999999999,2,0
40,1.0,1.0,1.0,0.25,PP,6,6,4,4,10,1.0,8.8,8.35,0.0,0.409755802154541,0.41706037773758464,0.007220529951155186,11060.3,15.1,86.0,0.8566666666666667,2,0
40,1.0,1.0,1.0,0.25,PP,6,6,6,6,10,1.0,9.1975,9.0375,0.0,0.11470391750335693,0.12180337437216145,0.007011687103658915,2414.4,12.8,61.7,0.8971666666666666,2,0
40,1.0,1.0,1.0,0.25,PP,6,6,8,8,10,1.0,9.145,9.0375,0.0,0.08139164447784424,0.08777400053188353,0.006303606554865837,1213.5,12.2,55.9,0.9068333333333334,2,0
40,1.0,1.0,1.0,0.25,PP,8,8,2,2,10,1.0,8.2075,8.2125,0.0,18.916027355194093,18.925266044954313,0.009162245318293571,216427.3,22.7,193.6,0.6773333333333332,2,0
40,1.0,1.0,1.0,0.25,PP,8,8,4,4,10,1.0,8.965,8.4625,3.1923670056650216e-14,0.20020132064819335,0.20687556308677735,0.006591524928808212,5494.5,14.1,74.8,0.8753333333333334,2,0
40,1.0,1.0,1.0,0.25,PP,8,8,6,6,10,1.0,9.42,9.05,0.0,0.07341213226318359,0.07987277156490774,0.0063795046880841255,1016.9,11.6,51.1,0.9148333333333334,2,0
40,1.0,1.0,1.0,0.25,PP,8,8,8,8,10,1.0,9.845,10.087499999999999,3.610633198018362e-14,0.053963446617126466,0.0603956823472742,0.0063518955372273925,648.5,10.6,42.3,0.9295,2,0
40,1.5,1.5,1.5,0.375,CHP,2,2,NA,NA,10,1.0,11.782499998571428,11.2875,0.0,7.566326928138733,7.573446564870818,0.007052340824156999,125024.5,18.2,123.1,0.7948333333333333,0,0
40,1.5,1.5,1.5,0.375,CHP,4,4,NA,NA,10,1.0,12.657499737676952,12.25,0.0,0.08016278743743896,0.08556070776113948,0.005339154228568077,2456.4,11.0,44.9,0.9251666666666667,0,0
40,1.5,1.5,1.5,0.375,CHP,6,6,NA,NA,10,1.0,13.99,13.625,2.2857459274310826e-14,0.020828676223754884,0.025648759301555253,0.0047643986530601975,281.0,7.1,18.7,0.9688333333333332,0,0
40,1.5,1.5,1.5,0.375,CHP,8,8,NA,NA,10,1.0,14.647499999999999,14.225,5.604070045510127e-14,0.010525012016296386,0.015031473552272462,0.004452582355588675,52.2,6.0,13.4,0.9776666666666667,0,0
40,1.5,1.5,1.5,0.375,NP,NA,NA,1,1,10,0.0,12.0325,11.5,0.5230177750057414,600.0120341062545,600.3804450546145,0.3683178208768368,1359435.8,40.0,600.0,0.0,0,0
40,1.5,1.5,1.5,0.375,PP,2,2,2,2,10,0.6,11.787499956385844,11.4375,0.10771957961557918,387.53183259963987,387.54282058088376,0.010893379896879196,2897445.3,25.9,251.5,0.5808333333333333,0,0
40,1.5,1.5,1.5,0.375,PP,2,2,4,4,10,1.0,11.7375,11.2875,0.0,26.22840929031372,26.235986873265016,0.007503090519458055,422969.4,20.2,152.6,0.7456666666666667,0,0
40,1.5,1.5,1.5,0.375,PP,2,2,6,6,10,1.0,11.7775,11.2875,0.0,8.300728678703308,8.307850271490711,0.007054964080452919,137431.7,18.7,130.2,0.783,0,0
40,1.5,1.5,1.5,0.375,PP,2,2,8,8,10,1.0,11.737499998571428,11.2875,0.0,7.889272832870484,7.896401831446754,0.0070645083673298355,132025.0,18.4,126.5,0.7891666666666667,0,0
40,1.5,1.5,1.5,0.375,PP,4,4,2,2,10,0.9,11.942499999999999,11.1625,0.01215495858417821,170.59154098033906,170.60289795197835,0.01125117214396596,1581548.8,22.7,193.4,0.6776666666666666,0,0
40,1.5,1.5,1.5,0.375,PP,4,4,4,4,10,1.0,12.6125,12.25,0.0,1.0881937980651855,1.094489649167645,0.006224479898810387,30050.0,15.1,85.2,0.858,0,0
40,1.5,1.5,1.5,0.375,PP,4,4,6,6,10,1.0,12.51,12.0,0.0,0.240549898147583,0.24633393187427993,0.0057215699926018715,9075.6,12.8,60.8,0.8986666666666666,0,0
40,1.5,1.5,1.5,0.375,PP,4,4,8,8,10,1.0,12.63749973767695,12.25,0.0,0.10772480964660644,0.11340016060854188,0.005614421796053648,3583.4,11.7,50.6,0.9156666666666666,0,0
40,1.5,1.5,1.5,0.375,PP,6,6,2,2,10,1.0,12.2425,11.8,0.0,136.65057990550994,136.66211380649662,0.011427900567650796,1852736.3,21.3,170.2,0.7163333333333333,0,0
40,1.5,1.5,1.5,0.375,PP,6,6,4,4,10,1.0,12.9875,12.5625,0.0,0.213372802734375,0.2190572437665593,0.005617680773139,8841.6,13.1,64.3,0.8928333333333333,0,0
40,1.5,1.5,1.5,0.375,PP,6,6,6,6,10,1.0,13.4475,13.125,0.0,0.0719611644744873,0.07709809252711863,0.0050787731073796746,1818.1,9.9,36.4,0.9393333333333332,0,0
40,1.5,1.5,1.5,0.375,PP,6,6,8,8,10,1.0,13.505,13.15,0.0,0.03962571620941162,0.04450399134659734,0.004820433910936117,804.1,9.1,30.9,0.9484999999999999,0,0
40,1.5,1.5,1.5,0.375,PP,8,8,2,2,10,1.0,12.3225,11.8,0.0,83.54885668754578,83.55956855833122,0.010607456788420677,1121402.4,20.6,159.1,0.7348333333333332,0,0
40,1.5,1.5,1.5,0.375,PP,8,8,4,4,10,1.0,13.0275,12.6625,0.0,0.167824387550354,0.17348408494899512,0.005592677462846041,6016.0,12.5,58.6,0.9023333333333333,0,0
40,1.5,1.5,1.5,0.375,PP,8,8,6,6,10,1.0,13.63,13.125,0.0,0.07066543102264404,0.07570020363606615,0.004977022856473922,1112.2,9.2,31.7,0.9471666666666666,0,0
40,1.5,1.5,1.5,0.375,PP,8,8,8,8,10,1.0,13.844999999999999,13.4375,0.0,0.03084902763366699,0.0355466225295528,0.004642551206052304,393.7,8.5,27.1,0.9548333333333334,0,0
40,2.0,2.0,2.0,0.5,CHP,2,2,NA,NA,10,1.0,14.1725,14.787500000000001,0.0,2.2434654712677,2.250779265498581,0.007222212105989456,35141.5,14.3,77.3,0.8711666666666666,0,0
40,2.0,2.0,2.0,0.5,CHP,4,4,NA,NA,10,1.0,15.065000000000001,15.125,0.0,0.02888197898864746,0.034598293989036084,0.0056397953070700165,454.6,7.5,21.5,0.9641666666666666,0,0
40,2.0,2.0,2.0,0.5,CHP,6,6,NA,NA,10,1.0,16.142500000000002,16.3125,1.6348922886854752e-14,0.00886380672454834,0.01438941353755517,0.005443915817886591,33.0,5.5,11.5,0.9808333333333333,0,0
40,2.0,2.0,2.0,0.5,CHP,8,8,NA,NA,10,1.0,16.4625,16.3125,3.485947210563069e-14,0.004096031188964844,0.009559748214664411,0.005388701148331165,1.0,4.5,7.6,0.9873333333333333,0,0
40,2.0,2.0,2.0,0.5,NP,NA,NA,1,1,10,0.0,14.169999999999998,14.787500000000001,0.5065595818233684,600.0133311986923,600.0356606378369,0.022239018604159354,1435298.8,40.0,600.0,0.0,0,0
40,2.0,2.0,2.0,0.5,PP,2,2,2,2,10,0.9,14.12,14.787500000000001,0.010373247310106337,299.27755150794985,299.2886384439414,0.010997028555721045,2859802.2,24.6,226.4,0.6226666666666667,0,0
40,2.0,2.0,2.0,0.5,PP,2,2,4,4,10,1.0,14.1725,14.787500000000001,0.0,6.649199914932251,6.6569640920937445,0.007680203393101692,79672.0,17.3,112.0,0.8133333333333332,0,0
40,2.0,2.0,2.0,0.5,PP,2,2,6,6,10,1.0,14.1725,14.787500000000001,0.0,2.3254327058792112,2.3327186332665697,0.007202576473355293,39462.5,15.2,86.5,0.8558333333333333,0,0
40,2.0,2.0,2.0,0.5,PP,2,2,8,8,10,1.0,14.1725,14.787500000000001,0.0,2.124604678153992,2.1316992338609015,0.007011395413428545,35924.2,14.5,79.6,0.8673333333333334,0,0
40,2.0,2.0,2.0,0.5,PP,4,4,2,2,10,1.0,14.257499999999999,14.8375,0.0,116.25055990219116,116.25987179067018,0.009227726981043816,1487714.6,21.8,178.1,0.7031666666666666,0,0
40,2.0,2.0,2.0,0.5,PP,4,4,4,4,10,1.0,14.522499999999999,15.0375,2.366618157799654e-14,0.4006047248840332,0.40772202336044583,0.007032774388790131,12660.5,13.6,69.3,0.8845000000000001,0,0
40,2.0,2.0,2.0,0.5,PP,4,4,6,6,10,1.0,14.6725,14.8375,0.0,0.08699049949645996,0.0931253656745545,0.006053991243243217,1714.0,10.0,37.6,0.9373333333333334,0,0
40,2.0,2.0,2.0,0.5,PP,4,4,8,8,10,1.0,14.872499999999999,15.125,3.826975713838711e-14,0.052004075050354,0.05830226323161206,0.006215418968349695,1029.0,9.4,33.4,0.9443333333333334,0,0
40,2.0,2.0,2.0,0.5,PP,6,6,2,2,10,1.0,14.2775,14.8875,0.0,81.90492849349975,81.91416067803561,0.009146103169769049,1344494.6,20.8,162.3,0.7295,0,0
40,2.0,2.0,2.0,0.5,PP,6,6,4,4,10,1.0,14.59,15.1375,0.0,0.264863395690918,0.2722375258142954,0.007284175418317318,7164.7,12.7,60.6,0.899,0,0
40,2.0,2.0,2.0,0.5,PP,6,6,6,6,10,1.0,15.1125,14.8875,2.2604659173441944e-14,0.05685157775878906,0.06274685389191752,0.005812863353639841,769.9,8.8,29.0,0.9516666666666665,0,0
40,2.0,2.0,2.0,0.5,PP,6,6,8,8,10,1.0,15.62,16.112499999999997,0.0,0.0330521821975708,0.03913701771200319,0.006000154372304678,346.4,8.5,27.2,0.9546666666666667,0,0
40,2.0,2.0,2.0,0.5,PP,8,8,2,2,10,1.0,14.2775,14.8875,0.0,81.24650099277497,81.25548925818397,0.008904228452593088,1207680.3,20.2,153.0,0.745,0,0
40,2.0,2.0,2.0,0.5,PP,8,8,4,4,10,1.0,14.59,15.1375,2.2572262178337458e-14,0.16340553760528564,0.17004800259981256,0.0065579450689256195,4441.7,12.2,55.8,0.907,0,0
40,2.0,2.0,2.0,0.5,PP,8,8,6,6,10,1.0,15.352500000000001,14.8875,0.0,0.042279386520385744,0.04772198899872365,0.005371453333646059,597.1,8.3,25.8,0.9570000000000001,0,0
40,2.0,2.0,2.0,0.5,PP,8,8,8,8,10,1.0,15.9025,16.112499999999997,0.0,0.027620339393615724,0.033121682802815584,0.005427205096930265,245.7,8.2,25.2,0.958,0,0
40,2.5,2.5,2.5,0.625,CHP,2,2,NA,NA,10,1.0,15.85,16.0125,0.0,0.0861295223236084,0.09213301966970053,0.00592166194692254,1888.4,10.0,37.3,0.9378333333333334,0,0
40,2.5,2.5,2.5,0.625,CHP,4,4,NA,NA,10,1.0,16.145,16.2375,0.0,0.009135985374450683,0.014498292234959173,0.005294714495539666,31.6,5.6,11.3,0.9811666666666665,0,0
40,2.5,2.5,2.5,0.625,CHP,6,6,NA,NA,10,1.0,16.4575,16.475,0.0,0.004259181022644043,0.00949947411471858,0.005172537826001644,1.0,4.5,7.5,0.9875,0,0
40,2.5,2.5,2.5,0.625,CHP,8,8,NA,NA,10,1.0,16.715,16.6625,0.0,0.0042999029159545895,0.010029210749396516,0.0056551526300609115,1.0,4.3,6.9,0.9884999999999999,0,0
40,2.5,2.5,2.5,0.625,NP,NA,NA,1,1,10,0.0,15.930000000000001,16.075,0.47270001034341524,600.0109667778015,600.0351253208994,0.024056621920317413,1638110.1,40.0,600.0,0.0,0,0
40,2.5,2.5,2.5,0.625,PP,2,2,2,2,10,1.0,15.85,16.0125,4.779579001041729e-06,120.41749756336212,120.42727346222532,0.009688017144799232,1213345.4,22.7,192.8,0.6786666666666666,0,0
40,2.5,2.5,2.5,0.625,PP,2,2,4,4,10,1.0,15.85,16.0125,2.9609853436158205e-06,0.971076250076294,0.9791735073269884,0.008009891863912344,25419.6,14.8,82.1,0.8631666666666666,0,0
40,2.5,2.5,2.5,0.625,PP,2,2,6,6,10,1.0,15.849998584510848,16.0125,0.0,0.289802622795105,0.2962760065669643,0.006396086793392897,7634.6,12.2,56.2,0.9063333333333332,0,0
40,2.5,2.5,2.5,0.625,PP,2,2,8,8,10,1.0,15.85,16.0125,0.0,0.18346009254455567,0.18964407460487442,0.00610685097053647,3966.4,11.1,46.1,0.9231666666666667,0,0
40,2.5,2.5,2.5,0.625,PP,4,4,2,2,10,1.0,15.89,16.0625,0.0,92.33370969295501,92.34220785930556,0.008418480772525072,1178831.9,21.2,168.3,0.7194999999999999,0,0
40,2.5,2.5,2.5,0.625,PP,4,4,4,4,10,1.0,15.89,16.0625,0.0,0.288117790222168,0.2947363948865803,0.006521639041602611,8886.3,12.8,61.4,0.8976666666666666,0,0
40,2.5,2.5,2.5,0.625,PP,4,4,6,6,10,1.0,16.142500000000002,16.2375,0.0,0.06674337387084961,0.07277459865242172,0.005948951374739409,1089.0,9.2,31.3,0.9478333333333333,0,0
40,2.5,2.5,2.5,0.625,PP,4,4,8,8,10,1.0,16.145,16.2375,1.6590744842205712e-14,0.04156007766723633,0.047764555455203916,0.006126202363520861,503.1,8.6,27.6,0.954,0,0
40,2.5,2.5,2.5,0.625,PP,6,6,2,2,10,1.0,15.91,16.125,0.0,67.28998005390167,67.2989160759034,0.008853980153799058,1197174.1,20.2,153.0,0.745,0,0
40,2.5,2.5,2.5,0.625,PP,6,6,4,4,10,1.0,15.91,16.125,0.0,0.199560284614563,0.20600042888450107,0.006354392692446709,6017.6,12.1,54.9,0.9085000000000001,0,0
40,2.5,2.5,2.5,0.625,PP,6,6,6,6,10,1.0,16.2225,16.475,0.0,0.04862077236175537,0.05453942772178231,0.0058427278883755205,749.9,8.4,26.4,0.9559999999999998,0,0
40,2.5,2.5,2.5,0.625,PP,6,6,8,8,10,1.0,16.185,16.4375,1.6590744842205712e-14,0.029147243499755858,0.03544827517773905,0.006217342242598534,288.4,8.1,24.6,0.959,0,0
40,2.5,2.5,2.5,0.625,PP,8,8,2,2,10,1.0,15.91,16.125,0.0,63.77220537662506,63.78084583682788,0.008556801825761795,1138698.1,20.1,151.5,0.7474999999999999,0,0
40,2.5,2.5,2.5,0.625,PP,8,8,4,4,10,1.0,15.91,16.125,0.0,0.1669165849685669,0.17293958862128167,0.005945450533181429,4778.0,12.0,54.0,0.9099999999999999,0,0
40,2.5,2.5,2.5,0.625,PP,8,8,6,6,10,1.0,16.232499999999998,16.475,0.0,0.04098823070526123,0.046667592684117985,0.005604738835245371,633.3,8.2,25.2,0.958,0,0
40,2.5,2.5,2.5,0.625,PP,8,8,8,8,10,1.0,16.325,16.5375,1.6590744842205712e-14,0.027921390533447266,0.03359753601335154,0.005601610895246268,292.5,8.0,24.0,0.96,0,0
60,0.5,0.5,0.5,0.125,CHP,2,2,NA,NA,10,0.9,2.8333333277340182,2.533333333333333,0.01832548254260453,66.86278409957886,66.88923462887519,0.02634502649307251,420534.5,44.8,751.2,0.44355555555555554,0,0
60,0.5,0.5,0.5,0.125,CHP,4,4,NA,NA,10,1.0,3.029999989290725,2.9249999589537046,0.0,38.60853502750397,38.626350753395336,0.017724756617099047,222792.0,35.0,453.8,0.6638518518518518,0,0
60,0.5,0.5,0.5,0.125,CHP,6,6,NA,NA,10,1.0,3.6149999999999998,3.458333333333333,0.0,0.4266144514083862,0.4398768927237285,0.013176867738366127,3063.2,28.0,291.7,0.7839259259259259,0,0
60,0.5,0.5,0.5,0.125,CHP,8,8,NA,NA,10,1.0,4.638333333333334,4.733333333333333,0.0,0.11059207916259765,0.1214106809617063,0.010737484507262706,238.7,23.7,210.0,0.8444444444444444,0,0
60,0.5,0.5,0.5,0.125,NP,NA,NA,1,1,10,0.8,2.851666653637826,2.5166666666666666,0.040550171877409884,208.49922728538513,208.5374826963438,0.038163173012435436,769115.4,60.0,1350.0,0.0,0,0
60,0.5,0.5,0.5,0.125,PP,2,2,2,2,10,0.9,2.831663648264069,2.525,0.015571293533955342,71.21284782886505,71.24373081686775,0.030772930849343537,374684.4,47.6,849.1,0.371037037037037,8,0
60,0.5,0.5,0.5,0.125,PP,2,2,4,4,10,0.9,2.8333333277340182,2.533333333333333,0.018452595322979774,67.3759491443634,67.4035271536691,0.027474322449415924,411582.8,44.9,754.3,0.4412592592592593,8,0
60,0.5,0.5,0.5,0.125,PP,2,2,6,6,10,0.9,2.8333333277340182,2.533333333333333,0.0183794020400452,67.23855288028717,67.26719697697668,0.028530713450163604,416791.5,44.8,751.2,0.44355555555555554,8,0
60,0.5,0.5,0.5,0.125,PP,2,2,8,8,10,0.9,2.8333333277340182,2.533333333333333,0.018557002011200578,66.6982134103775,66.72524783510383,0.02693271916359663,404483.8,44.8,751.2,0.44355555555555554,8,0
60,0.5,0.5,0.5,0.125,PP,4,4,2,2,10,0.9,2.8899999933333342,2.583333300000004,0.01458915303022348,65.92703204154968,65.95106568576698,0.02393328957259655,353856.0,42.7,684.4,0.49303703703703705,8,0
60,0.5,0.5,0.5,0.125,PP,4,4,4,4,10,1.0,2.94,2.708333333333333,0.0,35.39713680744171,35.41592927124617,0.018696958571672438,241216.0,36.3,490.9,0.6363703703703705,8,0
60,0.5,0.5,0.5,0.125,PP,4,4,6,6,10,1.0,2.9633333251240743,2.7416666666666667,0.0,37.60914857387543,37.62949425094937,0.020244007371366023,223163.0,35.2,459.6,0.6595555555555557,8,0
60,0.5,0.5,0.5,0.125,PP,4,4,8,8,10,1.0,2.969999989290725,2.7416666666666667,0.0,37.31712186336517,37.3353909674081,0.018174858205020426,222733.5,35.1,457.0,0.6614814814814814,8,0
60,0.5,0.5,0.5,0.125,PP,6,6,2,2,10,1.0,3.1266660894505427,2.7333333333333334,0.0,51.287701916694644,51.307654928748306,0.01986193684861064,321859.1,39.3,580.9,0.5697037037037036,8,0
60,0.5,0.5,0.5,0.125,PP,6,6,4,4,10,1.0,3.478333333333333,3.25,0.0,0.9286755561828614,0.9425948511375498,0.01383059024810791,7334.0,30.2,341.6,0.7469629629629629,8,0
60,0.5,0.5,0.5,0.125,PP,6,6,6,6,10,1.0,3.5633333333333335,3.3833333333333333,0.0,0.43897483348846433,0.45245922872522104,0.013395093847066164,3137.9,28.4,301.1,0.776962962962963,8,0
60,0.5,0.5,0.5,0.125,PP,6,6,8,8,10,1.0,3.5549999999999997,3.3833333333333333,0.0,0.4256051778793335,0.4384681556398767,0.012777158990502357,3041.2,28.1,294.4,0.7819259259259259,8,0
60,0.5,0.5,0.5,0.125,PP,8,8,2,2,10,1.0,3.2316664624759652,2.8916666666666666,0.0,11.183287477493286,11.203141153607385,0.019757025875151157,75058.9,37.3,522.6,0.6128888888888888,8,0
60,0.5,0.5,0.5,0.125,PP,8,8,4,4,10,1.0,3.9283333333333332,3.6166666666666667,0.0,0.1951284170150757,0.20842002858949313,0.013201544154435396,1032.5,26.7,268.2,0.8013333333333333,8,0
60,0.5,0.5,0.5,0.125,PP,8,8,6,6,10,1.0,4.1850000000000005,4.033333333333333,2.7478362823658307e-10,0.12926762104034423,0.14101250376666927,0.01165541997179389,243.0,24.7,229.0,0.8303703703703704,8,0
60,0.5,0.5,0.5,0.125,PP,8,8,8,8,10,1.0,4.3950000000000005,4.1,0.0,0.11214189529418946,0.12255526496301652,0.010334117151796818,228.7,23.8,212.1,0.8428888888888888,8,0
60,1.0,1.0,1.0,0.25,CHP,2,2,NA,NA,10,0.0,12.546666580185372,12.625,0.4422109174715686,600.011985206604,600.029135381624,0.017047769483178855,3705366.6,33.7,425.0,0.6851851851851852,0,0
60,1.0,1.0,1.0,0.25,CHP,4,4,NA,NA,10,1.0,12.645,12.691666666666666,0.0,79.51136922836304,79.52430654354133,0.012815969623625278,884060.9,22.2,181.7,0.8654074074074074,0,0
60,1.0,1.0,1.0,0.25,CHP,6,6,NA,NA,10,1.0,14.151666666666666,13.100000000000001,3.6368112914283326e-14,0.6848675727844238,0.6929042793763217,0.007941951882094145,14595.8,14.2,76.7,0.9431851851851851,0,0
60,1.0,1.0,1.0,0.25,CHP,8,8,NA,NA,10,1.0,17.815,17.008333333333333,5.0319056846360156e-14,0.05118837356567383,0.0577811530611793,0.006506867334246635,486.5,9.8,35.1,0.974,0,0
60,1.0,1.0,1.0,0.25,NP,NA,NA,1,1,10,0.0,13.12,13.341666666666667,0.7040585488071915,600.0161697149276,600.0565729429669,0.0403005875647068,898047.8,60.0,1350.0,0.0,0,0
60,1.0,1.0,1.0,0.25,PP,2,2,2,2,10,0.0,12.614999984731378,12.375,0.5928395232342838,600.01141102314,600.0402469935533,0.028720448445528745,2176981.1,41.6,648.4,0.5197037037037038,0,0
60,1.0,1.0,1.0,0.25,PP,2,2,4,4,10,0.0,12.3966666426461,12.49166658707874,0.45695247964363156,600.0145833015442,600.0328376032676,0.018150728289037944,3650351.7,34.6,448.7,0.6676296296296297,0,0
60,1.0,1.0,1.0,0.25,PP,2,2,6,6,10,0.0,12.546666580185372,12.625,0.4409453745621034,600.0109632730484,600.0332111322443,0.02213544016703963,3877744.7,33.7,425.0,0.6851851851851852,0,0
60,1.0,1.0,1.0,0.25,PP,2,2,8,8,10,0.0,12.546666584572016,12.625,0.44066575735488983,600.0100908994675,600.0281821113698,0.017987650725990532,3964020.9,33.7,425.0,0.6851851851851852,0,0
60,1.0,1.0,1.0,0.25,PP,4,4,2,2,10,0.0,12.638333274800722,12.741666666666667,0.5356367915504412,600.0105951070785,600.0319231383255,0.021217457391321658,2851352.2,36.3,493.9,0.6341481481481481,0,0
60,1.0,1.0,1.0,0.25,PP,4,4,4,4,10,0.4,12.395,12.016666666666667,0.14024831951367878,533.5551466703415,533.56870538936,0.013447958510369062,5540212.5,26.1,254.5,0.8114814814814816,0,0
60,1.0,1.0,1.0,0.25,PP,4,4,6,6,10,0.8,12.545,12.608333333333334,0.0345180375556091,177.5023372411728,177.51412416855902,0.01167869744822383,2144347.4,23.5,205.3,0.8479259259259259,0,0
60,1.0,1.0,1.0,0.25,PP,4,4,8,8,10,0.9,12.620000000000001,12.691666666666666,0.015726609072905372,137.15923409461976,137.1712709121615,0.011935353185981512,1637594.4,22.7,190.7,0.8587407407407408,0,0
60,1.0,1.0,1.0,0.25,PP,6,6,2,2,10,0.1,12.826666666666668,12.566666666666666,0.4446889280285853,587.6357407808304,587.6522929545788,0.01645443495362997,3001466.3,33.7,426.0,0.6844444444444444,0,0
60,1.0,1.0,1.0,0.25,PP,6,6,4,4,10,1.0,12.871666666666666,12.575,0.0,86.91495130062103,86.92570247333126,0.010640466772019862,1242903.7,20.9,164.1,0.8784444444444445,0,0
60,1.0,1.0,1.0,0.25,PP,6,6,6,6,10,1.0,13.231666666666666,13.025,3.0407804788191274e-14,12.705517292022705,12.716460125422056,0.010833852086216211,158929.9,17.4,114.0,0.9155555555555555,0,0
60,1.0,1.0,1.0,0.25,PP,6,6,8,8,10,1.0,13.448333333333334,13.100000000000001,3.851748550701166e-14,2.6995612144470216,2.708302501356969,0.00864409115165472,43464.4,15.5,91.2,0.9324444444444444,0,0
60,1.0,1.0,1.0,0.25,PP,8,8,2,2,10,0.1,12.814999551871088,12.633333333333333,0.4218283348390002,586.568492436409,586.5852760395644,0.016685495711863042,3444212.5,32.6,398.4,0.7048888888888889,0,0
60,1.0,1.0,1.0,0.25,PP,8,8,4,4,10,1.0,13.233333333333334,13.058333333333334,0.0,17.624329614639283,17.63462149280973,0.010193670820444822,236953.1,19.1,136.5,0.8988888888888888,0,0
60,1.0,1.0,1.0,0.25,PP,8,8,6,6,10,1.0,14.101666666666665,14.1,4.365287326061256e-14,0.9292290925979614,0.9370139960806361,0.00769326351583004,18708.4,15.1,84.8,0.9371851851851852,0,0
60,1.0,1.0,1.0,0.25,PP,8,8,8,8,10,1.0,15.35,15.858333333333334,0.0,0.17278974056243895,0.1805442846537161,0.007657528948038816,3681.1,12.5,58.2,0.9568888888888889,0,0
60,1.5,1.5,1.5,0.375,CHP,2,2,NA,NA,10,0.6,14.868333333333334,15.35,0.10311230800811703,419.34198608398435,419.35929167211333,0.01718634832650423,3071191.7,26.4,253.5,0.8122222222222222,0,0
60,1.5,1.5,1.5,0.375,CHP,4,4,NA,NA,10,1.0,15.698333333333334,15.416666666666668,3.110414011895751e-14,1.7080316066741943,1.7168434891498303,0.008703058026731015,14475.1,14.4,72.7,0.9461481481481482,0,0
60,1.5,1.5,1.5,0.375,CHP,6,6,NA,NA,10,1.0,17.57333333333333,17.258333333333333,1.590618475140154e-14,0.057451725006103516,0.06520878006992173,0.0076511325314641,757.6,9.0,29.8,0.9779259259259259,0,0
60,1.5,1.5,1.5,0.375,CHP,8,8,NA,NA,10,1.0,19.45,18.09166666666667,7.061075615675135e-14,0.0156299352645874,0.02257644271708112,0.006847831048071384,41.1,6.3,14.4,0.9893333333333333,0,0
60,1.5,1.5,1.5,0.375,NP,NA,NA,1,1,10,0.0,15.649999970185652,16.358333333333334,0.7090518118832349,600.0166921854019,600.0621799581679,0.04537655850872398,682413.8,60.0,1350.0,0.0,0,0
60,1.5,1.5,1.5,0.375,PP,2,2,2,2,10,0.0,15.289999926703171,15.708333333333332,0.5516819198223213,600.0115879058837,600.0387884816366,0.027073686569929124,1887265.3,38.1,543.0,0.5977777777777777,0,0
60,1.5,1.5,1.5,0.375,PP,2,2,4,4,10,0.0,15.108333267834189,15.533333333333333,0.3358315505862274,600.0142043352128,600.0319720998388,0.017643816769123077,3686227.4,29.7,326.9,0.7578518518518519,0,0
60,1.5,1.5,1.5,0.375,PP,2,2,6,6,10,0.3,14.868333250164739,15.349999584157029,0.15234822497309805,515.4401390314102,515.4561015516432,0.015841019991785287,4083993.0,27.2,270.6,0.7995555555555556,0,0
60,1.5,1.5,1.5,0.375,PP,2,2,8,8,10,0.3,14.868333333333334,15.35,0.1458220157699705,506.4599091768265,506.4752399192518,0.015210608020424843,3799562.0,27.0,266.4,0.8026666666666668,0,0
60,1.5,1.5,1.5,0.375,PP,4,4,2,2,10,0.0,15.215,15.366666666666667,0.48546921902069373,600.013811135292,600.035128791568,0.02119798753410578,2806815.8,34.5,446.1,0.6695555555555556,0,0
60,1.5,1.5,1.5,0.375,PP,4,4,4,4,10,1.0,15.215,15.4,1.5271789936137185e-14,130.7602665424347,130.773693024853,0.013306112214922904,1662804.7,22.1,180.9,0.866,0,0
60,1.5,1.5,1.5,0.375,PP,4,4,6,6,10,1.0,15.468333333333334,15.416666666666668,0.0,16.51033627986908,16.520764345313133,0.010321239661425351,192829.1,18.6,127.1,0.9058518518518518,0,0
60,1.5,1.5,1.5,0.375,PP,4,4,8,8,10,1.0,15.498333333333335,15.416666666666668,0.0,2.1740066528320314,2.1828257426498285,0.008716689981520176,26019.9,16.1,93.5,0.9307407407407406,0,0
60,1.5,1.5,1.5,0.375,PP,6,6,2,2,10,0.0,15.245,15.591666666666667,0.4437177200383168,600.017545390129,600.0353925510589,0.017741214856505393,3064173.4,32.7,401.4,0.7026666666666667,0,0
60,1.5,1.5,1.5,0.375,PP,6,6,4,4,10,1.0,15.568333333333333,15.691666666666666,2.0047993477231104e-11,25.17851266860962,25.189608716403065,0.010977678745985032,348780.9,18.7,131.1,0.9028888888888889,0,0
60,1.5,1.5,1.5,0.375,PP,6,6,6,6,10,1.0,16.051666666666666,16.516666666666666,0.0,0.8883026123046875,0.8979706325658727,0.009547598287463188,18470.8,14.6,79.7,0.9409629629629629,0,0
60,1.5,1.5,1.5,0.375,PP,6,6,8,8,10,1.0,16.841666666666665,16.016666666666666,0.0,0.22944767475128175,0.23753567150666707,0.007974456064403057,5650.5,11.7,51.1,0.9621481481481482,0,0
60,1.5,1.5,1.5,0.375,PP,8,8,2,2,10,0.0,15.425,15.633333333333333,0.44084214096843405,600.0147609710693,600.033015153048,0.01814248915761709,3203863.5,32.1,386.4,0.7137777777777777,0,0
60,1.5,1.5,1.5,0.375,PP,8,8,4,4,10,1.0,15.908333333333335,16.03333333333333,2.004661042567731e-11,14.259004139900208,14.269709949150368,0.010597937181591988,186635.3,17.0,108.2,0.9198518518518519,0,0
60,1.5,1.5,1.5,0.375,PP,8,8,6,6,10,1.0,16.544999999999998,17.016666666666666,1.4217769972970958e-14,0.48630342483520506,0.49564455662734275,0.00923517271876335,10497.1,13.2,65.1,0.9517777777777778,0,0
60,1.5,1.5,1.5,0.375,PP,8,8,8,8,10,1.0,17.705000000000002,16.733333333333334,3.905798502362572e-14,0.10724039077758789,0.11605924581102837,0.008712354116141796,1342.5,9.5,33.5,0.9751851851851852,0,0
60,2.0,2.0,2.0,0.5,CHP,2,2,NA,NA,10,1.0,19.0,18.733333333333334,0.0,191.41727602481842,191.4306333500474,0.01324292030185461,1639976.3,21.6,174.0,0.8711111111111112,0,0
60,2.0,2.0,2.0,0.5,CHP,4,4,NA,NA,10,1.0,20.931666666666665,20.833333333333336,0.0,0.12069063186645508,0.12845070477647497,0.007651910558342934,2345.3,9.8,36.0,0.9733333333333333,0,0
60,2.0,2.0,2.0,0.5,CHP,6,6,NA,NA,10,1.0,23.066666666666666,23.166666666666668,3.231877849759632e-14,0.0215130090713501,0.028134975235939313,0.006528058648109436,97.0,6.3,14.6,0.9891851851851852,0,0
60,2.0,2.0,2.0,0.5,CHP,8,8,NA,NA,10,1.0,24.115000000000002,24.666666666666668,8.623875478379473e-14,0.011092495918273926,0.01805871736114731,0.006865833979099989,20.0,5.0,9.4,0.993037037037037,0,0
60,2.0,2.0,2.0,0.5,NP,NA,NA,1,1,10,0.0,19.66666665118922,19.008333333333333,0.7196104520408365,600.0194256067276,600.067965785449,0.0484265667386353,505296.3,60.0,1350.0,0.0,0,0
60,2.0,2.0,2.0,0.5,PP,2,2,2,2,10,0.0,19.468333333333334,19.375,0.5521645158995596,600.0137105226516,600.0387308970478,0.024888476729393004,1672438.3,36.2,491.2,0.6361481481481481,0,0
60,2.0,2.0,2.0,0.5,PP,2,2,4,4,10,0.3,19.081666666666667,18.833333333333336,0.1908031653157814,519.1116423845291,519.127652232653,0.01588001362979412,3809879.4,25.6,245.8,0.817925925925926,0,0
60,2.0,2.0,2.0,0.5,PP,2,2,6,6,10,0.7,19.0,18.733333333333334,0.04996419516418242,399.97718050479887,399.99127885466703,0.013983088452368975,3381515.5,23.2,201.8,0.8505185185185186,0,0
60,2.0,2.0,2.0,0.5,PP,2,2,8,8,10,0.9,19.0,18.733333333333334,0.01509786062116325,249.7086802005768,249.7207717137578,0.011976912338286638,2240233.2,22.0,180.4,0.8663703703703703,0,0
60,2.0,2.0,2.0,0.5,PP,4,4,2,2,10,0.0,19.708333333333336,19.65,0.5181420010550851,600.0122122049331,600.033982401293,0.021645075734704734,2310581.3,32.6,398.6,0.7047407407407407,0,0
60,2.0,2.0,2.0,0.5,PP,4,4,4,4,10,1.0,19.675,19.425,0.0,77.36442935466766,77.37633082843708,0.011779491230845452,1094583.7,19.2,138.2,0.8976296296296296,0,0
60,2.0,2.0,2.0,0.5,PP,4,4,6,6,10,1.0,20.098333333333333,19.833333333333332,0.0,2.107484483718872,2.117146918140005,0.009551586583256721,46727.9,14.9,83.0,0.9385185185185184,0,0
60,2.0,2.0,2.0,0.5,PP,4,4,8,8,10,1.0,20.283333333333335,20.4,4.013894103963794e-14,0.803792405128479,0.8118200592005065,0.00792689323425293,17770.2,13.0,63.4,0.953037037037037,0,0
60,2.0,2.0,2.0,0.5,PP,6,6,2,2,10,0.0,19.516666666666666,19.058333333333334,0.49507074324962047,600.0151892185211,600.0319091844622,0.01661325441673398,2421705.2,32.1,386.4,0.7137777777777777,0,0
60,2.0,2.0,2.0,0.5,PP,6,6,4,4,10,1.0,19.906666666666666,19.941666666666666,0.0,19.195652985572814,19.205912099779262,0.010144885908812285,280189.2,17.1,109.4,0.918962962962963,0,0
60,2.0,2.0,2.0,0.5,PP,6,6,6,6,10,1.0,20.381666666666668,20.4,0.0,0.6884065866470337,0.6964844616757402,0.007971895486116409,18985.8,12.8,61.3,0.9545925925925927,0,0
60,2.0,2.0,2.0,0.5,PP,6,6,8,8,10,1.0,20.96333333333333,21.233333333333334,3.3061719314460536e-14,0.13770406246185302,0.14535924148890803,0.007550098840147257,2723.1,10.0,37.3,0.9723703703703703,0,0
60,2.0,2.0,2.0,0.5,PP,8,8,2,2,10,0.0,19.57,19.058333333333334,0.4869532739780711,600.0168819189072,600.0375383256206,0.020542073622345926,2478664.4,32.0,384.0,0.7155555555555555,0,0
60,2.0,2.0,2.0,0.5,PP,8,8,4,4,10,1.0,20.215,20.333333333333332,0.0,18.311695718765257,18.32239184572251,0.01057459255680442,280109.3,16.4,100.8,0.9253333333333333,0,0
60,2.0,2.0,2.0,0.5,PP,8,8,6,6,10,1.0,20.77,21.141666666666666,1.9599084401518132e-14,0.6676554441452026,0.6756309214726788,0.00787131004035473,17171.0,12.4,57.6,0.9573333333333334,0,0
60,2.0,2.0,2.0,0.5,PP,8,8,8,8,10,1.0,21.21333333333333,21.308333333333334,3.3423581929911384e-14,0.09688658714294433,0.10490957637287002,0.007907995022833347,1717.1,9.0,30.4,0.9774814814814814,0,0
60,2.5,2.5,2.5,0.625,CHP,2,2,NA,NA,10,1.0,21.781666666666666,22.125,1.7858435231341744e-14,6.475171828269959,6.485005109091254,0.009708466473966837,105537.0,15.4,88.6,0.9343703703703703,0,0
60,2.5,2.5,2.5,0.625,CHP,4,4,NA,NA,10,1.0,22.375,22.25,1.5967125938237717e-14,0.06367621421813965,0.07136826043378076,0.00758240120485425,787.8,7.8,22.9,0.9830370370370372,0,0
60,2.5,2.5,2.5,0.625,CHP,6,6,NA,NA,10,1.0,23.553333333333335,23.4,2.846073237241372e-14,0.013231468200683594,0.020203591684199284,0.006865663174539805,51.2,5.1,9.8,0.9927407407407408,0,0
60,2.5,2.5,2.5,0.625,CHP,8,8,NA,NA,10,1.0,24.916666666666664,24.71666666666667,6.145827600999001e-14,0.009971690177917481,0.017103889990729617,0.007015187945216894,1.0,4.1,6.3,0.9953333333333333,0,0
60,2.5,2.5,2.5,0.625,NP,NA,NA,1,1,10,0.0,22.776666666666664,22.71666666666667,0.7117272290363397,600.017516875267,600.0666730929061,0.049037379678338766,438923.2,60.0,1350.0,0.0,0,0
60,2.5,2.5,2.5,0.625,PP,2,2,2,2,10,0.0,21.919999999999998,22.566666666666666,0.47795968514647863,600.0140865802765,600.0399012346357,0.02568036047741771,1874929.0,34.6,448.9,0.6674814814814816,0,0
60,2.5,2.5,2.5,0.625,PP,2,2,4,4,10,0.7,21.781666666666666,22.125,0.037502420937246705,270.08698253631593,270.09991876848403,0.012816011533141136,2433143.9,21.9,180.3,0.8664444444444446,0,0
60,2.5,2.5,2.5,0.625,PP,2,2,6,6,10,1.0,21.781666666666666,22.125,0.0,35.59754478931427,35.610000035713334,0.012333117052912712,367422.3,18.3,125.7,0.9068888888888889,0,0
60,2.5,2.5,2.5,0.625,PP,2,2,8,8,10,1.0,21.781666666666666,22.125,0.0,12.88691508769989,12.898250715368263,0.01121036261320114,172836.3,17.0,108.4,0.9197037037037037,0,0
60,2.5,2.5,2.5,0.625,PP,4,4,2,2,10,0.0,22.216666666666665,22.683333333333334,0.46294381310096655,600.0129303693772,600.0342398566031,0.02118720281869173,2246777.5,32.3,391.3,0.7101481481481481,0,0
60,2.5,2.5,2.5,0.625,PP,4,4,4,4,10,1.0,21.97,22.108333333333334,0.0,36.92556023597717,36.93672253587241,0.011041098367422819,590704.4,18.1,122.8,0.9090370370370371,0,0
60,2.5,2.5,2.5,0.625,PP,4,4,6,6,10,1.0,22.151666666666664,22.108333333333334,0.0,1.368324303627014,1.3778441330285705,0.00940269073471427,32796.3,13.7,70.2,0.9480000000000001,0,0
60,2.5,2.5,2.5,0.625,PP,4,4,8,8,10,1.0,22.226666666666667,22.25,1.8210706271197074e-14,0.2788722515106201,0.28708858080208144,0.008103913720697164,7389.6,10.9,44.9,0.9667407407407408,0,0
60,2.5,2.5,2.5,0.625,PP,6,6,2,2,10,0.0,22.259999999999998,22.30833333333333,0.449524860021765,600.015229344368,600.0343538389467,0.01900783469900489,2448291.7,32.0,384.0,0.7155555555555555,0,0
60,2.5,2.5,2.5,0.625,PP,6,6,4,4,10,1.0,22.2,22.333333333333332,0.0,21.798235654830933,21.808386815934977,0.01003327714279294,306183.8,16.7,104.6,0.9225185185185186,0,0
60,2.5,2.5,2.5,0.625,PP,6,6,6,6,10,1.0,22.625,22.666666666666664,1.472992797495783e-14,0.6423064470291138,0.6510510678965089,0.008628694154322148,15442.5,12.5,58.5,0.9566666666666667,0,0
60,2.5,2.5,2.5,0.625,PP,6,6,8,8,10,1.0,22.848333333333333,22.833333333333332,4.124068187627236e-14,0.11729972362518311,0.1252266402978362,0.007815724145621062,2483.4,9.1,31.1,0.976962962962963,0,0
60,2.5,2.5,2.5,0.625,PP,8,8,2,2,10,0.0,22.168333333333333,22.30833333333333,0.440217372967808,600.0130486011506,600.0323591706117,0.01919430699199438,2447278.9,32.0,384.0,0.7155555555555555,0,0
60,2.5,2.5,2.5,0.625,PP,8,8,4,4,10,1.0,22.253333333333334,22.333333333333332,0.0,14.388242077827453,14.398784710402348,0.010429827962070704,206059.4,16.1,97.2,0.9279999999999999,0,0
60,2.5,2.5,2.5,0.625,PP,8,8,6,6,10,1.0,22.72833333333333,22.691666666666666,2.4219145289561492e-14,0.33279101848602294,0.3411603170591306,0.008262855745851994,8984.2,12.1,54.9,0.9593333333333334,0,0
60,2.5,2.5,2.5,0.625,PP,8,8,8,8,10,1.0,23.121666666666666,23.175,5.414474340396197e-14,0.08922843933105469,0.09664219353636308,0.007306408695876598,1137.4,8.1,24.6,0.9817777777777777,0,0
80,0.5,0.5,0.5,0.125,CHP,2,2,NA,NA,10,0.6,3.7112474925881807,3.674998254866779,0.06732162423276106,302.22522885799407,302.2693472131415,0.04399847406893968,1329858.1,57.1,1228.0,0.4883333333333333,0,0
80,0.5,0.5,0.5,0.125,CHP,4,4,NA,NA,10,0.9,3.9012499899958057,3.725,0.008620495322878024,78.2396137714386,78.27248917003176,0.032753799203783275,530345.7,45.4,771.2,0.6786666666666666,0,0
80,0.5,0.5,0.5,0.125,CHP,6,6,NA,NA,10,1.0,4.753749998796225,4.48125,0.0,2.957156014442444,2.9799401773067986,0.022655248828232288,24757.4,35.1,459.8,0.8084166666666667,0,0
80,0.5,0.5,0.5,0.125,CHP,8,8,NA,NA,10,1.0,5.919999993750016,5.324999999999999,0.0,0.35550408363342284,0.37492681960859897,0.019298854190856217,2272.0,29.3,319.1,0.8670416666666666,0,0
80,0.5,0.5,0.5,0.125,NP,NA,NA,1,1,10,0.4,3.8199999796723603,3.7624999980370433,0.19030124505689688,432.3599781751633,432.4398342825707,0.07973003406077624,1165355.9,80.0,2400.0,0.0,0,0
80,0.5,0.5,0.5,0.125,PP,2,2,2,2,10,0.6,3.7387472250913576,3.643737704601267,0.10075617579879259,334.3412970304489,334.39095017328435,0.04952917275950312,1306186.0,62.5,1468.2,0.38825000000000004,4,0
80,0.5,0.5,0.5,0.125,PP,2,2,4,4,10,0.6,3.711247841960367,3.675,0.0675539059645056,293.6979022502899,293.75311979631687,0.055084066651761535,1251722.3,57.6,1249.9,0.47920833333333335,4,0
80,0.5,0.5,0.5,0.125,PP,2,2,6,6,10,0.6,3.7112474862846434,3.674998254866779,0.06729017142864521,300.8216130256653,300.8668118229882,0.04507376067340374,1332959.4,57.2,1232.3,0.48654166666666665,4,0
80,0.5,0.5,0.5,0.125,PP,2,2,8,8,10,0.6,3.7112475032048247,3.674998254866779,0.06742193463291195,300.45111589431764,300.49702027039433,0.045772289484739305,1321477.8,57.1,1228.0,0.4883333333333333,4,0
80,0.5,0.5,0.5,0.125,PP,4,4,2,2,10,0.6,3.771249984990211,3.6125,0.06445074221629482,265.738526725769,265.7832307203638,0.044567125756293534,1155135.0,55.8,1169.1,0.512875,4,0
80,0.5,0.5,0.5,0.125,PP,4,4,4,4,10,0.9,3.8624999883851174,3.69375,0.008620021934971266,91.33894822597503,91.37272615691364,0.03365692095831037,607274.5,47.1,831.7,0.6534583333333333,4,0
80,0.5,0.5,0.5,0.125,PP,4,4,6,6,10,0.9,3.86249927308009,3.725,0.008521873283871632,88.9432532787323,88.9782410116463,0.03485712809488177,618621.0,45.9,789.6,0.671,4,0
80,0.5,0.5,0.5,0.125,PP,4,4,8,8,10,0.9,3.9012499899958057,3.725,0.008536125910814372,78.38674354553223,78.42030398560948,0.03343299413099885,542337.1,45.4,771.2,0.6786666666666666,4,0
80,0.5,0.5,0.5,0.125,PP,6,6,2,2,10,0.9,3.8487495615675527,3.6875,0.02527656866369003,162.24599928855895,162.28552141213405,0.039388428814709185,801401.1,50.7,963.9,0.5983750000000001,4,0
80,0.5,0.5,0.5,0.125,PP,6,6,4,4,10,1.0,4.24,4.106249999999999,0.0,14.719917583465577,14.750428681835064,0.030373681243509053,86680.4,39.0,570.5,0.7622916666666667,4,0
80,0.5,0.5,0.5,0.125,PP,6,6,6,6,10,1.0,4.468749998796225,4.2375,0.0,7.740478539466858,7.76484862189199,0.024243042152374984,67332.6,36.3,492.5,0.7947916666666667,4,0
80,0.5,0.5,0.5,0.125,PP,6,6,8,8,10,1.0,4.5499999979778085,4.35625,0.0,6.263716387748718,6.289344516689306,0.02549421740695834,46268.0,35.7,476.5,0.8014583333333333,4,0
80,0.5,0.5,0.5,0.125,PP,8,8,2,2,10,0.9,3.952499511851793,3.8187499999999996,0.025240998259736774,113.92016744613647,113.95726339319529,0.036965448223054406,620996.2,48.9,896.1,0.626625,4,0
80,0.5,0.5,0.5,0.125,PP,8,8,4,4,10,1.0,4.5174999874999955,4.324999999999999,0.0,5.303145337104797,5.326708426488061,0.023438131529837848,21586.1,35.6,475.6,0.8018333333333333,4,0
80,0.5,0.5,0.5,0.125,PP,8,8,6,6,10,1.0,5.044999982074669,4.775,0.0,1.315559697151184,1.3346892962360877,0.019013490807265044,12614.5,31.4,368.7,0.8463749999999999,4,0
80,0.5,0.5,0.5,0.125,PP,8,8,8,8,10,1.0,5.284999899794079,5.05625,0.0,0.4397773742675781,0.45725631059045,0.017361467331647874,3572.0,30.4,345.5,0.8560416666666667,4,0
80,1.0,1.0,1.0,0.25,CHP,2,2,NA,NA,10,0.0,13.2775,12.76875,0.5606587231729373,600.0137742519379,600.043215796127,0.029326650127768517,1816233.7,43.8,716.3,0.7015416666666667,0,0
80,1.0,1.0,1.0,0.25,CHP,4,4,NA,NA,10,0.6,13.139998785527984,11.95625,0.09968540433799197,316.4078520536423,316.42424022014785,0.01626812107861042,2514594.5,27.2,275.9,0.8850416666666666,0,0
80,1.0,1.0,1.0,0.25,CHP,6,6,NA,NA,10,0.9,14.548750000000002,14.9125,0.018133553610022845,62.35079333782196,62.36115615279342,0.010257595218718052,828989.6,18.8,130.2,0.94575,0,0
80,1.0,1.0,1.0,0.25,CHP,8,8,NA,NA,10,1.0,16.915,16.59375,1.0993346679812474e-13,0.13223810195922853,0.1413107207331517,0.008968407195061446,1995.4,13.4,65.1,0.9728749999999999,0,0
80,1.0,1.0,1.0,0.25,NP,NA,NA,1,1,10,0.0,14.21999995667097,13.54999978335485,0.7458680854105018,600.037862277031,600.1233199017779,0.08533271448686719,537344.5,80.0,2400.0,0.0,0,0
80,1.0,1.0,1.0,0.25,PP,2,2,2,2,10,0.0,13.777499922809834,13.406249642469572,0.6701044502054382,600.0217672824859,600.0631083507049,0.04122085450217128,1137280.3,54.6,1116.7,0.5347083333333333,0,0
80,1.0,1.0,1.0,0.25,PP,2,2,4,4,10,0.0,13.192499957276286,12.71875,0.591528369831601,600.0196560621262,600.0515255628637,0.03174988869577646,1600712.8,46.0,792.0,0.67,0,0
80,1.0,1.0,1.0,0.25,PP,2,2,6,6,10,0.0,13.41625,12.76875,0.5716722053488844,600.0174846172333,600.0451439580877,0.027549394685775042,1737256.7,44.0,723.2,0.6986666666666667,0,0
80,1.0,1.0,1.0,0.25,PP,2,2,8,8,10,0.0,13.2775,12.76875,0.5593964450533286,600.0184695005416,600.0494189813534,0.03082264894619584,1916471.8,43.8,716.3,0.7015416666666667,0,0
80,1.0,1.0,1.0,0.25,PP,4,4,2,2,10,0.0,13.39,12.806249999999999,0.6166233281029655,600.016210603714,600.0540991318029,0.03776069041341543,1516012.0,48.4,878.1,0.634125,0,0
80,1.0,1.0,1.0,0.25,PP,4,4,4,4,10,0.0,13.475,12.2375,0.43116697502116896,600.0126903057098,600.0345704206709,0.021756838355213404,3623775.6,33.7,423.5,0.8235416666666667,0,0
80,1.0,1.0,1.0,0.25,PP,4,4,6,6,10,0.0,13.251249916640091,12.31875,0.2633293618238359,600.0129912614823,600.0316748564516,0.018562860880047084,4820637.3,29.7,328.6,0.8630833333333333,0,0
80,1.0,1.0,1.0,0.25,PP,4,4,8,8,10,0.4,13.139998785527984,12.04375,0.15026151840938853,488.7169667005539,488.7336059026584,0.016527645103633404,4222544.9,28.0,292.9,0.8779583333333333,0,0
80,1.0,1.0,1.0,0.25,PP,6,6,2,2,10,0.0,13.721250000000001,12.46875,0.5915525224073732,600.0189325094223,600.0497022274261,0.030647741351276635,1799250.6,45.6,778.6,0.6755833333333333,0,0
80,1.0,1.0,1.0,0.25,PP,6,6,4,4,10,0.3,13.686250000000001,13.0,0.24033076062220154,535.8707495212554,535.8873168934249,0.016453127004206182,4078623.9,29.1,315.1,0.8687083333333334,0,0
80,1.0,1.0,1.0,0.25,PP,6,6,6,6,10,0.9,13.88625,13.1375,0.023829490983451686,137.12192261219025,137.13520508169967,0.01315974723547697,1522860.9,23.6,205.9,0.9142083333333334,0,0
80,1.0,1.0,1.0,0.25,PP,6,6,8,8,10,0.9,13.873750000000001,13.287500000000001,0.024240512008933214,74.13319890499115,74.14647564472499,0.013166627753525973,1038334.8,21.4,169.3,0.9294583333333334,0,0
80,1.0,1.0,1.0,0.25,PP,8,8,2,2,10,0.0,13.938748816604615,13.12499998901368,0.5647149338526904,600.0302538633347,600.0598415142038,0.0294687214307487,2113740.1,43.7,715.8,0.70175,0,0
80,1.0,1.0,1.0,0.25,PP,8,8,4,4,10,0.7,13.936250000000001,13.04375,0.08947246800049444,310.1427997350693,310.156339263192,0.013432730827480555,2659742.4,25.7,247.6,0.8968333333333334,0,0
80,1.0,1.0,1.0,0.25,PP,8,8,6,6,10,1.0,14.525,14.2375,0.0,20.572366070747375,20.58499093819777,0.0125101026147604,199332.3,20.1,151.0,0.9370833333333334,0,0
80,1.0,1.0,1.0,0.25,PP,8,8,8,8,10,1.0,14.346250000000001,13.85,3.327187116548762e-14,3.205868697166443,3.216658475497377,0.010672795306891202,33722.8,17.3,111.5,0.9535416666666666,0,0
80,1.5,1.5,1.5,0.375,CHP,2,2,NA,NA,10,0.0,21.69625,21.268749999999997,0.46934262944162874,600.0162545919418,600.0391406591025,0.022756689600646494,2695425.6,33.7,430.3,0.8207083333333334,0,0
80,1.5,1.5,1.5,0.375,CHP,4,4,NA,NA,10,0.9,22.53125,22.3875,0.006840613412973842,100.17965950965882,100.19001218596588,0.010236541647464037,1022999.3,17.5,116.2,0.9515833333333333,0,0
80,1.5,1.5,1.5,0.375,CHP,6,6,NA,NA,10,1.0,25.138749999999998,25.40625,2.098833927168296e-14,0.14990034103393554,0.15735280697474419,0.007352799642831087,2917.6,10.4,40.3,0.9832083333333334,0,0
80,1.5,1.5,1.5,0.375,CHP,8,8,NA,NA,10,1.0,28.30625,27.674999999999997,9.264174117983707e-14,0.034283566474914554,0.04163320451512613,0.007246186584234237,129.7,7.1,18.7,0.9922083333333334,0,0
80,1.5,1.5,1.5,0.375,NP,NA,NA,1,1,10,0.0,23.095,22.79375,0.808053849596663,600.0586088180542,600.1452676809496,0.08652935354039074,393926.2,80.0,2400.0,0.0,0,0
80,1.5,1.5,1.5,0.375,PP,2,2,2,2,10,0.0,22.56875,21.625,0.7259490379587631,600.0143349170685,600.0533637153208,0.03890138864517212,934725.7,50.3,949.1,0.6045416666666666,0,0
80,1.5,1.5,1.5,0.375,PP,2,2,4,4,10,0.0,21.9525,21.48125,0.6031331611745643,600.015812921524,600.0375584996241,0.021632876060903073,2054533.0,38.2,549.3,0.7711250000000001,0,0
80,1.5,1.5,1.5,0.375,PP,2,2,6,6,10,0.0,21.861250000000002,21.7125,0.5276971427301718,600.0137637853622,600.034509763676,0.020627922005951406,2344659.5,34.9,458.9,0.8087916666666667,0,0
80,1.5,1.5,1.5,0.375,PP,2,2,8,8,10,0.0,21.884999999999998,21.8375,0.48735942028461865,600.0175965070724,600.0379348922982,0.020219887793064117,2617642.0,34.0,437.5,0.8177083333333334,0,0
80,1.5,1.5,1.5,0.375,PP,4,4,2,2,10,0.0,22.7,22.549999999999997,0.6935545020062331,600.0185042858124,600.0501034548184,0.03147046249359846,1267205.5,44.3,735.5,0.6935416666666667,0,0
80,1.5,1.5,1.5,0.375,PP,4,4,4,4,10,0.0,22.38125,22.0125,0.3941325184382207,600.0111665964126,600.0287269548473,0.01743362648412585,4241241.5,28.0,294.2,0.8774166666666666,0,0
80,1.5,1.5,1.5,0.375,PP,4,4,6,6,10,0.7,21.925,21.94375,0.06779866968842173,367.1125938415527,367.12523344485174,0.012523949146270752,3738085.0,23.1,200.2,0.9165833333333333,0,0
80,1.5,1.5,1.5,0.375,PP,4,4,8,8,10,0.8,22.1225,21.70625,0.026135551685575666,161.18854830265045,161.2013861470329,0.01272127628326416,1795903.7,20.1,151.9,0.9367083333333334,0,0
80,1.5,1.5,1.5,0.375,PP,6,6,2,2,10,0.0,22.595,21.775,0.6812807575205462,600.0134317874908,600.0392752050133,0.025729854218661787,1359538.8,42.4,674.1,0.719125,0,0
80,1.5,1.5,1.5,0.375,PP,6,6,4,4,10,0.0,22.5275,21.78125,0.29416155214570494,600.0111212968826,600.0250210871429,0.013780834525823593,6608449.2,24.3,221.9,0.9075416666666667,0,0
80,1.5,1.5,1.5,0.375,PP,6,6,6,6,10,1.0,22.94125,22.674999999999997,1.5589521340359946e-10,40.783638095855714,40.794769264941145,0.011009837128221988,602716.9,18.3,125.7,0.947625,0,0
80,1.5,1.5,1.5,0.375,PP,6,6,8,8,10,1.0,23.4925,22.85,5.059604175398922e-15,5.141223430633545,5.151594275860055,0.01024634689092636,81428.2,15.5,90.4,0.9623333333333333,0,0
80,1.5,1.5,1.5,0.375,PP,8,8,2,2,10,0.0,22.238749390987653,21.9625,0.6673433177112843,600.0208056211471,600.0465493994996,0.02562917908653617,1506675.3,41.4,642.6,0.73225,0,0
80,1.5,1.5,1.5,0.375,PP,8,8,4,4,10,0.0,22.87625,22.481250000000003,0.2106131076992674,600.0110876560211,600.0241979002719,0.012988558877259493,7513557.1,22.3,186.4,0.9223333333333332,0,0
80,1.5,1.5,1.5,0.375,PP,8,8,6,6,10,1.0,23.86375,23.8,0.0,10.817346119880677,10.826830821007944,0.009378392528742552,161802.8,17.0,108.5,0.9547916666666666,0,0
80,1.5,1.5,1.5,0.375,PP,8,8,8,8,10,1.0,24.63625,24.44375,2.4393051024484236e-14,1.089200210571289,1.0983026240168194,0.008987613581120968,23908.1,13.3,66.1,0.9724583333333333,0,0
80,2.0,2.0,2.0,0.5,CHP,2,2,NA,NA,10,0.2,25.121249999999996,25.456249999999997,0.201326783800123,546.7773393154145,546.7908960398428,0.013443263247609138,4301185.3,26.3,256.9,0.8929583333333333,0,0
80,2.0,2.0,2.0,0.5,CHP,4,4,NA,NA,10,1.0,25.723750000000003,26.200000000000003,1.3831214553135235e-14,7.847069573402405,7.857843459079623,0.010656473785638809,125452.3,13.2,62.3,0.9740416666666667,0,0
80,2.0,2.0,2.0,0.5,CHP,6,6,NA,NA,10,1.0,27.93,27.7375,9.475708002050255e-14,0.03703384399414063,0.04582538437311611,0.008670945931226016,190.3,6.9,17.4,0.99275,0,0
80,2.0,2.0,2.0,0.5,CHP,8,8,NA,NA,10,1.0,30.27125,30.8625,5.0262985482932534e-14,0.022590494155883788,0.03008349352321839,0.007383859064429998,21.8,5.0,9.5,0.9960416666666667,0,0
80,2.0,2.0,2.0,0.5,NP,NA,NA,1,1,10,0.0,26.155,26.11875,0.8076893380297727,600.0261875391006,600.1126934129619,0.08638145569711923,248304.7,80.0,2400.0,0.0,0,0
80,2.0,2.0,2.0,0.5,PP,2,2,2,2,10,0.0,26.0375,25.94375,0.7135542284673789,600.020055270195,600.0576924785039,0.03750737281516194,1026912.6,47.8,856.1,0.6432916666666666,0,0
80,2.0,2.0,2.0,0.5,PP,2,2,4,4,10,0.0,25.47,25.25625,0.4736489877364403,600.0142999649048,600.0332545965002,0.018839208129793405,2694779.6,32.6,397.8,0.8342499999999999,0,0
80,2.0,2.0,2.0,0.5,PP,2,2,6,6,10,0.0,25.35,25.7125,0.352436623192077,600.0114641904831,600.0294316409233,0.017845774069428444,3607665.5,29.3,320.1,0.866625,0,0
80,2.0,2.0,2.0,0.5,PP,2,2,8,8,10,0.0,25.17625,25.675,0.26351740729755,600.0114842176438,600.0314863572088,0.01987030738964677,4398690.6,27.4,279.0,0.88375,0,0
80,2.0,2.0,2.0,0.5,PP,4,4,2,2,10,0.0,25.83625,25.9125,0.6777124287673593,600.0158208847046,600.0462258801517,0.03028033981099725,1244127.1,43.1,696.0,0.71,0,0
80,2.0,2.0,2.0,0.5,PP,4,4,4,4,10,0.0,25.5925,25.95625,0.2977512614345502,600.0121800899506,600.0259769000749,0.013683792017400265,5151452.3,25.3,238.4,0.9006666666666666,0,0
80,2.0,2.0,2.0,0.5,PP,4,4,6,6,10,0.9,25.447499999999998,25.95625,0.013271928113181786,161.39411504268645,161.40667261256885,0.01242938982322812,2088998.2,20.0,148.6,0.9380833333333334,0,0
80,2.0,2.0,2.0,0.5,PP,4,4,8,8,10,1.0,25.521250000000002,26.09375,0.0,31.011506938934325,31.02304844766304,0.011415809579193591,550642.7,17.4,111.5,0.9535416666666666,0,0
80,2.0,2.0,2.0,0.5,PP,6,6,2,2,10,0.0,25.951249999999998,26.1625,0.673033890113216,600.0117838859558,600.0422591029443,0.030343396123498678,1339821.9,41.0,630.3,0.737375,0,0
80,2.0,2.0,2.0,0.5,PP,6,6,4,4,10,0.1,25.94875,25.85,0.20267196315077154,595.0709880828857,595.0845446502997,0.013436709251254796,7122996.5,21.8,178.0,0.9258333333333333,0,0
80,2.0,2.0,2.0,0.5,PP,6,6,6,6,10,1.0,26.463749999999997,26.4625,0.0,29.10642213821411,29.116640084192746,0.010105814132839442,556864.0,16.8,105.8,0.9559166666666666,0,0
80,2.0,2.0,2.0,0.5,PP,6,6,8,8,10,1.0,26.55625,26.3625,2.4764127534879048e-14,1.4211866855621338,1.4303954333003988,0.009095339756458997,31990.7,13.4,67.2,0.9720000000000001,0,0
80,2.0,2.0,2.0,0.5,PP,8,8,2,2,10,0.0,25.9775,26.1625,0.6734560712536719,600.012806892395,600.0402016411208,0.027271091286092997,1441952.4,40.4,612.1,0.7449583333333333,0,0
80,2.0,2.0,2.0,0.5,PP,8,8,4,4,10,0.2,25.903750000000002,25.875,0.14714578596617672,592.3168548107147,592.3299162449146,0.01293112589046359,7928299.7,20.7,160.8,0.933,0,0
80,2.0,2.0,2.0,0.5,PP,8,8,6,6,10,1.0,26.50625,26.512500000000003,5.936649489379428e-15,10.554685020446778,10.564944299480263,0.010145838931202888,150926.9,16.2,98.4,0.959,0,0
80,2.0,2.0,2.0,0.5,PP,8,8,8,8,10,1.0,26.783749999999998,27.137500000000003,1.0290994844718338e-14,0.4935664176940918,0.5020302185578017,0.008355278056114912,14742.4,12.4,57.7,0.9759583333333334,0,0
80,2.5,2.5,2.5,0.625,CHP,2,2,NA,NA,10,1.0,28.6375,28.375,1.980535062567603e-14,51.97654631137848,51.988142254435175,0.011479628272354603,678271.8,19.5,141.5,0.9410416666666667,0,0
80,2.5,2.5,2.5,0.625,CHP,4,4,NA,NA,10,1.0,29.5925,28.74375,2.41982676340789e-14,0.055169868469238284,0.06276142614615245,0.007485540583729744,430.3,7.5,20.6,0.9914166666666666,0,0
80,2.5,2.5,2.5,0.625,CHP,6,6,NA,NA,10,1.0,30.201249999999998,29.4625,3.296201953769489e-14,0.017476749420166016,0.024513585405130912,0.0069394719786942,26.8,5.4,10.7,0.9955416666666667,0,0
80,2.5,2.5,2.5,0.625,CHP,8,8,NA,NA,10,1.0,31.11875,31.912499999999998,7.705863442054576e-14,0.009047579765319825,0.01576374061548257,0.006624589115381241,1.0,4.5,7.6,0.9968333333333333,0,0
80,2.5,2.5,2.5,0.625,NP,NA,NA,1,1,10,0.0,29.615,29.3875,0.7984786037003138,600.0263625144959,600.1162825105672,0.08978808168321847,181773.9,80.0,2400.0,0.0,0,0
80,2.5,2.5,2.5,0.625,PP,2,2,2,2,10,0.0,29.19625,28.94375,0.6500119814041561,600.0126325130462,600.046259934729,0.03349728975445032,1208021.5,45.5,776.3,0.6765416666666667,0,0
80,2.5,2.5,2.5,0.625,PP,2,2,4,4,10,0.0,28.924999961358196,28.74375,0.32558831470646027,600.0159603834152,600.0332363271575,0.017152487207204102,4053833.9,28.8,310.1,0.8707916666666666,0,0
80,2.5,2.5,2.5,0.625,PP,2,2,6,6,10,0.6,28.59375,28.512500000000003,0.0678993201061834,370.2149843215942,370.2300964465807,0.014994054846465588,3698358.4,23.9,213.4,0.9110833333333334,0,0
80,2.5,2.5,2.5,0.625,PP,2,2,8,8,10,0.9,28.6375,28.375,0.008264889715378285,181.46478786468506,181.4776054041031,0.01270003877580166,1849994.8,21.9,179.2,0.9253333333333333,0,0
80,2.5,2.5,2.5,0.625,PP,4,4,2,2,10,0.0,29.277499999999996,29.175,0.6314540969925033,600.0123231172562,600.0422792674448,0.029830859135836364,1457766.8,41.8,655.0,0.7270833333333333,0,0
80,2.5,2.5,2.5,0.625,PP,4,4,4,4,10,0.2,28.79,28.425,0.12956888625412974,587.7569171190262,587.7697331307493,0.012698355596512556,7686922.5,22.6,191.2,0.9203333333333333,0,0
80,2.5,2.5,2.5,0.625,PP,4,4,6,6,10,1.0,28.94375,28.7375,2.5468144819201503e-14,16.3735023021698,16.383141819376966,0.009535122010856868,303430.6,17.1,109.3,0.9544583333333334,0,0
80,2.5,2.5,2.5,0.625,PP,4,4,8,8,10,1.0,29.097500000000004,28.7375,2.1968996337547527e-14,1.464613914489746,1.4727661420608154,0.008055463805794716,36424.4,14.3,76.7,0.9680416666666666,0,0
80,2.5,2.5,2.5,0.625,PP,6,6,2,2,10,0.0,29.25625,28.9375,0.6352536661167896,600.0151822566986,600.0407009869488,0.02540579568594694,1641635.0,41.0,630.2,0.7374166666666667,0,0
80,2.5,2.5,2.5,0.625,PP,6,6,4,4,10,0.5,28.807499999999997,28.425,0.06402129420893529,532.1998035192489,532.2110464849045,0.011132665537297725,8069984.0,21.2,168.3,0.929875,0,0
80,2.5,2.5,2.5,0.625,PP,6,6,6,6,10,1.0,29.005000000000003,28.7375,5.240660471648416e-15,6.979516649246216,6.989018715826771,0.009393433760851621,129156.7,16.6,103.2,0.9570000000000001,0,0
80,2.5,2.5,2.5,0.625,PP,6,6,8,8,10,1.0,29.19875,28.7375,3.95548704623239e-14,0.6718919992446899,0.6809356029212746,0.008939700946211816,20022.5,13.0,63.3,0.973625,0,0
80,2.5,2.5,2.5,0.625,PP,8,8,2,2,10,0.0,29.23,28.69375,0.6327626651561464,600.0094110012054,600.0349318190031,0.025406492035835983,1611248.1,40.4,612.1,0.7449583333333333,0,0
80,2.5,2.5,2.5,0.625,PP,8,8,4,4,10,0.7,28.9475,28.49375,0.037416974981893655,499.81517164707185,499.8274782563747,0.01218198761343956,8024223.8,20.4,156.1,0.9349583333333333,0,0
80,2.5,2.5,2.5,0.625,PP,8,8,6,6,10,1.0,29.247500000000002,28.96875,0.0,6.422403264045715,6.431788222750572,0.009279660508036613,123402.9,16.1,97.2,0.9594999999999999,0,0
80,2.5,2.5,2.5,0.625,PP,8,8,8,8,10,1.0,29.338749999999997,28.7875,3.666257226229582e-14,0.5368453025817871,0.5469391255661948,0.009983560722321271,16776.9,12.4,57.7,0.9759583333333334,0,0
